Gene,Mutation,Protein_Position,UniProt_ID,Label,Structure_pLDDT,Local_Mean_pLDDT,Neighbor_Count_8A,Mean_Neighbor_Distance_8A,Mean_Neighbor_pLDDT
MUC4,T1022A,1022.0,Q99102,1,87.88,83.63636363636364,8,5.269199854248141,85.55375000000001
MUC4,T612M,612.0,Q99102,1,95.69000000000001,93.98909090909092,14,6.352370061311807,94.0
RN213,G180R,180.0,Q63HN8,1,97.25,96.51181818181817,8,5.1033626539056804,96.735
FAT3,V1010A,1010.0,Q8TDW7,1,93.31000000000002,92.51636363636364,12,5.727092859975208,92.96333333333332
AKAP9,A15V,15.0,Q99996,1,71.12,70.94545454545455,8,5.101103867758427,69.97999999999999
CSMD3,S254I,254.0,Q7Z407,1,79.56,72.20636363636365,10,5.763714273543169,78.248
CSMD3,R10P,10.0,Q7Z407,1,28.25,35.02090909090909,4,5.231317975204464,30.435000000000002
CSMD3,C704W,704.0,Q7Z407,1,70.69,69.28181818181817,16,5.757214578083822,71.89875
CSMD3,C664W,664.0,Q7Z407,1,72.25,70.9709090909091,16,6.105737684558278,73.163125
NBEA,V273D,273.0,Q8NFP9,1,93.31,93.69272727272727,8,5.1219629898846115,93.67125
NBEA,A427T,427.0,Q8NFP9,1,42.19,52.53363636363636,8,5.788364603517986,45.43000000000001
NBEA,G409A,409.0,Q8NFP9,1,95.12,91.7209090909091,14,5.996272231266561,94.13857142857144
NBEA,T639I,639.0,Q8NFP9,1,95.37999999999998,92.91545454545454,12,5.789338564648972,94.42666666666666
NBEA,S621F,621.0,Q8NFP9,1,96.25,92.4818181818182,13,6.382769573821545,96.08076923076925
NBEA,M121V,121.0,Q8NFP9,1,95.5,94.84818181818181,7,5.653851582756036,96.31428571428572
NBEA,M173T,173.0,Q8NFP9,1,96.44,94.72272727272728,15,6.4683949021007665,95.82999999999998
NBEA,P57R,57.0,Q8NFP9,1,84.62,88.66999999999999,8,5.556358655467268,89.56375
NF1,L508H,508.0,P21359,1,92.44,85.45454545454545,12,6.069087058390324,91.30666666666667
NF1,V530I,530.0,P21359,1,91.38,90.46727272727273,11,6.039235901636385,91.83545454545452
NF1,V212L,212.0,P21359,1,98.43999999999998,97.42727272727275,11,5.668075644250719,97.5009090909091
NF1,S340F,340.0,P21359,1,82.69,86.1309090909091,8,5.70711199174886,85.23375000000001
NF1,E540Q,540.0,P21359,1,91.31,89.23818181818181,7,5.3984900391359245,92.82142857142857
NF1,L43V,43.0,P21359,1,95.94,93.56454545454545,14,6.126928563364094,94.09071428571428
NF1,P115L,115.0,P21359,1,93.93999999999998,92.52272727272727,9,5.64031891638619,92.47222222222223
NF1,N78Y,78.0,P21359,1,91.81,90.72090909090909,11,5.237484792678185,90.23727272727272
NF1,L552F,552.0,P21359,1,92.94,91.98818181818181,10,5.611789775219594,93.106
NF1,D283Y,283.0,P21359,1,93.75,92.2381818181818,10,5.663599334104224,92.937
NF1,D301H,301.0,P21359,1,95.38,96.33545454545452,8,5.144309125091942,96.36
NF1,E19G,19.0,P21359,1,93.88,94.09727272727274,8,5.463835038456276,93.57124999999999
NF1,A219V,219.0,P21359,1,98.56,98.19363636363637,15,5.898600505831529,98.03333333333333
NF1,S139C,139.0,P21359,1,96.62,95.66999999999999,12,5.726586438871881,95.89666666666666
NF1,S402L,402.0,P21359,1,93.31,93.16999999999999,11,5.949226932232157,93.05181818181819
NF1,S536L,536.0,P21359,1,78.19,87.44363636363636,6,5.487738299927286,86.69833333333334
NF1,V54F,54.0,P21359,1,94.0,92.56909090909092,13,5.82133781379217,92.91461538461537
NF1,I417M,417.0,P21359,1,96.38,94.35727272727271,11,5.681505690265588,94.78727272727274
NF1,I61V,61.0,P21359,1,96.88,94.83090909090907,10,5.565046190238454,95.65799999999999
NF1,H389R,389.0,P21359,1,84.44000000000001,86.44363636363636,6,5.528731923582473,87.32333333333334
NF1,K40R,40.0,P21359,1,94.69,93.10909090909091,10,5.424198129235604,94.082
NF1,L21R,21.0,P21359,1,94.31,92.27909090909091,10,5.5520423141852,92.88799999999999
NF1,L423F,423.0,P21359,1,93.06,92.13454545454546,6,5.412424350092795,90.73833333333333
NF1,L121P,121.0,P21359,1,92.38,81.7390909090909,10,5.601789062726523,88.80999999999999
NF1,E524Q,524.0,P21359,1,92.62,91.80727272727272,8,5.167117020155709,92.00874999999999
NF1,F51L,51.0,P21359,1,90.38,91.29181818181817,11,5.6793820552830985,90.88818181818182
NF1,Q181H,181.0,P21359,1,97.12,97.39727272727274,11,5.563193030639178,97.93727272727273
NF1,R125P,125.0,P21359,1,55.62,73.76636363636364,6,5.193473711930254,68.125
NF1,L529P,529.0,P21359,1,93.81,91.52363636363636,13,6.073842667699442,93.0823076923077
NF1,P360A,360.0,P21359,1,91.88,92.56363636363636,8,5.701735111036511,92.3675
FLNA,N178I,178.0,P21333,1,85.56,86.52818181818184,7,5.040282069932877,87.33857142857143
FLNA,K620N,620.0,P21333,1,84.12,81.62999999999998,7,5.557559211119136,85.78571428571429
FLNA,S912L,912.0,P21333,1,77.19,72.64454545454545,9,5.85168100789019,73.70777777777778
FLNA,Y1417F,1417.0,P21333,1,79.88,83.08363636363636,9,5.723045176794735,77.98555555555555
FLNA,K593N,593.0,P21333,1,89.25,89.0790909090909,9,5.836301543192346,88.42888888888889
FLNA,A1252G,1252.0,P21333,1,55.69,71.77545454545454,9,6.1689118580758855,70.06777777777779
FLNA,V528M,528.0,P21333,1,89.31000000000002,85.67545454545454,10,5.938263742494073,90.45
FLNA,Y1229N,1229.0,P21333,1,87.38,82.58000000000001,12,5.5448324305870385,81.84833333333333
FLNA,V909L,909.0,P21333,1,86.06000000000002,75.29545454545455,8,5.745922830648943,83.89875
FLNA,V711A,711.0,P21333,1,91.75,86.76181818181817,13,5.974444899267659,89.23538461538462
FLNA,V591I,591.0,P21333,1,87.06000000000002,88.53909090909092,13,5.768070814775361,86.22076923076922
FLNA,D605N,605.0,P21333,1,67.75,77.29,6,5.52497750252865,75.47833333333334
FLNA,E888V,888.0,P21333,1,64.31,66.59454545454545,11,5.6201418838564585,60.39272727272728
FLNA,E878K,878.0,P21333,1,78.12,75.30181818181819,8,5.848479832345911,80.21875
FLNA,E329K,329.0,P21333,1,88.5,85.61999999999999,8,5.723797914087797,88.97625
FLNA,E1038Q,1038.0,P21333,1,68.5,79.04,9,6.201210152617855,70.76111111111112
FLNA,V298G,298.0,P21333,1,78.68999999999998,80.96636363636364,13,5.7824925137127625,76.70923076923079
FLNA,D1586G,1586.0,P21333,1,82.88,81.91,14,6.068407123887143,81.00999999999999
FLNA,D1571H,1571.0,P21333,1,82.12,80.38545454545455,12,5.649620691252374,80.24916666666667
FLNA,D1504N,1504.0,P21333,1,75.25,80.95545454545454,5,5.3074183499050465,75.126
FLNA,D1447E,1447.0,P21333,1,59.47,67.91727272727273,10,5.557355918079319,65.31200000000001
FLNA,F370Y,370.0,P21333,1,91.25,85.00545454545454,11,5.806379304188465,88.78454545454545
FLNA,G1623V,1623.0,P21333,1,76.31,83.59090909090911,11,5.798074315721319,78.03363636363636
FLNA,G603W,603.0,P21333,1,74.19,78.5509090909091,7,5.719533828452292,78.18571428571428
FLNA,R76W,76.0,P21333,1,94.62000000000002,92.79454545454546,13,6.1028319463547644,92.34153846153846
FLNA,R655H,655.0,P21333,1,87.88,87.85272727272728,6,5.626475283757018,86.46833333333332
FLNA,R1283W,1283.0,P21333,1,87.25,81.68636363636364,11,5.676315639396074,79.93818181818182
FLNA,P1056H,1056.0,P21333,1,78.18999999999998,76.78545454545453,8,5.414464924827929,81.53125
FLNA,N756K,756.0,P21333,1,86.69,89.23818181818181,5,5.303689925396358,90.188
FLNA,L317Q,317.0,P21333,1,89.25,83.81727272727272,10,6.1499717268265846,88.19299999999998
FLNA,G729D,729.0,P21333,1,82.56,89.10818181818182,10,5.94665653347603,88.895
NSD1,G873R,873.0,Q96L73,1,27.64,27.88,4,5.197255402970057,27.495
NSD1,R2289T,2289.0,Q96L73,1,25.420000000000005,27.11818181818182,4,5.528653520614673,26.4125
NSD1,S373P,373.0,Q96L73,1,71.0,83.85272727272726,8,5.341433477512664,83.54625
NSD1,F369S,369.0,Q96L73,1,90.44000000000001,85.05090909090909,14,6.189254947880166,86.9007142857143
NSD1,Q775L,775.0,Q96L73,1,29.41,28.8490909090909,4,4.981031987912272,32.095
NSD1,Q775R,775.0,Q96L73,1,29.41,28.8490909090909,4,4.981031987912272,32.095
NSD1,K783E,783.0,Q96L73,1,30.59,26.58090909090909,4,4.743933339270923,26.345
NSD1,L254I,254.0,Q96L73,1,26.23,27.546363636363637,4,5.313430297496202,28.14
NSD1,L326V,326.0,Q96L73,1,95.38,91.81818181818181,12,6.074898569463136,90.54333333333334
NSD1,C814F,814.0,Q96L73,1,27.81,27.007272727272724,4,5.407053480725318,27.095
NSD1,D2004H,2004.0,Q96L73,1,83.94,89.31272727272727,8,5.6960022094935265,89.5925
ATR,E1922K,1922.0,Q13535,1,84.38,84.75636363636364,10,5.626591756339941,83.425
ATR,A1403T,1403.0,Q13535,1,78.69,77.39181818181817,12,5.810250167445386,78.90083333333334
ATR,R1183Q,1183.0,Q13535,1,73.88,76.21181818181817,6,5.568828993711492,76.63666666666667
ATR,L1633V,1633.0,Q13535,1,84.81,84.55727272727272,10,5.881865012054262,84.226
ATR,A1507D,1507.0,Q13535,1,85.06,84.69363636363636,11,5.8064016507036555,85.12545454545455
ATR,D564N,564.0,Q13535,1,80.44,81.89818181818181,9,5.381932557359846,81.5911111111111
ATR,A14S,14.0,Q13535,1,72.62,70.07,11,5.552753037432908,73.23181818181818
ATR,D699N,699.0,Q13535,1,76.19,75.7781818181818,5,5.744497439255869,77.862
ATR,H1709Y,1709.0,Q13535,1,82.69000000000001,78.29090909090908,12,5.358510818223768,78.80250000000001
ATR,K338T,338.0,Q13535,1,70.94,78.50545454545454,5,5.731716106129257,78.038
ATR,L2599I,2599.0,Q13535,1,87.06,83.98181818181818,12,5.956989075454178,87.65166666666666
ATR,G2527E,2527.0,Q13535,1,88.88,89.21636363636362,10,5.604160260390095,89.269
ATR,E2564G,2564.0,Q13535,1,63.16,60.290909090909096,5,4.948878006247878,60.888
ATR,R2357T,2357.0,Q13535,1,67.05999999999999,75.24636363636364,8,5.740781571272041,72.495
ATR,S272L,272.0,Q13535,1,82.25,84.46,11,5.682354742065077,85.14636363636363
SETD2,S1236N,1236.0,Q9BYW2,1,31.22,30.710909090909094,4,4.5920227236901745,31.31
SETD2,S1682L,1682.0,Q9BYW2,1,92.88,92.81090909090909,8,5.494766288707998,93.86500000000001
SETD2,S1359F,1359.0,Q9BYW2,1,27.139999999999997,32.406363636363636,4,5.160313311346664,28.2725
SETD2,S1001C,1001.0,Q9BYW2,1,35.75,38.27363636363636,4,5.226149884606487,38.5775
SETD2,D1388E,1388.0,Q9BYW2,1,31.39,27.75818181818182,4,5.119444236644849,29.925
NOTC1,C306S,306.0,P46531,1,75.81,68.0690909090909,12,5.825528456575334,72.77166666666666
NOTC1,R892C,892.0,P46531,1,70.44000000000001,66.12818181818183,10,6.02597140574364,67.67699999999999
NOTC1,S1856C,1856.0,P46531,1,31.72,33.46545454545455,5,5.669809734324142,32.89999999999999
NOTC1,S1027L,1027.0,P46531,1,65.0,63.141818181818174,11,5.7428996364739655,51.97727272727273
NOTC1,T596M,596.0,P46531,1,69.12,67.37727272727274,11,6.048865855304753,66.63090909090909
NOTC1,T236M,236.0,P46531,1,60.34000000000002,62.14454545454546,7,5.463968553966676,60.37
NOTC1,Y891H,891.0,P46531,1,73.94000000000001,65.78727272727272,12,5.983510104223012,64.92083333333333
NOTC1,E1624Q,1624.0,P46531,1,42.59,51.723636363636366,6,4.940215211666134,45.635
NOTC1,F357L,357.0,P46531,1,74.05999999999999,68.04545454545455,11,5.633550883686822,64.62272727272727
NOTC2,A21T,21.0,Q04721,1,33.5,34.48909090909091,4,5.14068820960487,31.8
NOTC2,D2252N,2252.0,Q04721,1,20.62,20.975454545454543,4,5.055777350168867,20.6675
NOTC2,L2045F,2045.0,Q04721,1,88.31,87.34636363636365,12,5.883655179418171,88.03249999999998
NOTC2,Y2023C,2023.0,Q04721,1,93.88,93.29545454545455,11,5.975159552410312,92.5281818181818
MTOR,C1626S,1626.0,P42345,1,89.12,87.13636363636364,10,5.433450928947128,87.689
MTOR,L2138F,2138.0,P42345,1,89.62,87.51636363636364,10,5.714327256581328,89.513
MTOR,D1335G,1335.0,P42345,1,87.38,86.95454545454545,8,5.107289472611454,86.945
MTOR,N797I,797.0,P42345,1,86.94,84.59636363636365,12,5.5276640491080755,86.03083333333332
MTOR,H563Q,563.0,P42345,1,49.88,46.526363636363634,7,5.411876131992573,47.184285714285714
MTOR,F1889V,1889.0,P42345,1,89.38,87.58,12,5.872334832952866,86.84416666666668
MTOR,I823F,823.0,P42345,1,85.5,84.32363636363635,10,5.7598813226668515,84.188
MTOR,M2010I,2010.0,P42345,1,88.44,89.51181818181819,9,5.3586467904860715,89.2288888888889
NCOR2,D262N,262.0,Q9Y618,1,78.56,75.82545454545453,9,5.870931972632649,75.07888888888888
NCOR2,P1549S,1549.0,Q9Y618,1,39.910000000000004,37.22636363636364,4,4.974033762896226,39.525000000000006
NCOR2,P1107S,1107.0,Q9Y618,1,45.19,36.35363636363636,4,5.442364962711215,43.1875
NCOR2,R341C,341.0,Q9Y618,1,70.94000000000001,71.42636363636365,10,5.354693944032212,72.574
NCOR2,P1559S,1559.0,Q9Y618,1,42.81,34.54363636363637,5,5.3568018406297355,34.162
NCOR2,P153L,153.0,Q9Y618,1,48.94,42.17363636363636,4,5.631516843425384,40.0475
NCOR2,E1119K,1119.0,Q9Y618,1,31.950000000000003,34.988181818181815,4,5.218634991916371,31.5
NCOR2,S1964C,1964.0,Q9Y618,1,27.34,31.766363636363632,4,5.045808496878846,29.52
NCOR2,V252G,252.0,Q9Y618,1,63.12,63.96545454545455,5,5.430166588882491,63.38199999999999
ATRX,E756K,756.0,P46100,1,29.119999999999997,28.427272727272726,4,5.200027278545363,28.735
ATRX,K1018N,1018.0,P46100,1,23.39,27.545454545454547,4,5.256208412226536,29.275
ATRX,R466I,466.0,P46100,1,22.28,30.537272727272725,5,5.463930436849007,33.028
ATRX,R885T,885.0,P46100,1,27.56,27.676363636363643,4,5.394154499567747,26.9725
ATRX,T480K,480.0,P46100,1,21.550000000000004,25.04181818181818,4,4.840211475242532,26.89
PTN13,L999W,999.0,Q12923,1,33.78,31.58,4,5.500063208029404,29.2425
PTN13,Q1165K,1165.0,Q12923,1,85.06,85.21,6,4.972853790055885,85.31166666666667
PTN13,Q118R,118.0,Q12923,1,69.75,76.73272727272727,5,5.307231183994946,71.326
PTN13,K386N,386.0,Q12923,1,74.31,69.75000000000001,8,5.08568867105658,70.515
PTN13,Q357H,357.0,Q12923,1,28.940000000000005,28.89727272727273,4,4.989878931108328,30.165
PTN13,S851N,851.0,Q12923,1,89.56,89.25999999999999,10,5.60492156268926,88.61800000000001
PTN13,S437L,437.0,Q12923,1,29.94,29.204545454545453,4,4.899615498151876,30.625
PTN13,Q430H,430.0,Q12923,1,27.17,29.30636363636364,4,5.277434956708978,29.175
PTN13,R558Q,558.0,Q12923,1,68.75,70.67181818181818,9,6.209218471138309,68.09555555555556
PTN13,F538Y,538.0,Q12923,1,49.529999999999994,58.56272727272728,6,5.731008212771147,64.04666666666667
PTN13,D599N,599.0,Q12923,1,92.81,91.9890909090909,11,5.889059947975112,90.24545454545455
PTN13,G777E,777.0,Q12923,1,91.0,92.11272727272726,8,5.786715092111071,93.1175
PTN13,D519N,519.0,Q12923,1,44.88,40.908181818181816,6,5.262680327340802,41.93
PTN13,G639E,639.0,Q12923,1,78.19,77.30181818181818,6,5.223715868718105,78.21833333333333
PTN13,A929G,929.0,Q12923,1,29.920000000000005,32.05636363636364,6,5.858185494850193,33.005
PTN13,K951N,951.0,Q12923,1,29.450000000000003,28.446363636363632,4,5.601664364078934,28.847500000000004
PTN13,G1238D,1238.0,Q12923,1,27.5,26.452727272727273,4,5.013597135132073,25.75
PTN13,A2410V,2410.0,Q12923,1,92.12,95.37545454545453,12,5.996731266148575,94.31833333333334
PTN13,E1252K,1252.0,Q12923,1,26.67,27.384545454545457,4,4.567272089113519,27.8625
PTN13,S1062F,1062.0,Q12923,1,26.139999999999997,25.971818181818183,4,5.503131035246622,27.3075
PTN13,A1254S,1254.0,Q12923,1,25.56,27.40181818181818,4,4.66206919519788,27.560000000000002
PTN13,A1160T,1160.0,Q12923,1,87.38,84.7781818181818,11,5.605346984077846,84.63000000000001
CBP,V89M,89.0,Q92793,1,29.42000000000001,33.42545454545454,4,5.579028228118886,30.8675
CBP,S71L,71.0,Q92793,1,26.41,28.959999999999994,7,5.676132869339095,28.027142857142856
CBP,H1485Y,1485.0,Q92793,1,90.80999999999999,89.46545454545453,12,5.964898382087829,91.53583333333334
CBP,N374I,374.0,Q92793,1,28.3,37.57727272727273,4,5.083929329740888,29.0425
CBP,T1426M,1426.0,Q92793,1,98.0,97.85818181818182,11,5.362984732670984,97.54545454545456
CBP,S945L,945.0,Q92793,1,34.25,34.73909090909091,4,5.1309179457420555,35.480000000000004
CBP,G1469V,1469.0,Q92793,1,98.44,96.65272727272726,14,6.14677612421151,98.37857142857142
NCOR1,K178N,178.0,O75376,1,72.75,63.69909090909091,6,5.16522970665271,70.86
NCOR1,G5V,5.0,O75376,1,29.42,34.760000000000005,4,5.009369747865101,38.195
NCOR1,Y20S,20.0,O75376,1,28.52999999999999,31.269090909090913,4,5.324408295156836,32.7225
NCOR1,R581S,581.0,O75376,1,32.88,31.546363636363637,9,6.318488714048839,31.895555555555557
NCOR1,S88R,88.0,O75376,1,27.28,28.62,4,5.51508899949122,30.0725
NCOR1,Q698H,698.0,O75376,1,32.66,36.38636363636363,4,5.370647207889418,36.255
NCOR1,E659Q,659.0,O75376,1,93.75,92.2390909090909,10,5.337843056469722,93.69399999999999
NCOR1,P7S,7.0,O75376,1,38.88,34.1890909090909,4,5.42760581325564,35.535000000000004
NCOR1,L291I,291.0,O75376,1,90.31,88.86363636363637,8,5.182033837693489,89.53125
NCOR1,L400I,400.0,O75376,1,67.12,64.67000000000002,6,5.133196489458418,67.33333333333333
NCOR1,L1627V,1627.0,O75376,1,29.5,33.96909090909091,4,5.079815840044988,31.005
NCOR1,S1697Y,1697.0,O75376,1,31.45,33.38363636363636,8,5.47000185171952,35.90625
NCOR1,R856K,856.0,O75376,1,27.3,30.780909090909088,4,5.398059361909088,31.6175
NCOR1,V1542M,1542.0,O75376,1,35.38,33.597272727272724,4,5.448091626445507,30.82
EP300,Y630C,630.0,Q09472,1,92.05999999999999,87.89272727272727,8,5.231496952605275,87.41499999999999
EP300,D2398N,2398.0,Q09472,1,33.12,32.29454545454545,4,5.3290453737629235,32.55
EP300,E1013Q,1013.0,Q09472,1,31.83,30.85545454545455,4,5.310034641374331,31.195
EP300,S24L,24.0,Q09472,1,28.91,30.435454545454547,4,5.7111402052089355,29.335
EP300,G1375S,1375.0,Q09472,1,98.31,98.38454545454546,13,6.01550176726757,97.62076923076924
TPR,T130I,130.0,P12270,1,83.38,81.5290909090909,8,5.036444432007373,81.38374999999999
TPR,S652F,652.0,P12270,1,26.75,30.670909090909092,4,5.399738564785975,30.310000000000002
TPR,R213K,213.0,P12270,1,87.19000000000001,86.73272727272727,8,4.965764385014281,86.5925
TPR,E330Q,330.0,P12270,1,80.38,78.47818181818182,9,5.2650193105369185,78.78555555555555
ROS1,V1418I,1418.0,P08922,1,69.06,69.99909090909091,8,5.9023305334648,77.05625
ROS1,K2111R,2111.0,P08922,1,42.56,57.18181818181818,5,5.626370539556568,56.38199999999999
ROS1,I460M,460.0,P08922,1,83.25,78.04636363636364,9,5.813258374764768,80.44555555555556
MYOME,L499P,499.0,Q5VU43,1,82.44,82.99454545454546,8,5.024727901792838,83.0625
MYOME,E656D,656.0,Q5VU43,1,81.69,81.69999999999999,8,5.019235824537127,81.50125
MYOME,N591S,591.0,Q5VU43,1,88.25,86.81727272727274,8,5.079349843321927,86.63875
MYOME,E61Q,61.0,Q5VU43,1,86.62,85.8809090909091,8,5.018121965114483,85.47
MYOME,V130G,130.0,Q5VU43,1,80.18999999999998,78.35818181818182,8,5.0348056395199885,77.9525
MYOME,R25C,25.0,Q5VU43,1,90.38,85.58454545454546,8,5.039641286659524,85.4675
MYOME,E958K,958.0,Q5VU43,1,29.33,30.24,4,5.268179204557756,31.0625
MYOME,H445R,445.0,Q5VU43,1,81.05999999999999,80.61818181818181,8,5.164299480264583,80.655
MYOME,E264K,264.0,Q5VU43,1,86.69,82.37636363636364,8,5.076541246509302,82.235
MYOME,E216K,216.0,Q5VU43,1,27.44,24.065454545454543,4,5.1465613893476725,22.532500000000002
MYOME,L258I,258.0,Q5VU43,1,80.44,83.67818181818183,8,5.0689541916162595,84.4
MYOME,L286P,286.0,Q5VU43,1,84.12,84.58272727272728,8,5.123157259378489,84.13
MYOME,L934P,934.0,Q5VU43,1,55.62,54.961818181818174,8,5.359635876497634,59.42
MYOME,K223Q,223.0,Q5VU43,1,22.36,24.584545454545456,4,5.2231712848123735,24.145
MYOME,A370T,370.0,Q5VU43,1,83.25,82.62363636363635,8,5.110561385828321,82.38875
MYOME,A347T,347.0,Q5VU43,1,73.88,72.08545454545454,8,5.061291767084546,71.66375
MYOME,D525N,525.0,Q5VU43,1,86.0,89.05636363636364,8,5.173961485616471,90.73375
MYOME,A2257V,2257.0,Q5VU43,1,42.69,46.847272727272724,9,6.364033404012807,51.18222222222222
MYOME,R454W,454.0,Q5VU43,1,71.38,69.43454545454546,8,5.199164037743007,69.515
MYOME,S552C,552.0,Q5VU43,1,83.56,85.58636363636364,8,5.081931617730877,85.19624999999999
MYOME,S529F,529.0,Q5VU43,1,90.06,88.61363636363636,8,5.132113287053025,89.07875
MYOME,S722F,722.0,Q5VU43,1,24.8,23.70818181818182,4,4.979526623697271,25.235
MYOME,Q637L,637.0,Q5VU43,1,85.31,83.95454545454545,8,5.051779560606108,83.89125
KNL1,N1654D,1654.0,Q8NG31,1,34.66,32.453636363636356,4,5.248910257801021,31.922500000000007
CNTRL,D973H,973.0,Q7Z7A1,1,67.44,63.89363636363637,8,5.071524740943538,63.32875
CNTRL,Q1225E,1225.0,Q7Z7A1,1,23.28,24.94818181818182,4,5.214465301736313,25.037499999999998
CNTRL,S222Y,222.0,Q7Z7A1,1,85.31,80.90818181818182,13,5.875329880376219,81.25538461538461
CNTRL,G112C,112.0,Q7Z7A1,1,63.19,67.06454545454545,8,6.147817984892148,61.02125000000001
CNTRL,E443K,443.0,Q7Z7A1,1,67.88,68.49636363636363,8,5.131376463671791,69.22749999999999
CNTRL,E401D,401.0,Q7Z7A1,1,28.19,29.12454545454545,4,5.171781211987035,29.22
CNTRL,E163K,163.0,Q7Z7A1,1,83.38,83.40454545454544,8,5.931283673423718,82.91499999999999
ARI1B,A331G,331.0,Q8NFD5,1,32.34,32.52090909090909,4,5.050463249892916,33.5925
ARI1B,G64A,64.0,Q8NFD5,1,28.97,27.87636363636364,4,4.811392469591298,27.905
ARI1B,G326A,326.0,Q8NFD5,1,32.53,31.709999999999994,4,4.85948105743846,32.845
ARI1B,E1104G,1104.0,Q8NFD5,1,24.72,27.531818181818185,4,4.801645390889208,30.215
WNK2,D1434N,1434.0,Q9Y3S1,1,26.81,30.317272727272726,4,5.321778980597079,29.0025
DPOE1,E18K,18.0,Q07864,1,25.91,29.015454545454553,4,5.141084848259382,29.055
DPOE1,E967Q,967.0,Q07864,1,82.94,83.88272727272728,8,5.733295729156533,87.61625000000001
DPOE1,E575K,575.0,Q07864,1,92.81,92.57727272727273,8,5.516362796062255,92.83500000000001
DPOE1,E548K,548.0,Q07864,1,90.0,89.5290909090909,8,5.884444134290092,91.28125
DPOE1,D2172H,2172.0,Q07864,1,71.75,69.78181818181817,9,5.862276605303638,74.08444444444444
DPOE1,D435N,435.0,Q07864,1,82.31,81.52363636363636,7,5.851402369672579,84.47285714285714
DPOE1,E1091D,1091.0,Q07864,1,87.88,89.81727272727272,8,5.566614070829222,90.41375000000001
ARI1A,G1062D,1062.0,O14497,1,86.38,88.75636363636364,9,5.7186594181962285,88.82666666666667
ARI1A,H495D,495.0,O14497,1,30.360000000000003,32.32727272727273,4,5.400274180673727,33.6
ARI1A,H137Y,137.0,O14497,1,33.88,32.92363636363636,4,5.3456126274505,35.265
ARI1A,P1244A,1244.0,O14497,1,39.589999999999996,34.948181818181816,6,5.929313696845057,32.961666666666666
ARI1A,A1239T,1239.0,O14497,1,44.38,33.44,8,5.734210067354082,32.822500000000005
ARI1A,P1266R,1266.0,O14497,1,36.25,31.56,4,4.701362204472751,34.025
ARI1A,P239A,239.0,O14497,1,32.06,30.562727272727273,6,5.56520387332933,34.33166666666667
ARI1A,S241C,241.0,O14497,1,28.09,30.330909090909095,8,5.2158400859391225,31.41125
ARI1A,S381C,381.0,O14497,1,26.0,32.019999999999996,4,5.369319108346621,37.0375
ARI1A,Y195H,195.0,O14497,1,29.5,31.172727272727272,4,5.445285785846665,33.785
ARI1A,F266L,266.0,O14497,1,24.16,26.433636363636367,5,5.497003377508911,36.634
ARI1A,D75N,75.0,O14497,1,33.34,31.072727272727274,4,5.30550937857559,31.6225
ARI1A,D1193A,1193.0,O14497,1,27.27,28.778181818181817,4,5.038081948069476,28.0825
ARI1A,A770T,770.0,O14497,1,28.339999999999996,31.259999999999994,4,5.39054505268286,31.677500000000002
ARI1A,M940V,940.0,O14497,1,38.06,35.462727272727264,4,5.218180591214201,37.0075
ARI1A,N1229D,1229.0,O14497,1,33.62,34.378181818181815,4,5.50277066400284,38.8425
ARI1A,I908M,908.0,O14497,1,27.25,29.635454545454547,4,5.630818098073461,28.215
ARI1A,P121A,121.0,O14497,1,35.25,29.230909090909094,9,6.108258494767176,29.58666666666667
ARI1A,E1780K,1780.0,O14497,1,33.09,33.563636363636355,4,5.45231716971842,34.075
CAC1D,P467S,467.0,Q01668,1,38.75,29.19363636363636,4,5.537711525798092,27.437499999999996
CAC1D,F107L,107.0,Q01668,1,64.94000000000001,67.37727272727274,5,4.933418176219402,68.312
CAC1D,E455G,455.0,Q01668,1,37.19,37.68454545454545,4,5.350279495878678,36.115
CAC1D,R83I,83.0,Q01668,1,33.15999999999999,32.14727272727273,5,5.4347404618678095,31.986
CAC1D,T634A,634.0,Q01668,1,66.31,65.85818181818182,8,5.580145357991189,65.59375
CAC1D,V1250I,1250.0,Q01668,1,93.43999999999998,92.31363636363636,8,5.143675933431362,92.57124999999999
CAC1D,V698E,698.0,Q01668,1,94.38,92.61454545454545,11,5.502080326999942,92.46636363636364
CAC1D,D800N,800.0,Q01668,1,28.48,30.264545454545452,4,5.2565452595272415,29.6425
CAC1D,R507C,507.0,Q01668,1,66.75,66.5,8,5.147289319763476,66.5275
CAC1D,F395I,395.0,Q01668,1,84.0,83.77363636363636,9,5.49845824332417,84.17444444444443
CAC1D,F888S,888.0,Q01668,1,87.88,85.44363636363637,10,5.599733701115731,85.543
CAC1D,E569K,569.0,Q01668,1,88.88,89.17181818181818,8,5.175430869199808,89.18
CAC1D,E811Q,811.0,Q01668,1,27.42,30.15727272727273,4,5.357115373879601,29.47
CAC1D,E933D,933.0,Q01668,1,88.88,88.5109090909091,8,5.1988209934550405,88.74875
CAC1D,L579R,579.0,Q01668,1,82.0,81.6490909090909,8,5.543217270297472,81.78999999999999
CAC1D,N890D,890.0,Q01668,1,85.88,86.45454545454547,8,5.182985395958868,86.1875
CAC1D,K1049R,1049.0,Q01668,1,89.62,88.47636363636364,9,5.570538498613957,88.11111111111111
CAC1D,I909N,909.0,Q01668,1,84.88,85.0409090909091,11,5.861715205490733,85.0418181818182
CAC1D,K1191R,1191.0,Q01668,1,82.81,84.31727272727272,6,5.885473807534312,86.70666666666666
CAC1D,K790R,790.0,Q01668,1,35.31,41.955454545454536,6,5.6190927024835515,44.964999999999996
TENA,M468I,468.0,P24821,1,65.69,70.51727272727271,11,5.739333604145418,70.31545454545453
TENA,K942N,942.0,P24821,1,85.25,83.98818181818181,10,5.97874772110814,86.082
TENA,K969Q,969.0,P24821,1,82.56,82.8,10,5.662473620752445,81.28699999999999
TENA,L283M,283.0,P24821,1,59.25,63.93727272727272,11,5.665801084723548,60.66818181818182
TENA,E427K,427.0,P24821,1,64.56,74.16454545454545,7,5.864165537650443,77.36571428571428
TENA,G844V,844.0,P24821,1,57.41,75.14727272727274,4,4.937824941983519,68.3675
TENA,N297S,297.0,P24821,1,56.75,64.79636363636364,11,5.869409704608225,60.47818181818182
TENA,V708E,708.0,P24821,1,82.25,81.86363636363637,9,5.867500305189711,84.57666666666665
TENA,T950A,950.0,P24821,1,89.56000000000002,85.48181818181818,8,5.786635131310018,89.28125
TENA,R1016H,1016.0,P24821,1,87.25,82.17000000000002,13,5.736129539907977,84.73384615384614
TENA,R438W,438.0,P24821,1,72.0,72.46545454545456,11,5.656924183614516,69.98818181818183
TENA,R499H,499.0,P24821,1,67.69000000000001,72.02272727272727,10,5.481433326811779,73.243
TENA,A738S,738.0,P24821,1,69.12,79.26272727272728,5,5.98072092883458,74.988
TENA,A738V,738.0,P24821,1,69.12,79.26272727272728,5,5.98072092883458,74.988
TENA,D227N,227.0,P24821,1,63.84,70.07636363636365,7,5.95642797056449,72.56142857142858
MED12,G44D,44.0,Q93074,1,79.25,76.55090909090909,7,5.412361801389514,79.7942857142857
MED12,E1421Q,1421.0,Q93074,1,48.0,56.66636363636364,9,5.928893547010578,59.36999999999999
MED12,R1496H,1496.0,Q93074,1,79.80999999999999,76.91454545454546,11,5.690511665379738,77.8690909090909
MED12,Q2120H,2120.0,Q93074,1,33.53,35.218181818181826,4,5.002472078894028,33.91
MED12,Q2119H,2119.0,Q93074,1,33.28,36.04545454545455,4,5.074443249389461,34.135
MED12,R1343H,1343.0,Q93074,1,82.44000000000001,84.41636363636366,8,5.11138238953046,85.00125
MED12,R1912C,1912.0,Q93074,1,27.829999999999995,28.272727272727273,4,5.37803326668394,28.082500000000003
MED12,G1218A,1218.0,Q93074,1,85.81,87.52363636363636,8,5.591085732624643,79.57625
MED12,D1204E,1204.0,Q93074,1,92.31,89.26181818181819,13,5.850691766096656,90.3223076923077
MED12,Q1289L,1289.0,Q93074,1,86.94,86.48272727272729,11,5.805840099146067,86.82818181818183
MED12,Q1916H,1916.0,Q93074,1,27.95,28.779999999999994,4,5.636695714057632,29.8875
MED12,N1591S,1591.0,Q93074,1,81.12,78.11636363636363,8,5.099467704582672,79.45375
MED12,R1266H,1266.0,Q93074,1,28.019999999999996,40.45545454545454,4,5.003999278355775,32.6025
MED12,L36R,36.0,Q93074,1,76.44,76.52272727272727,7,5.745630732690976,77.33000000000001
MED12,E79K,79.0,Q93074,1,75.38,71.90272727272728,8,5.127579703580632,72.39
MED12,E968Q,968.0,Q93074,1,85.75,84.42454545454545,11,5.79953039008381,86.45363636363636
MED12,E543K,543.0,Q93074,1,44.53,54.42454545454546,7,5.727708539022016,56.40000000000001
MED12,S555Y,555.0,Q93074,1,28.91,34.41545454545454,4,5.259965382501912,29.125
MED12,S700F,700.0,Q93074,1,28.02,32.20636363636364,4,5.417845005263072,36.05
MED12,R1611H,1611.0,Q93074,1,79.5,74.11545454545454,8,5.089213546412109,74.50625
MED12,R155L,155.0,Q93074,1,90.30999999999999,89.77181818181818,10,5.658767781435246,89.424
MED12,S1438L,1438.0,Q93074,1,85.69,86.70909090909092,7,5.403530160116793,87.72142857142856
MED12,A1774D,1774.0,Q93074,1,33.62,34.20636363636363,4,5.3631676472131256,34.49
MED12,E1362K,1362.0,Q93074,1,85.62,85.57272727272728,11,5.870442888255615,84.4590909090909
MED12,E253K,253.0,Q93074,1,90.81,92.42545454545454,9,5.6533080129023565,92.40222222222224
MED12,E408Q,408.0,Q93074,1,65.38,77.68909090909091,5,5.892240091010412,72.30199999999999
MED12,D499H,499.0,Q93074,1,69.0,71.29363636363637,8,5.411482376861513,79.15625
TET1,S1106G,1106.0,Q8NFU7,1,28.389999999999997,29.85818181818182,4,5.219732414673862,30.2875
TET1,D1550Y,1550.0,Q8NFU7,1,86.06,82.77818181818182,9,6.296284887191111,85.85444444444445
TET1,K1756N,1756.0,Q8NFU7,1,77.19,81.91454545454545,6,5.071666727543349,79.86333333333333
TET1,R1592K,1592.0,Q8NFU7,1,91.62,92.22181818181818,8,5.894125896843467,91.86125
TET1,S325F,325.0,Q8NFU7,1,29.52,30.44272727272727,7,6.27919772114699,30.121428571428567
NUMA1,A895S,895.0,Q14980,1,68.38,72.67636363636365,8,4.848808247482658,72.8825
NUMA1,R328Q,328.0,Q14980,1,87.30999999999999,86.59,8,5.0529206610203765,86.11625000000001
NUMA1,R241H,241.0,Q14980,1,80.69000000000001,81.68818181818182,8,5.169291811205305,81.59375
NUMA1,E286Q,286.0,Q14980,1,84.5,82.39636363636363,8,4.958058643671096,82.08500000000001
NUMA1,A262S,262.0,Q14980,1,77.19,70.15272727272728,8,5.1427800645043895,71.0375
NUMA1,H492Y,492.0,Q14980,1,81.05999999999999,79.33636363636363,8,5.0326024775301015,79.00874999999999
NUMA1,Q555H,555.0,Q14980,1,78.75,76.47818181818182,8,5.146512484539879,76.845
NUMA1,R1190Q,1190.0,Q14980,1,52.31000000000001,51.902727272727276,9,5.913063802327692,54.16
NUMA1,R663H,663.0,Q14980,1,64.55999999999999,63.596363636363634,8,5.1946002389382215,64.55375000000001
NUMA1,S595F,595.0,Q14980,1,77.38,80.20545454545454,8,5.069599273415955,80.055
NUMA1,E873K,873.0,Q14980,1,77.31,75.83545454545454,9,5.193428811957084,75.70222222222223
NUMA1,E1449K,1449.0,Q14980,1,75.25,77.20909090909089,8,5.0414472580530845,77.74125000000001
NUMA1,E1285K,1285.0,Q14980,1,60.59,59.52727272727273,8,5.0646823270925765,57.96
NUMA1,Q1318E,1318.0,Q14980,1,75.31,77.06272727272727,8,4.94417039579215,77.2975
NUMA1,L1406V,1406.0,Q14980,1,58.25,60.14000000000001,7,5.016607648267358,59.66571428571429
NIN,D389H,389.0,Q8N4C6,1,94.75,93.07545454545453,8,5.14426798682476,93.48625
NIN,F17L,17.0,Q8N4C6,1,85.88,81.74454545454545,11,5.820530739625565,82.99454545454545
NIN,I587M,587.0,Q8N4C6,1,32.12,27.970000000000002,4,5.5103207436595065,31.115000000000002
NIN,E440Q,440.0,Q8N4C6,1,77.31,85.86909090909091,8,5.123307107743597,86.32
NIN,S109A,109.0,Q8N4C6,1,35.41,42.02636363636364,4,5.121683194141973,41.665
NIN,V219L,219.0,Q8N4C6,1,58.22000000000001,61.901818181818186,7,5.713737292883779,61.15
NIN,R482S,482.0,Q8N4C6,1,96.87999999999998,91.75000000000001,8,5.1576181911774395,91.26625
NIN,Q173K,173.0,Q8N4C6,1,31.89,37.59636363636364,4,5.218224002040924,33.4925
NIN,L231V,231.0,Q8N4C6,1,72.88,73.26363636363637,10,5.680856741550835,74.54599999999999
NIN,R134Q,134.0,Q8N4C6,1,26.639999999999997,29.230909090909087,4,5.111372774768258,29.3375
NIN,R1190G,1190.0,Q8N4C6,1,51.81000000000001,55.608181818181826,8,5.331355185406535,56.08
NIN,S1580L,1580.0,Q8N4C6,1,82.5,80.91363636363637,8,5.064889106222836,80.75625
NIN,L1283I,1283.0,Q8N4C6,1,81.5,83.04727272727273,10,5.541337068220278,83.22599999999998
NIN,N1676S,1676.0,Q8N4C6,1,70.12,71.32272727272728,8,5.014535341924678,70.7025
NIN,P1826S,1826.0,Q8N4C6,1,49.160000000000004,31.424545454545452,4,5.490044114855149,30.97
NIN,E1911Q,1911.0,Q8N4C6,1,51.84,49.35818181818181,8,4.9726619088040565,49.43
NIN,E1935K,1935.0,Q8N4C6,1,77.44,74.89818181818181,8,5.050285887111192,75.58625
NIN,G1056E,1056.0,Q8N4C6,1,48.09,47.99363636363637,8,4.965276289362628,47.81625
NIN,R2039Q,2039.0,Q8N4C6,1,82.55999999999999,76.49454545454546,8,4.976399633778643,76.25874999999999
KAT6B,T367R,367.0,Q8WYB5,1,38.160000000000004,36.10545454545454,4,5.042523474267444,34.7575
KAT6B,P85L,85.0,Q8WYB5,1,31.389999999999993,29.81272727272727,4,5.2605847471059235,29.115
KAT6B,E1389K,1389.0,Q8WYB5,1,24.72,26.80818181818182,4,5.157138301558405,25.337500000000002
KAT6B,R151Q,151.0,Q8WYB5,1,87.19000000000001,87.10272727272726,9,5.331076805012999,85.50666666666666
KAT6B,D359N,359.0,Q8WYB5,1,36.06,35.09727272727273,4,5.342837816445858,34.5325
KAT6B,N175S,175.0,Q8WYB5,1,83.06,67.90545454545455,8,5.190524297256074,80.23625
KAT6B,I267M,267.0,Q8WYB5,1,88.31,90.64181818181818,5,5.0056484777832155,90.80199999999999
KAT6B,R465M,465.0,Q8WYB5,1,35.529999999999994,35.12727272727273,4,5.463038784006306,35.515
KAT6B,S1770T,1770.0,Q8WYB5,1,25.88,28.11909090909091,9,5.529826310256655,31.49777777777778
KAT6B,Q1999H,1999.0,Q8WYB5,1,28.779999999999998,29.781818181818178,4,4.985400404226087,30.612499999999997
PCM1,Q188E,188.0,Q15154,1,23.3,28.185454545454544,4,5.032125437597056,25.3625
PCM1,A589T,589.0,Q15154,1,30.660000000000004,31.133636363636366,4,5.118664686236698,31.0525
PCM1,Q352E,352.0,Q15154,1,65.06,59.6209090909091,8,5.565793913417554,59.432500000000005
PCM1,S356Y,356.0,Q15154,1,39.31,45.63,6,5.936031970435395,48.05666666666667
PCM1,T1565S,1565.0,Q15154,1,24.770000000000003,25.928181818181823,4,5.399055468120699,27.035000000000004
PCM1,T1557S,1557.0,Q15154,1,24.25,25.280909090909088,4,5.3085350528973585,25.095
KAT6A,E1076Q,1076.0,Q92794,1,32.78,32.77181818181818,8,5.595186470840334,30.78125
KAT6A,G1974R,1974.0,Q92794,1,30.42,33.054545454545455,7,5.9425579005195575,33.21
KAT6A,S378L,378.0,Q92794,1,28.53,30.077272727272728,4,5.3121946563676,29.32
KAT6A,S974N,974.0,Q92794,1,27.45,28.84181818181818,4,5.066608947318675,27.275
KAT6A,E1222K,1222.0,Q92794,1,25.38,27.84,4,5.370424043303567,26.665
KAT6A,Y517C,517.0,Q92794,1,95.12,93.7909090909091,7,5.463548903418626,94.01857142857143
KAT6A,S186F,186.0,Q92794,1,50.31,49.64727272727273,5,5.20758290038616,59.486000000000004
KAT6A,S434C,434.0,Q92794,1,29.95,32.58,4,5.180108024953664,33.5225
KAT6A,E226K,226.0,Q92794,1,92.06,91.71090909090908,8,6.049232593465243,93.01625
KAT6A,E513K,513.0,Q92794,1,96.44,91.68272727272728,12,5.819767073206518,94.79666666666667
KAT6A,P679A,679.0,Q92794,1,95.43999999999998,90.7209090909091,9,5.650611923458001,92.68666666666667
KAT6A,P501H,501.0,Q92794,1,39.44,46.47090909090909,5,5.678594651931742,42.318
KAT6A,R44H,44.0,Q92794,1,91.38,90.31363636363636,9,5.630491413742131,91.54777777777778
KAT6A,R329W,329.0,Q92794,1,71.5,64.02727272727273,8,5.16560936209118,64.78375
KAT6A,K759N,759.0,Q92794,1,90.19,89.16363636363637,8,5.145362839490678,89.4125
KAT6A,L760F,760.0,Q92794,1,88.25,88.20272727272727,9,5.333111980809149,87.65777777777777
KAT6A,R735L,735.0,Q92794,1,93.25,91.39818181818181,8,5.729066482359278,91.80625
KAT6A,D768H,768.0,Q92794,1,90.12,88.35090909090908,6,5.498762723128347,88.68666666666667
KAT6A,E112Q,112.0,Q92794,1,81.75,85.0290909090909,7,5.2944061758405505,83.92
KAT6A,D930E,930.0,Q92794,1,28.23,29.034545454545448,4,5.238197438783534,28.64
KAT6A,D1303G,1303.0,Q92794,1,30.44,31.356363636363643,4,5.4781938971397555,30.525
KAT6A,A1892P,1892.0,Q92794,1,34.34,35.126363636363635,4,5.203033088324552,36.265
KAT6A,D1547Y,1547.0,Q92794,1,34.28,35.74181818181818,4,5.310843274028475,37.1625
KAT6A,S842T,842.0,Q92794,1,29.610000000000003,29.757272727272724,4,5.486599432038033,28.5925
KAT6A,S1913F,1913.0,Q92794,1,25.34,28.345454545454547,4,5.424882974105258,28.385
KAT6A,K1342E,1342.0,Q92794,1,33.66,31.487272727272728,4,5.261285096538428,33.005
KAT6A,E1208K,1208.0,Q92794,1,30.39,30.34090909090909,4,5.076654740679534,30.53
KAT6A,R1169Q,1169.0,Q92794,1,30.660000000000004,31.505454545454544,4,5.360848179799271,34.995000000000005
KAT6A,P1775L,1775.0,Q92794,1,37.62,30.425454545454546,11,6.425458235723679,39.27818181818182
KAT6A,K937N,937.0,Q92794,1,27.94,28.996363636363636,4,5.2954599741784865,28.98
KAT6A,L1005I,1005.0,Q92794,1,27.41,28.44636363636364,4,4.763356194520601,29.9975
KAT6A,M1931I,1931.0,Q92794,1,35.06,33.31636363636363,4,5.238571061779049,35.3325
KAT6A,P1713S,1713.0,Q92794,1,44.88,35.595454545454544,9,6.06547438906613,38.45111111111111
KAT6A,S1253F,1253.0,Q92794,1,32.59,32.18272727272727,4,5.361979512254349,30.935
KAT6A,R998W,998.0,Q92794,1,25.0,28.24909090909091,4,5.386672097036978,27.085
KAT6A,S1585N,1585.0,Q92794,1,26.8,28.620000000000005,4,5.4027979255633465,28.23
KAT6A,S1752I,1752.0,Q92794,1,38.47,36.412727272727274,5,5.085761906074351,36.068
TET2,E175K,175.0,Q6N021,1,28.19,28.470909090909092,8,5.794288867258423,30.823749999999997
TET2,D297N,297.0,Q6N021,1,29.98,28.70727272727273,4,5.027912385758295,29.072499999999998
TET2,T1069P,1069.0,Q6N021,1,32.81,33.400000000000006,4,5.27692631150304,34.1925
TET2,S391F,391.0,Q6N021,1,27.73,28.49454545454546,4,5.070964118476835,29.1
TET2,Q232K,232.0,Q6N021,1,33.16,34.85909090909092,4,5.207700521318683,33.3075
TET2,R83K,83.0,Q6N021,1,35.529999999999994,34.201818181818176,4,5.263585782079778,33.5825
TET2,D905H,905.0,Q6N021,1,32.56,33.53363636363636,4,5.208104858968645,32.805
TET2,A912V,912.0,Q6N021,1,28.619999999999997,30.890909090909098,4,5.214010643900176,30.6175
TET2,M600I,600.0,Q6N021,1,32.12,31.237272727272725,4,5.234134021816763,31.765
TET2,W1291C,1291.0,Q6N021,1,96.80999999999997,94.84545454545454,13,5.912538980153845,94.89384615384614
TET2,I1140T,1140.0,Q6N021,1,91.38,91.71727272727273,7,5.531899524393068,91.85000000000001
TET2,Y1679H,1679.0,Q6N021,1,33.0,32.57454545454545,5,5.579523795559974,31.965999999999998
TET2,T1066S,1066.0,Q6N021,1,35.5,35.907272727272726,4,4.9932309909055395,35.99
TET2,S716L,716.0,Q6N021,1,30.81,31.05,4,5.3460001079361845,30.945
TET2,S59I,59.0,Q6N021,1,34.31,32.81727272727272,4,5.16111471419901,33.3275
TET2,R1366H,1366.0,Q6N021,1,98.55999999999999,98.10727272727273,15,6.286289256103894,98.14199999999998
TET2,R814C,814.0,Q6N021,1,26.25,30.377272727272725,12,5.989398675630164,30.489166666666666
TET2,D551V,551.0,Q6N021,1,30.48,34.99909090909091,4,5.591251199570555,33.285
TET2,D1412H,1412.0,Q6N021,1,93.81,93.65363636363637,7,5.883886064744568,94.49285714285715
TET2,I331L,331.0,Q6N021,1,33.69,31.61,4,5.3839535183947245,31.542500000000004
TET2,L412F,412.0,Q6N021,1,30.72,32.04727272727273,4,5.229114099041197,33.917500000000004
TET2,I490M,490.0,Q6N021,1,35.78,34.39181818181819,8,5.577823132308744,35.39625
TET2,K1299E,1299.0,Q6N021,1,96.19,92.97,12,6.193555776420928,94.65416666666665
TET2,E456K,456.0,Q6N021,1,34.16,36.00818181818181,4,5.115294619725532,37.8975
TET2,K751N,751.0,Q6N021,1,30.450000000000003,30.70181818181818,4,5.054474465234651,31.8875
TET2,L103R,103.0,Q6N021,1,31.3,29.479090909090914,5,5.487155840441977,29.25
TET2,G1861R,1861.0,Q6N021,1,97.69,96.52272727272727,17,5.774157448547385,97.76411764705882
TET2,G1288V,1288.0,Q6N021,1,97.81,96.9490909090909,12,5.957277366745514,97.98583333333335
TET2,L426V,426.0,Q6N021,1,32.97,33.312727272727265,4,5.490510125545571,32.6225
TET2,P656S,656.0,Q6N021,1,37.96999999999999,28.235454545454544,4,5.428967761522209,26.1975
TET2,Q1445K,1445.0,Q6N021,1,97.12,95.19363636363637,10,5.474162782854955,97.575
TET2,H248D,248.0,Q6N021,1,30.339999999999996,31.060000000000002,4,5.123313666709624,32.1875
TET2,N1390I,1390.0,Q6N021,1,95.06,97.01727272727271,8,5.977511260147216,97.11
PTPRB,S187C,187.0,P23467,1,75.75,80.6581818181818,14,5.799480011432354,77.84
PTPRB,H914D,914.0,P23467,1,80.80999999999999,77.13636363636364,7,5.500018372293641,83.00857142857141
PTPRB,P554R,554.0,P23467,1,86.31000000000002,84.49818181818182,19,6.108541029811304,84.1478947368421
PTPRB,E1294G,1294.0,P23467,1,87.38,86.58636363636363,8,5.534987713102627,88.375
PTPRB,E167K,167.0,P23467,1,82.12,74.67545454545453,8,5.417814946217515,82.37875
PTPRB,T77R,77.0,P23467,1,73.93999999999998,74.76181818181817,12,5.7062094856947425,73.92083333333333
PTPRB,W132C,132.0,P23467,1,87.25,81.6418181818182,11,5.712423643372464,81.66363636363637
PTPRB,R72Q,72.0,P23467,1,74.12,72.96545454545455,8,5.608736867153043,73.66375
PTPRB,S127G,127.0,P23467,1,85.69,83.03363636363635,12,5.48708409838764,83.07166666666667
MYH11,L219I,219.0,P35749,1,88.06,88.96636363636362,11,5.984984188854597,89.12545454545453
MYH11,V69G,69.0,P35749,1,87.75,84.67818181818183,8,5.696389090515158,88.16499999999999
MYH11,I980M,980.0,P35749,1,57.47,58.7690909090909,8,5.205478606009981,58.24125
MYH11,I987M,987.0,P35749,1,56.75,57.551818181818184,8,5.19815696960437,57.46875
MYH11,K1448N,1448.0,P35749,1,77.0,74.60818181818182,8,5.184426156998509,74.7975
MYH11,I1671M,1671.0,P35749,1,74.75,75.42545454545456,8,5.058591923464605,75.39750000000001
MYH11,Q1325L,1325.0,P35749,1,67.5,62.30363636363638,9,5.146318208951469,61.65222222222222
MYH11,E1033Q,1033.0,P35749,1,70.75,68.03454545454545,9,5.139332870642026,68.50777777777778
MYH11,E1040Q,1040.0,P35749,1,72.19,68.81,8,4.8690509413388785,68.66
MYH11,E179K,179.0,P35749,1,83.5,87.33545454545455,11,5.8001060084233975,85.11818181818181
MYH11,E46Q,46.0,P35749,1,88.31,87.48363636363638,12,6.141316151587983,87.16833333333334
SET1B,R1000W,1000.0,Q9UPS6,1,33.75,34.07636363636363,4,5.220812311722598,33.9675
SET1B,G230E,230.0,Q9UPS6,1,32.84,31.075454545454544,7,5.791416312012168,32.58857142857143
SET1B,R891Q,891.0,Q9UPS6,1,77.62,77.75,9,5.420454955458809,76.77111111111111
SET1B,S1171L,1171.0,Q9UPS6,1,32.53,30.736363636363638,4,5.317503213022748,29.345
SET1B,R347W,347.0,Q9UPS6,1,32.0,32.20090909090909,4,5.283708293826346,32.4825
SET1B,R25K,25.0,Q9UPS6,1,37.06,43.07090909090909,4,4.798949504970814,39.835
SET1B,S461R,461.0,Q9UPS6,1,30.98,34.39272727272728,4,5.542582984065438,32.2
SET1B,S550C,550.0,Q9UPS6,1,26.52,30.131818181818186,4,5.187588119648932,32.0725
MYH9,A224T,224.0,P35579,1,90.06,88.08545454545454,14,5.808871776910652,88.58571428571429
K1549,P1453A,1453.0,Q9HCM3,1,32.06,32.49545454545454,4,5.433263756208566,32.6425
K1549,P246A,246.0,Q9HCM3,1,35.59,30.35909090909091,4,5.113278162857334,29.665
K1549,R286W,286.0,Q9HCM3,1,29.079999999999995,27.35818181818182,6,5.976451771622038,30.076666666666664
PTPRD,P23S,23.0,P23468,1,85.25,73.51818181818183,11,5.899585725968894,84.27181818181819
PTPRD,T29K,29.0,P23468,1,90.0,89.44272727272728,9,5.841277855324773,89.95777777777778
PTPRD,L308P,308.0,P23468,1,72.81,85.6309090909091,9,6.229029953330268,77.1711111111111
PTPRD,G190E,190.0,P23468,1,80.19,80.5090909090909,12,5.7361317911313074,82.50333333333334
PTPRD,E21K,21.0,P23468,1,65.12,63.7,8,5.758917865554025,74.04125
PTPRD,L16V,16.0,P23468,1,30.09,40.99545454545454,6,5.481264145261794,36.998333333333335
PTPRD,V56F,56.0,P23468,1,89.93999999999998,86.11818181818181,9,5.907484054867805,89.98444444444445
PTPRD,V31I,31.0,P23468,1,88.93999999999998,89.19272727272727,8,6.136179099724854,91.08375000000001
PTPRD,V136G,136.0,P23468,1,81.75,80.23181818181817,8,5.686152234329468,79.64625000000001
PTPRD,G592D,592.0,P23468,1,78.75,81.87636363636364,8,5.559323749092738,79.28999999999999
PTPRD,E406K,406.0,P23468,1,88.56,88.9609090909091,9,6.287517356622278,90.32111111111111
PTPRD,E93K,93.0,P23468,1,89.62,88.8,10,5.586126948928122,88.95599999999999
PTPRD,E97G,97.0,P23468,1,91.75,90.2218181818182,13,5.813471087520318,89.82538461538462
PTPRD,G35A,35.0,P23468,1,87.62,88.97181818181818,15,6.040122958616132,89.89266666666666
PTPRD,G514R,514.0,P23468,1,71.12,77.06818181818183,7,6.018667569930936,76.77
PTPRD,T140A,140.0,P23468,1,76.93999999999998,80.44727272727273,8,5.424762508025253,79.83500000000001
PTPRD,S42C,42.0,P23468,1,91.94,89.76272727272728,8,5.429337660864865,91.43125
PTPRD,R28Q,28.0,P23468,1,87.19000000000001,88.89727272727272,8,5.526917389200847,89.78125
PTPRD,T48M,48.0,P23468,1,88.5,86.94909090909091,11,5.887734846829897,86.31272727272727
PTPRD,R233C,233.0,P23468,1,56.470000000000006,61.15,8,6.0234329270816005,65.00625
PTPRD,G184E,184.0,P23468,1,57.31,67.63545454545455,4,4.836235853578549,62.89
PTPRD,R1623T,1623.0,P23468,1,85.30999999999999,89.07363636363635,8,5.865765999874799,71.32124999999999
PTPRD,M1253K,1253.0,P23468,1,51.62,55.25636363636364,7,5.7483779824337615,62.11
PTPRD,R1151H,1151.0,P23468,1,72.75,74.59000000000002,4,5.09912841493381,69.39
PTPRD,V1073I,1073.0,P23468,1,87.62,87.51181818181819,9,5.5649979822650515,88.03555555555555
PTPRD,V1565I,1565.0,P23468,1,97.68999999999998,96.99454545454546,13,5.939168639151027,96.55230769230769
PTPRD,V1480I,1480.0,P23468,1,94.31000000000002,94.21727272727274,14,5.84551211641822,92.99142857142856
PTPRD,S1763F,1763.0,P23468,1,91.75,90.16363636363637,10,5.870895255826255,91.211
PTPRD,R733H,733.0,P23468,1,87.25,86.16363636363639,12,5.887119104787792,82.43166666666667
PTPRD,S1033F,1033.0,P23468,1,89.56,88.31181818181818,14,5.709016500395008,88.03571428571429
PTPRD,S788F,788.0,P23468,1,80.88,81.4309090909091,7,5.20407874262772,83.51571428571428
PTPRD,R1323Q,1323.0,P23468,1,42.25,39.835454545454546,8,5.247475121026488,40.12875
PTPRD,R1798Q,1798.0,P23468,1,94.37999999999998,92.9718181818182,8,5.801337530658079,94.98375
PTPRD,R1559Q,1559.0,P23468,1,97.0,96.56272727272727,13,6.211714502881306,96.41846153846154
PTPRD,T1912A,1912.0,P23468,1,35.5,50.53666666666667,4,5.766509486642985,56.7975
PTPRD,R1692H,1692.0,P23468,1,73.88,85.05909090909091,4,4.901004411628826,81.97
PTPRD,R1730Q,1730.0,P23468,1,96.12000000000002,96.79,10,5.5947765616445935,96.407
PTPRD,L1085R,1085.0,P23468,1,84.5,73.07272727272728,12,5.960947509915546,77.89083333333335
PTPRD,A1713T,1713.0,P23468,1,95.0,93.43636363636365,13,5.855795369105492,92.92615384615384
PTPRD,A1568V,1568.0,P23468,1,95.94,95.77909090909093,10,5.136186474545655,95.231
PTPRD,K1058R,1058.0,P23468,1,73.88,78.01181818181817,7,5.61068706823076,78.81285714285715
PTPRD,K1031T,1031.0,P23468,1,86.56,87.92545454545456,16,5.929885568189401,88.035625
PTPRD,E1726K,1726.0,P23468,1,95.69,96.44181818181818,9,5.384552627293645,95.35888888888888
PTPRD,A524E,524.0,P23468,1,91.0,86.30727272727273,12,5.996459393558652,90.53166666666668
PTPRD,T342M,342.0,P23468,1,92.0,86.92454545454545,11,5.75351026718399,90.22636363636364
PTPRD,R216G,216.0,P23468,1,90.25,88.80636363636364,14,6.231574588725849,89.9292857142857
PTPRD,S431L,431.0,P23468,1,81.94,84.09727272727274,12,6.0452561568793355,82.12583333333333
PTPRD,S569P,569.0,P23468,1,91.44,89.49545454545455,8,5.423893089524032,91.4625
PTPRD,S239C,239.0,P23468,1,86.44,82.33545454545455,7,5.336191388759549,86.40142857142855
PTPRD,R232C,232.0,P23468,1,49.279999999999994,58.58727272727272,5,5.384310744520841,49.686
PTPRD,L674R,674.0,P23468,1,91.44,89.77999999999999,9,5.873004739611566,91.54222222222224
PTPRD,K637R,637.0,P23468,1,85.06,84.88636363636364,9,5.261435428363272,85.18111111111111
PTPRD,S622F,622.0,P23468,1,87.88,89.47727272727273,8,5.438615178104935,88.13125
PTPRD,T1100M,1100.0,P23468,1,87.0,78.44727272727272,9,5.85103947815675,87.30555555555556
PTPRD,S797F,797.0,P23468,1,90.81,86.51636363636364,13,5.838334127360778,86.67846153846155
PTPRD,P845L,845.0,P23468,1,84.18999999999998,81.63000000000001,7,5.804709972818167,86.17
PTPRD,N1673I,1673.0,P23468,1,94.75,90.54090909090908,10,5.848085624019554,91.98299999999999
PTPRD,N639S,639.0,P23468,1,83.38,85.07363636363635,13,5.8351800448832245,85.70538461538462
PTPRD,P1305L,1305.0,P23468,1,33.38,27.968181818181822,4,5.393898851829162,28.005
PTPRD,P1382S,1382.0,P23468,1,93.06000000000002,92.30727272727272,7,5.834739843122671,93.0
PTPRD,P666T,666.0,P23468,1,88.75,88.35181818181819,8,5.339828455664482,88.0375
PTPRD,P845T,845.0,P23468,1,84.18999999999998,81.63000000000001,7,5.804709972818167,86.17
PTPRD,Q740E,740.0,P23468,1,84.69,82.75545454545454,13,5.7459626978028115,82.61
PTPRD,Q842P,842.0,P23468,1,91.31,84.44818181818181,10,5.566549014009139,89.89900000000002
PTPRD,H1025D,1025.0,P23468,1,88.75,78.75727272727272,8,5.542206470585239,86.43125
PTPRD,H1606P,1606.0,P23468,1,96.25,93.9090909090909,10,5.6552628831151335,94.06800000000001
PTPRD,I1339T,1339.0,P23468,1,91.31,88.8,11,5.900082609185106,91.69909090909091
PTPRD,K1464E,1464.0,P23468,1,92.06,89.07363636363635,12,6.02116199616545,91.4425
PTPRD,K1829E,1829.0,P23468,1,91.56,91.77909090909091,8,5.09094465644232,92.03999999999999
PTPRD,R1536G,1536.0,P23468,1,87.30999999999999,89.54545454545455,8,5.2032382515611255,89.55499999999999
PTPRD,R1623S,1623.0,P23468,1,85.30999999999999,89.07363636363635,8,5.865765999874799,71.32124999999999
PTPRD,R1692C,1692.0,P23468,1,73.88,85.05909090909091,4,4.901004411628826,81.97
PTPRD,R1898C,1898.0,P23468,1,93.94000000000001,94.19818181818182,10,5.500596638783974,93.69999999999999
PTPRD,S1683F,1683.0,P23468,1,83.19,91.74545454545455,5,5.411894977901778,88.038
PTPRD,R1536C,1536.0,P23468,1,87.30999999999999,89.54545454545455,8,5.2032382515611255,89.55499999999999
PTPRD,G696S,696.0,P23468,1,88.5,87.52272727272727,13,5.839658997384242,89.3623076923077
PTPRD,F1203L,1203.0,P23468,1,91.0,88.01636363636364,9,5.915567381972092,88.88777777777779
PTPRD,F873L,873.0,P23468,1,90.88,86.94909090909091,10,5.985375512750475,88.99300000000001
PTPRD,G1152R,1152.0,P23468,1,69.56,72.88636363636364,5,5.260693196275575,71.188
PTPRD,G1418D,1418.0,P23468,1,93.06,94.61545454545454,13,6.066568529290726,95.00615384615384
PTPRD,G1418S,1418.0,P23468,1,93.06,94.61545454545454,13,6.066568529290726,95.00615384615384
PTPRD,G1638A,1638.0,P23468,1,82.06,85.7209090909091,4,5.217458366309167,81.2175
PTPRD,G1812V,1812.0,P23468,1,91.5,91.50636363636363,7,6.096950664259582,92.25857142857141
PTPRD,G1825D,1825.0,P23468,1,92.38,93.74454545454546,8,5.125361201782614,93.90625
PTPRD,G1825S,1825.0,P23468,1,92.38,93.74454545454546,8,5.125361201782614,93.90625
PTPRD,E782K,782.0,P23468,1,74.25,70.73363636363636,8,5.798866578281338,81.41749999999999
PTPRD,E675G,675.0,P23468,1,89.69,89.83727272727273,7,5.235477014781131,90.60857142857142
PTPRD,E661K,661.0,P23468,1,91.56,85.69272727272727,8,5.5547365533941875,91.10125
PTPRD,E644K,644.0,P23468,1,91.06,90.04636363636364,12,5.603037478170141,89.40583333333332
PTPRD,A1846T,1846.0,P23468,1,93.94,96.84727272727274,12,6.041477562220397,95.5
PTPRD,D1545V,1545.0,P23468,1,89.19,92.66545454545455,4,5.004794043259501,91.9075
PTPRD,E1296Q,1296.0,P23468,1,29.220000000000002,28.949999999999992,4,5.325013703059003,28.044999999999998
PTPRD,E1695Q,1695.0,P23468,1,76.06,85.85454545454546,8,6.285962712674605,85.93875
PTPRD,E644D,644.0,P23468,1,91.06,90.04636363636364,12,5.603037478170141,89.40583333333332
DICER,E1670Q,1670.0,Q9UPY3,1,92.19,89.3809090909091,11,5.466119527951516,90.10818181818182
DICER,D1522H,1522.0,Q9UPY3,1,27.22,27.60909090909091,4,5.357130647036475,26.905
DICER,P934L,934.0,Q9UPY3,1,87.81000000000002,82.84636363636365,12,6.115145677275453,84.56166666666668
DICER,L879V,879.0,Q9UPY3,1,93.56,88.85636363636364,12,6.072756638868115,92.80583333333334
DICER,D1713V,1713.0,Q9UPY3,1,93.75,93.8809090909091,11,5.615551364722941,92.7390909090909
DICER,E970A,970.0,Q9UPY3,1,90.0,89.10272727272726,9,5.298803528379998,89.24333333333334
DICER,S411L,411.0,Q9UPY3,1,26.34,28.983636363636368,4,5.130489121541454,27.92
DICER,S1747L,1747.0,Q9UPY3,1,86.69,88.08,11,5.871049506039319,87.58545454545454
DICER,S1545F,1545.0,Q9UPY3,1,42.78,50.470909090909096,4,5.039124039565957,45.480000000000004
DICER,S1631F,1631.0,Q9UPY3,1,30.3,31.48818181818182,4,5.3446353703591365,28.917500000000004
DICER,S1628I,1628.0,Q9UPY3,1,32.06,29.773636363636363,4,5.578226241878671,29.5325
DICER,S1106C,1106.0,Q9UPY3,1,32.41,34.844545454545454,6,5.432077397423007,34.375
DICER,R800K,800.0,Q9UPY3,1,89.94000000000001,89.47727272727273,10,5.894181134288575,89.98200000000001
DICER,P645A,645.0,Q9UPY3,1,55.59000000000002,65.86454545454545,5,5.637587681957235,62.048
DICER,D1454E,1454.0,Q9UPY3,1,40.53,39.49181818181818,8,5.130564317828288,40.40875
DICER,D417E,417.0,Q9UPY3,1,35.78,32.60363636363636,4,5.486419850936621,33.6025
DICER,E218Q,218.0,Q9UPY3,1,72.75,71.22454545454546,8,5.389035316095999,71.76875
DICER,E1793D,1793.0,Q9UPY3,1,42.53,43.52090909090909,6,5.400096172946216,45.163333333333334
DICER,C1510Y,1510.0,Q9UPY3,1,28.73,29.269090909090913,5,5.594339224213145,28.415999999999997
DICER,A1133T,1133.0,Q9UPY3,1,25.12,27.372727272727275,4,5.440410776639906,26.005
DICER,A695V,695.0,Q9UPY3,1,91.19,89.79,13,5.680749904751225,88.69307692307694
DICER,E1424Q,1424.0,Q9UPY3,1,30.89,30.565454545454546,4,5.278852997012421,31.5675
DICER,E1499Q,1499.0,Q9UPY3,1,28.38,26.338181818181816,4,5.168790276718797,26.5475
DICER,D1454H,1454.0,Q9UPY3,1,40.53,39.49181818181818,8,5.130564317828288,40.40875
DICER,E1340Q,1340.0,Q9UPY3,1,83.19,81.47272727272728,9,5.474635878179885,84.29222222222222
DICER,V776F,776.0,Q9UPY3,1,92.25,89.58727272727273,10,5.655794166980245,89.901
DICER,S834F,834.0,Q9UPY3,1,88.69,89.23363636363636,9,5.779460584664247,90.23
DICER,P1013T,1013.0,Q9UPY3,1,52.12,53.091818181818184,4,5.138124112168242,54.2675
DICER,Q108E,108.0,Q9UPY3,1,80.75,81.97090909090907,8,5.2273067897944285,82.29625
DICER,Q7R,7.0,Q9UPY3,1,26.0,29.2,4,5.280748240232621,29.490000000000002
DICER,R1314Q,1314.0,Q9UPY3,1,89.62,88.02636363636363,11,6.071553070993954,88.83999999999999
DICER,L1047V,1047.0,Q9UPY3,1,91.19,90.3990909090909,11,5.734853458392313,90.13818181818182
DICER,L1047R,1047.0,Q9UPY3,1,91.19,90.3990909090909,11,5.734853458392313,90.13818181818182
DICER,K1557N,1557.0,Q9UPY3,1,88.69,89.11363636363636,12,5.488405640302873,83.53250000000001
DICER,E399V,399.0,Q9UPY3,1,30.41,30.69454545454546,8,5.111991531414444,30.8875
DICER,E416K,416.0,Q9UPY3,1,30.880000000000003,31.781818181818185,4,5.410751336574686,33.625
DICER,E497A,497.0,Q9UPY3,1,60.690000000000005,61.65909090909091,8,5.15609205255573,62.05375
DICER,S591C,591.0,Q9UPY3,1,49.94,50.5909090909091,8,5.887759950703291,57.79625000000001
DICER,S593L,593.0,Q9UPY3,1,44.47,44.834545454545456,6,5.921796104098658,48.43166666666667
DICER,S1160F,1160.0,Q9UPY3,1,27.45,25.75818181818182,4,5.111434344501057,25.93
DICER,S1477C,1477.0,Q9UPY3,1,25.28,26.689090909090908,4,5.2227098134588115,28.569999999999997
DICER,S1664L,1664.0,Q9UPY3,1,82.38,85.01727272727273,7,5.516442406776444,84.48285714285714
CHD4,R1162W,1162.0,Q14839,1,80.55999999999999,83.51636363636364,11,5.941486902727369,82.48272727272727
CHD4,F1280L,1280.0,Q14839,1,38.470000000000006,38.70454545454545,9,5.915478207329853,55.95333333333334
CHD4,E41Q,41.0,Q14839,1,38.66,35.05272727272727,4,5.241151145886667,37.0775
CHD4,G1336E,1336.0,Q14839,1,36.84,40.24272727272727,4,4.852077136933397,35.3675
CHD4,R877W,877.0,Q14839,1,85.25,88.07454545454544,6,5.485930911016072,86.54333333333334
CHD4,D164N,164.0,Q14839,1,69.56,78.76727272727273,4,5.167909063959588,78.08
CHD4,D316H,316.0,Q14839,1,31.52,31.44727272727273,4,5.403204956726958,32.255
CHD4,A235P,235.0,Q14839,1,41.81,40.53090909090909,8,5.106112178671733,40.84375
CHD4,D104N,104.0,Q14839,1,32.31,33.06727272727272,7,5.78303838989691,34.80285714285714
CHD4,P90Q,90.0,Q14839,1,36.31,31.483636363636368,4,5.553666184464499,31.58
CHD4,R102C,102.0,Q14839,1,31.62,32.12454545454545,6,5.933321501672747,32.635
CHD4,E97K,97.0,Q14839,1,29.559999999999995,29.273636363636363,4,5.577892556740143,29.035
CHD4,G267V,267.0,Q14839,1,31.69,32.60181818181818,4,5.3409355794524505,32.76
CHD4,G89V,89.0,Q14839,1,33.19,31.870000000000005,4,5.433228182919645,33.1175
CHD4,I296M,296.0,Q14839,1,31.89,31.259999999999994,4,5.5820631653014985,30.14
CHD4,D157N,157.0,Q14839,1,81.88,80.7218181818182,6,5.071465828991031,82.01
CHD4,A228P,228.0,Q14839,1,41.72,39.27090909090909,10,5.4650364346848095,46.629000000000005
CHD4,R1489H,1489.0,Q14839,1,79.25,79.40363636363637,7,5.238605594085961,81.65285714285713
CHD4,R1159W,1159.0,Q14839,1,81.94000000000001,83.20454545454544,13,5.954190234602421,80.38461538461539
CHD4,F1112L,1112.0,Q14839,1,89.80999999999999,85.7790909090909,11,5.929256353791856,87.5690909090909
CHD4,E820K,820.0,Q14839,1,92.94,87.86999999999999,12,6.087536460780121,91.06833333333333
CHD4,E820D,820.0,Q14839,1,92.94,87.86999999999999,12,6.087536460780121,91.06833333333333
CHD4,E1323Q,1323.0,Q14839,1,68.81,61.26272727272728,8,5.089850805642765,61.21375
CHD4,E1266K,1266.0,Q14839,1,33.59,41.83636363636364,4,4.871397714012037,37.0375
CHD4,N1149K,1149.0,Q14839,1,82.38,86.75727272727273,10,6.051889849863363,80.66199999999999
CHD4,L1318Q,1318.0,Q14839,1,53.25,59.58454545454546,8,5.082784098491913,59.6825
CHD4,N1113S,1113.0,Q14839,1,88.06,86.18818181818182,10,5.769810269500717,86.164
CHD4,M753V,753.0,Q14839,1,84.0,88.83454545454545,9,6.096715273246637,84.28999999999999
CHD4,L441R,441.0,Q14839,1,34.0,38.84,4,5.557458291799799,34.832499999999996
CHD4,L1257M,1257.0,Q14839,1,78.25,73.5909090909091,6,4.9898804323312325,76.64666666666666
CHD4,L1062V,1062.0,Q14839,1,92.38,91.2781818181818,11,5.626096464520313,90.17545454545456
CHD4,K1034T,1034.0,Q14839,1,85.94,83.22818181818182,9,5.4891179687573795,83.5488888888889
CHD4,K1016N,1016.0,Q14839,1,90.62,89.58545454545454,10,5.45620990599346,89.163
CHD4,I989F,989.0,Q14839,1,85.44,83.90363636363635,13,5.981547018683145,82.76923076923079
CHD4,D746N,746.0,Q14839,1,94.75,92.60181818181819,12,6.024043450089727,92.90083333333332
CHD4,D720N,720.0,Q14839,1,88.25,87.77181818181819,10,5.640990151154062,87.72400000000002
CHD4,D386N,386.0,Q14839,1,80.94,84.29545454545455,8,5.739604585250673,80.805
CHD4,D1110N,1110.0,Q14839,1,85.44,85.51727272727273,8,5.143226866869939,85.96000000000001
CHD4,R877Q,877.0,Q14839,1,85.25,88.07454545454544,6,5.485930911016072,86.54333333333334
CHD4,R1331Q,1331.0,Q14839,1,57.15999999999999,51.69818181818182,7,5.084079348663751,54.25714285714287
CHD4,Q730E,730.0,Q14839,1,93.31,92.66363636363636,10,5.424187075866776,92.324
CHD4,P904T,904.0,Q14839,1,77.5,81.46090909090908,10,6.193046097912257,83.71399999999998
CHD4,R975H,975.0,Q14839,1,89.75,88.60272727272728,8,5.46837135532355,90.18625
CHD4,R975L,975.0,Q14839,1,89.75,88.60272727272728,8,5.46837135532355,90.18625
CHD4,Y985S,985.0,Q14839,1,89.19000000000001,88.62454545454547,11,5.762488539758653,88.0390909090909
CHD4,W736L,736.0,Q14839,1,94.75,94.05636363636364,8,5.142426847253194,94.17125
CHD4,V1187G,1187.0,Q14839,1,79.81000000000002,79.32909090909091,9,5.510661495178294,79.61111111111111
CHD4,S631R,631.0,Q14839,1,90.25,89.06272727272727,7,5.50697155867401,90.92857142857143
ANK1,A1462T,1462.0,P16157,1,65.75,75.6218181818182,9,5.712646487586484,76.1488888888889
ANK1,R286Q,286.0,P16157,1,96.55999999999999,96.8190909090909,7,5.343044469706728,97.05428571428571
ANK1,Q644P,644.0,P16157,1,93.5,95.17000000000002,13,5.9948133166571855,94.7169230769231
BRCA1,L30F,30.0,P38398,1,90.56,90.20545454545453,10,5.907109767519949,90.41900000000001
BRCA1,Q81E,81.0,P38398,1,90.44,90.22272727272727,8,5.116101777949234,90.47749999999999
BRCA1,S561F,561.0,P38398,1,28.05,29.65636363636364,4,5.203772426381626,29.645000000000003
BRCA1,Q1240L,1240.0,P38398,1,32.22,30.30727272727273,4,5.355544220982511,28.7175
BRCA1,P871S,871.0,P38398,1,34.59,36.335454545454546,4,5.056745321755223,34.7475
BRCA1,E9Q,9.0,P38398,1,81.81,78.41818181818182,8,5.189583176776651,79.055
BRCA1,P364R,364.0,P38398,1,32.09,27.733636363636364,4,5.465785098837267,26.125
BRCA1,R951K,951.0,P38398,1,23.670000000000005,24.714545454545455,4,4.955348904115594,21.96
BRCA1,K50T,50.0,P38398,1,87.38,84.20727272727274,8,5.134612301436158,85.3925
BRCA1,K38N,38.0,P38398,1,86.12,90.06727272727272,10,6.330069126093422,86.50699999999999
BRCA1,K608N,608.0,P38398,1,30.42,31.90454545454546,4,5.349192504713354,32.417500000000004
BRCA1,S153R,153.0,P38398,1,31.94,33.122727272727275,5,5.898250220443981,32.49400000000001
BRCA1,I373L,373.0,P38398,1,40.41,39.35545454545454,7,5.195897132636607,40.75857142857143
BRCA1,Y101N,101.0,P38398,1,69.0,64.4590909090909,8,5.8448248733179025,71.90875
BRCA1,V83F,83.0,P38398,1,91.38,91.0690909090909,11,5.719577704280741,91.19909090909091
BRCA1,C61Y,61.0,P38398,1,87.56,78.22454545454546,11,5.772974396814612,84.56272727272727
BRCA1,C197Y,197.0,P38398,1,31.579999999999995,32.02454545454545,4,5.279783720353608,31.7175
BRCA1,V8F,8.0,P38398,1,82.5,74.77272727272727,10,5.7849986507857185,73.506
BRCA1,D96N,96.0,P38398,1,86.0,82.89181818181818,6,5.12636283392613,86.47833333333334
BRCA1,D96H,96.0,P38398,1,86.0,82.89181818181818,6,5.12636283392613,86.47833333333334
BRCA1,E1066K,1066.0,P38398,1,28.42,28.37272727272727,4,5.493592937098538,28.045
BRCA1,E1222Q,1222.0,P38398,1,35.94,32.49454545454545,4,5.537978785325299,34.2425
BRCA1,E215K,215.0,P38398,1,33.34,33.86545454545455,4,5.738004147454377,34.0925
BRCA1,D2E,2.0,P38398,1,45.12,56.392857142857146,3,4.422208066380885,49.89666666666667
BRCA1,V14D,14.0,P38398,1,90.68999999999998,88.44818181818181,8,5.200153095633857,88.85125
BRCA1,S864L,864.0,P38398,1,45.75,50.66090909090908,7,5.617576646221397,50.751428571428555
BRCA1,S868L,868.0,P38398,1,43.41,41.696363636363635,4,4.891014615863994,41.83
BRCA1,A224S,224.0,P38398,1,33.91,31.85454545454546,9,5.939293993073728,32.172222222222224
BRCA1,Q1395E,1395.0,P38398,1,84.12,77.61818181818181,6,4.917963854778743,84.62333333333333
BRCA1,I986M,986.0,P38398,1,25.81,28.87818181818182,4,4.988113774470965,27.959999999999997
BRCA1,H1105N,1105.0,P38398,1,27.22,30.00818181818182,4,5.203229789065593,29.7775
BRCA1,G778C,778.0,P38398,1,29.95,28.320000000000004,4,5.166004247940055,29.069999999999997
BRCA1,G1087A,1087.0,P38398,1,27.56,28.21,4,5.183762518832429,27.7175
BRCA1,F1231L,1231.0,P38398,1,30.06,30.55818181818182,4,5.335973895164646,30.8025
BRCA1,E842K,842.0,P38398,1,26.0,28.13,4,4.887842272746022,27.227500000000003
BRCA1,K309Q,309.0,P38398,1,28.23,30.11909090909091,4,5.301238997395458,32.0925
BRCA1,L758F,758.0,P38398,1,24.81,26.46272727272727,4,5.3446113176454695,26.33
BRCA1,L481V,481.0,P38398,1,29.72,28.33181818181818,4,5.324300892080074,28.5275
BRCA1,L1098I,1098.0,P38398,1,27.45,28.62636363636364,4,5.227769665780812,29.51
BRCA1,K607E,607.0,P38398,1,31.220000000000002,32.261818181818185,4,5.473442559254912,32.5375
BRCA1,C801S,801.0,P38398,1,25.610000000000003,31.226363636363637,4,5.0526804588379175,30.855
BRCA1,D1344H,1344.0,P38398,1,37.25,32.584545454545456,4,5.372047515202541,32.515
BRCA1,D1220N,1220.0,P38398,1,34.44,33.14909090909091,4,5.026067086328971,33.1325
BRCA1,D366N,366.0,P38398,1,28.11,29.49909090909091,4,5.227543492037159,29.4125
BRCA1,E1304V,1304.0,P38398,1,30.91,31.821818181818177,4,4.979504023461172,32.555
BRCA1,E1011K,1011.0,P38398,1,26.14,28.56,5,5.531811629280229,30.738
BRCA1,S1301N,1301.0,P38398,1,31.12,32.620909090909095,4,4.92327615311671,32.917500000000004
BRCA1,S1056F,1056.0,P38398,1,27.860000000000003,28.826363636363638,4,5.220345107802482,29.4
BRCA1,S1027I,1027.0,P38398,1,26.91,28.302727272727278,4,5.246339890846996,25.735000000000003
BRCA1,R613K,613.0,P38398,1,29.410000000000004,30.01181818181818,4,5.503015722028264,29.2825
BRCA1,V370I,370.0,P38398,1,36.0,34.231818181818184,5,5.547482478725014,34.888
BRCA1,S578F,578.0,P38398,1,26.329999999999995,27.14818181818182,4,5.10065312781898,27.627499999999998
BRCA1,S915C,915.0,P38398,1,28.78,28.33090909090909,4,5.292058384801497,28.9475
BRCA1,S708F,708.0,P38398,1,25.94,28.10363636363636,4,5.197541293907539,28.8725
BRCA1,S694N,694.0,P38398,1,29.31,29.778181818181817,4,5.090549948827406,30.154999999999994
BRCA1,N1081T,1081.0,P38398,1,28.5,29.24181818181818,4,5.234079902424143,28.520000000000003
BRCA1,R466Q,466.0,P38398,1,34.970000000000006,34.58,4,5.198537897958838,34.0925
MYO5A,E911D,911.0,Q9Y4I1,1,55.78,59.287272727272736,7,5.30008433683573,60.41571428571428
MYO5A,R874W,874.0,Q9Y4I1,1,86.38,83.24545454545455,8,5.483461378377003,83.4925
MYO5A,R874Q,874.0,Q9Y4I1,1,86.38,83.24545454545455,8,5.483461378377003,83.4925
MYO5A,R813H,813.0,Q9Y4I1,1,86.62,84.79454545454546,8,5.196525724580846,84.5775
MYO5A,R278P,278.0,Q9Y4I1,1,92.80999999999999,91.45545454545454,8,6.0564773505656095,91.76625
MYO5A,R1226H,1226.0,Q9Y4I1,1,70.5,68.73636363636363,10,5.605203227473551,69.43499999999999
MYO5A,R1193T,1193.0,Q9Y4I1,1,33.220000000000006,40.71272727272728,5,5.811865146912376,36.968
MYO5A,M899I,899.0,Q9Y4I1,1,80.62,75.84636363636363,8,5.220252340199426,75.7575
MYO5A,E648K,648.0,Q9Y4I1,1,89.06,88.84636363636362,8,5.192452676535288,88.72625
MYO5A,E1552Q,1552.0,Q9Y4I1,1,89.19,88.51818181818182,9,5.7216302417181435,86.45222222222223
MYO5A,E1121K,1121.0,Q9Y4I1,1,26.81,32.57545454545455,4,5.290311006332708,35.56
MYO5A,E1030K,1030.0,Q9Y4I1,1,77.69,76.05727272727273,8,5.294452516194246,75.8675
MYO5A,D1014H,1014.0,Q9Y4I1,1,82.38,81.23909090909092,8,5.208470728206282,81.0625
MYO5A,R1731H,1731.0,Q9Y4I1,1,91.12,89.91,9,5.233489848368504,89.51555555555555
MYO5A,K1708E,1708.0,Q9Y4I1,1,81.81,86.18636363636364,10,5.860389366264421,86.018
ARID2,W1669S,1669.0,Q68CP9,1,89.38000000000001,84.55909090909091,9,5.366831978468413,86.79888888888888
ARID2,S1137P,1137.0,Q68CP9,1,27.59,28.774545454545457,4,5.4037655065469234,32.0825
ARID2,T777I,777.0,Q68CP9,1,33.41,33.67454545454545,4,5.056529854612168,32.1075
ARID2,T1167I,1167.0,Q68CP9,1,30.610000000000007,29.525454545454544,4,5.433443461098643,29.4675
ARID2,I486V,486.0,Q68CP9,1,28.88,27.467272727272725,4,5.451932873729471,27.162499999999998
ARID2,H104Y,104.0,Q68CP9,1,75.5,73.02181818181818,7,5.256425289907248,76.85000000000001
ARID2,H1371D,1371.0,Q68CP9,1,35.81,31.88909090909091,4,5.60605071547387,31.495
CHD2,R121Q,121.0,O14647,1,32.5,31.836363636363636,5,5.450468346661786,32.248000000000005
CHD2,R190H,190.0,O14647,1,30.45,35.055454545454545,4,5.277947711952372,35.0175
AFAD,E1581K,1581.0,P55196,1,45.28,44.89727272727273,7,5.290191048769735,45.53857142857144
AFAD,S1510N,1510.0,P55196,1,27.579999999999995,36.372727272727275,4,5.23811074949169,31.2075
AFAD,R225W,225.0,P55196,1,61.34000000000001,62.29181818181817,8,5.070099850647574,62.28875
AFAD,T378P,378.0,P55196,1,49.06,49.04454545454546,4,5.196650484018976,47.8275
AFAD,T481N,481.0,P55196,1,93.5,90.94272727272728,8,5.558249099552167,93.4375
AFAD,S564C,564.0,P55196,1,29.97,31.116363636363634,4,5.431788457817496,30.564999999999998
AFAD,K631T,631.0,P55196,1,94.19,90.83090909090907,12,6.266784807510927,92.38583333333332
AFAD,P1350L,1350.0,P55196,1,32.25,31.583636363636366,4,5.262633871973034,30.615000000000002
AFAD,R1228T,1228.0,P55196,1,28.95,27.08818181818182,4,4.759689254804971,25.945
AFAD,P1400L,1400.0,P55196,1,40.46999999999999,39.02545454545455,5,5.238679957544335,38.468
AFAD,K1155N,1155.0,P55196,1,30.75,33.52181818181818,4,5.37000759261065,35.595
AFAD,K1568N,1568.0,P55196,1,83.94,81.33090909090907,9,5.202389191172332,82.41111111111111
AFAD,S1275F,1275.0,P55196,1,30.88,27.70181818181818,4,5.413914398253134,26.987499999999994
AFAD,S1082G,1082.0,P55196,1,84.88,88.34363636363638,5,5.138235952358455,87.15200000000002
AFAD,R1280Q,1280.0,P55196,1,26.05,27.067272727272726,4,5.39151529992584,26.59
AFAD,C942F,942.0,P55196,1,90.69,87.6709090909091,11,6.211327766313184,90.30181818181819
AFAD,A1551S,1551.0,P55196,1,80.88,84.66545454545454,6,5.172281703063135,85.42833333333333
AFAD,A1195V,1195.0,P55196,1,33.12,29.166363636363634,4,5.56688389523863,29.419999999999998
AFAD,G1203R,1203.0,P55196,1,25.5,27.39545454545454,4,5.275672831043923,27.8425
AFAD,H1170P,1170.0,P55196,1,28.639999999999997,27.987272727272728,4,5.362095523151993,26.465
AFAD,E1563G,1563.0,P55196,1,88.25,86.93272727272729,9,5.373977467181002,87.77777777777777
AFAD,E982Q,982.0,P55196,1,75.62,72.08545454545454,8,5.666831374092435,79.97
NUP98,G1129V,1129.0,P52948,1,56.41,55.47636363636365,9,6.276584904011966,54.787777777777784
NUP98,Q56H,56.0,P52948,1,30.08,31.44,4,5.2754799575702025,30.555000000000003
NUP98,L330I,330.0,P52948,1,36.16,35.84727272727273,4,5.2520032689418175,36.56
NUP98,T22A,22.0,P52948,1,29.889999999999993,33.43272727272727,4,5.517433722460959,31.167499999999997
NUP98,S137C,137.0,P52948,1,35.53,33.83636363636363,4,5.529857795064117,35.2375
NUP98,W1252C,1252.0,P52948,1,86.69000000000003,82.26181818181819,8,5.146446675776894,83.195
NUP98,T567R,567.0,P52948,1,29.800000000000004,31.99454545454545,4,5.314916216525326,33.205
NUP98,S406Y,406.0,P52948,1,35.56,34.13545454545454,4,5.203432603008911,33.88
NUP98,N417H,417.0,P52948,1,34.53,34.448181818181816,4,5.124581226902859,35.555
NUP98,G1146V,1146.0,P52948,1,50.22,52.24181818181818,7,5.364528137657091,58.18714285714285
TSC2,A289V,289.0,P49815,1,86.94,86.72272727272728,10,5.731093859088928,87.37599999999999
TSC2,R57C,57.0,P49815,1,89.80999999999999,85.8809090909091,12,5.5395246201670965,84.29166666666667
TSC2,R406T,406.0,P49815,1,87.38,85.0990909090909,8,5.3510300541773805,86.08
TSC2,L140Q,140.0,P49815,1,85.88,85.60909090909091,9,5.298630348075768,85.93777777777778
TSC2,E234K,234.0,P49815,1,84.5,83.72181818181816,6,5.579441233265055,84.97833333333334
TSC2,E234Q,234.0,P49815,1,84.5,83.72181818181816,6,5.579441233265055,84.97833333333334
TSC2,L539F,539.0,P49815,1,76.31,74.82,8,6.07853228813767,79.41499999999999
TSC2,S802R,802.0,P49815,1,86.94,85.64181818181818,12,6.104765229266153,87.06249999999999
TSC2,G294V,294.0,P49815,1,90.88,90.7509090909091,13,5.546953141502097,90.28384615384616
TSC2,D223N,223.0,P49815,1,89.12,86.77181818181818,10,5.34117002185534,87.649
TSC2,D926H,926.0,P49815,1,50.81,52.533636363636354,4,4.886159089461705,50.92999999999999
TSC2,D501E,501.0,P49815,1,85.12,85.02181818181818,7,5.3473362038525964,86.30428571428571
TSC2,V339I,339.0,P49815,1,91.43999999999998,90.31818181818181,11,5.620743195838074,89.6809090909091
TSC2,D223G,223.0,P49815,1,89.12,86.77181818181818,10,5.34117002185534,87.649
TSC2,D214G,214.0,P49815,1,84.44,84.79454545454546,12,5.908618071597924,83.44083333333333
TSC2,A210V,210.0,P49815,1,79.81,83.23818181818183,4,5.232356110654001,83.0625
TSC2,A306T,306.0,P49815,1,76.88,82.55818181818182,5,5.415713553922318,83.048
TSC2,I364F,364.0,P49815,1,91.44,89.50090909090909,10,5.452716130536356,90.282
TSC2,I127M,127.0,P49815,1,85.38,83.09181818181818,10,5.689481207914748,85.945
TSC2,Q595E,595.0,P49815,1,90.62,90.19181818181818,10,5.492090088140264,90.48600000000002
TSC2,Q883E,883.0,P49815,1,83.69,84.83090909090909,8,5.601834395877505,85.735
TSC2,S174L,174.0,P49815,1,77.31,78.35818181818182,9,5.580937842717748,81.85444444444445
TSC2,R943K,943.0,P49815,1,28.980000000000004,30.735454545454537,4,5.126060002668136,30.305
TSC2,R451I,451.0,P49815,1,85.44000000000001,86.68818181818182,9,5.395956110722513,86.65333333333335
TSC2,N425Y,425.0,P49815,1,86.06,86.20363636363636,8,5.140417396331409,86.81125
TSC2,L823M,823.0,P49815,1,90.19,90.19363636363636,9,5.441209773376135,90.27
TSC2,L204V,204.0,P49815,1,85.19,85.05090909090909,8,5.163938679465922,85.02250000000001
TSC2,L180P,180.0,P49815,1,87.0,85.61454545454545,10,5.396844242990824,85.83099999999999
TSC2,L741H,741.0,P49815,1,86.69,83.64272727272727,11,6.119400291141225,85.8809090909091
TSC2,L568V,568.0,P49815,1,91.88,91.15818181818183,10,5.624904429560423,91.405
TSC2,T246S,246.0,P49815,1,87.88,87.34090909090908,12,6.013487921648273,86.96333333333332
TSC2,R98Q,98.0,P49815,1,88.30999999999999,87.27727272727272,12,5.591709052339792,86.36916666666667
TSC2,D702E,702.0,P49815,1,89.19,89.49999999999999,11,5.734259775236878,83.20363636363636
TSC2,F143L,143.0,P49815,1,88.69000000000001,86.61454545454546,11,5.726035595880862,86.36363636363636
TSC2,E92V,92.0,P49815,1,80.88,83.99272727272727,4,4.9849799762788916,82.185
TSC2,S1072I,1072.0,P49815,1,82.94,76.96454545454546,17,5.958233863442174,77.06823529411764
TSC2,S1155F,1155.0,P49815,1,30.47,30.976363636363637,4,5.558490847970942,30.750000000000007
TSC2,R976Q,976.0,P49815,1,36.81,33.68272727272727,8,5.658021031252585,33.685
TSC2,S1014R,1014.0,P49815,1,68.88,64.42545454545456,8,5.229181249107058,65.03
TSC2,K1180E,1180.0,P49815,1,29.700000000000003,38.799090909090914,4,4.910680422982743,35.964999999999996
TSC2,L1235R,1235.0,P49815,1,59.0,56.53727272727272,8,5.130767723194842,57.008750000000006
TSC2,E973K,973.0,P49815,1,33.03,32.30909090909091,7,5.383314045953412,33.40857142857143
TSC2,T1105A,1105.0,P49815,1,27.84,30.535454545454545,4,5.346662430567823,30.237499999999997
TSC2,S946I,946.0,P49815,1,33.06,31.067272727272723,4,5.27743489545911,30.735
TSC2,S970R,970.0,P49815,1,32.69,31.20545454545455,6,5.65552611351034,30.95166666666667
TSC2,S1296C,1296.0,P49815,1,25.33,30.248181818181823,4,5.3864617827658225,30.7725
TSC2,S1269L,1269.0,P49815,1,29.27,29.427272727272726,4,5.380878244864403,30.205
TSC2,A1040T,1040.0,P49815,1,75.25,76.9090909090909,10,6.059258817649157,82.51899999999998
TSC2,P1162L,1162.0,P49815,1,36.78000000000001,32.87636363636364,4,5.032031550136644,32.1725
TSC2,M1029V,1029.0,P49815,1,87.88,86.26090909090908,10,5.356092146796542,86.78099999999999
TSC2,N1182S,1182.0,P49815,1,47.19,44.10545454545454,6,5.386942513737015,48.26166666666666
TSC2,S1336L,1336.0,P49815,1,31.0,30.80727272727273,4,5.1049439229084275,31.0575
TSC2,S1252C,1252.0,P49815,1,31.09,31.462727272727275,8,5.689219329375252,30.823749999999997
BCORL,C797F,797.0,Q5H9F3,1,25.14,30.799090909090918,4,5.484306654430251,31.055
BCORL,G832D,832.0,Q5H9F3,1,24.83,29.702727272727273,4,5.538087050507801,29.464999999999996
BCORL,D1243E,1243.0,Q5H9F3,1,32.19,29.816363636363636,4,5.359656859927798,30.6325
BCORL,P1000A,1000.0,Q5H9F3,1,33.44,28.49090909090909,4,5.108604219007003,29.599999999999998
BCOR,R540Q,540.0,Q6W2J9,1,29.12,31.90909090909091,4,5.47649164028461,30.245
BCOR,A320V,320.0,Q6W2J9,1,31.559999999999995,33.73181818181819,4,5.269408939185781,35.605
BCOR,Q995K,995.0,Q6W2J9,1,41.88,35.56363636363636,7,5.97016388386214,35.78142857142857
BCOR,I88M,88.0,Q6W2J9,1,32.09,28.88,4,5.48786524298847,27.22
BCOR,G86L,86.0,Q6W2J9,1,26.02,29.320909090909094,4,5.012946347925908,31.8275
BCOR,L760P,760.0,Q6W2J9,1,29.25,27.060000000000002,4,5.189733970159472,28.2725
BCOR,S173R,173.0,Q6W2J9,1,32.09,34.18181818181819,4,5.401182030028017,33.915
BCOR,V137I,137.0,Q6W2J9,1,34.28,34.944545454545455,4,5.363731599304951,33.0625
BCOR,V253I,253.0,Q6W2J9,1,32.41,34.47545454545454,4,5.542096618180354,33.4625
BCOR,G522S,522.0,Q6W2J9,1,32.28,31.293636363636367,4,5.026857407561446,32.690000000000005
BCOR,A986T,986.0,Q6W2J9,1,32.47,33.52818181818182,4,5.3820507446722905,31.820000000000004
BCOR,D417H,417.0,Q6W2J9,1,33.38,33.802727272727275,4,4.745073871827376,32.66
BCOR,D35Y,35.0,Q6W2J9,1,34.88,33.18727272727272,4,5.29961366654212,31.342499999999998
BCOR,A1149V,1149.0,Q6W2J9,1,27.829999999999995,28.839999999999996,4,5.290040070983867,25.847499999999997
BCOR,R83W,83.0,Q6W2J9,1,31.579999999999995,29.275454545454544,4,5.247508860490683,31.03
BCOR,S116L,116.0,Q6W2J9,1,30.88,30.942727272727268,4,5.405995676879208,30.814999999999998
BCOR,R761W,761.0,Q6W2J9,1,25.469999999999995,26.569999999999997,4,5.25153974940053,25.8675
BCOR,R1234G,1234.0,Q6W2J9,1,35.0,32.36727272727273,4,4.9388512546632715,31.0975
BCOR,R21C,21.0,Q6W2J9,1,31.410000000000004,30.985454545454544,4,5.241905079156449,32.5125
BCOR,R21H,21.0,Q6W2J9,1,31.410000000000004,30.985454545454544,4,5.241905079156449,32.5125
BCOR,S259L,259.0,Q6W2J9,1,28.2,32.22636363636364,4,5.230085578662224,31.554999999999996
BCOR,S563R,563.0,Q6W2J9,1,32.66,31.847272727272728,4,5.414446940437422,30.8225
BCOR,V598M,598.0,Q6W2J9,1,31.66,34.27363636363637,4,5.304533390209417,36.8725
BCOR,V933A,933.0,Q6W2J9,1,32.03,32.73454545454546,4,5.54607903117779,31.9375
BCOR,T162S,162.0,Q6W2J9,1,28.32999999999999,31.39636363636363,4,5.598213701654504,28.922500000000003
BCOR,F357L,357.0,Q6W2J9,1,32.40999999999999,33.449090909090906,4,5.212495125425922,34.305
BCOR,P601T,601.0,Q6W2J9,1,37.75,34.82,4,5.099858384351454,34.0975
BCOR,P405T,405.0,Q6W2J9,1,35.47,32.8509090909091,4,5.391519337388975,34.01
BCOR,L702M,702.0,Q6W2J9,1,34.06,34.77636363636364,4,5.371988960167032,35.2475
BCOR,M458I,458.0,Q6W2J9,1,30.08,33.99,4,5.511654336760016,33.6575
BCOR,R1162H,1162.0,Q6W2J9,1,26.519999999999996,29.017272727272726,4,5.068096356540941,29.45
BCOR,I1071T,1071.0,Q6W2J9,1,36.84,32.51363636363636,4,5.316571309277272,35.595
BCOR,M1124L,1124.0,Q6W2J9,1,28.03,29.767272727272726,4,5.117593780546413,30.1375
BCOR,V1132G,1132.0,Q6W2J9,1,26.03,29.887272727272727,4,5.144994417344349,27.285
BCOR,A1121V,1121.0,Q6W2J9,1,31.55,30.638181818181817,4,5.266934611257564,28.2425
PRDM2,D1236G,1236.0,Q13029,1,41.25,41.122727272727275,6,5.346792687403627,41.42666666666667
PRDM2,D623V,623.0,Q13029,1,34.06,31.862727272727273,4,5.277081090493553,32.144999999999996
PRDM2,A11V,11.0,Q13029,1,58.470000000000006,57.36909090909091,5,5.4379114917105245,62.169999999999995
KDM5C,R212Q,212.0,P41229,1,29.95,29.465454545454545,8,5.936648524652025,31.775
KDM5C,S717L,717.0,P41229,1,96.0,94.16999999999999,12,5.952251675365773,95.3175
KDM5C,G450R,450.0,P41229,1,81.38,82.76727272727273,9,5.804604852716669,81.2988888888889
KDM5C,K33N,33.0,P41229,1,93.06,93.34727272727274,7,5.376497627222613,93.25999999999999
KDM5C,D26E,26.0,P41229,1,89.88,92.2390909090909,8,5.432005677430055,92.525
KDM5C,L747P,747.0,P41229,1,95.31,92.37545454545456,13,5.944251323800027,93.44615384615382
KDM5C,R1165C,1165.0,P41229,1,90.0,87.35272727272728,12,5.589254638183701,87.92666666666666
KDM5C,P582L,582.0,P41229,1,95.81000000000002,95.43181818181819,9,6.074043106969983,94.95777777777778
KDM5C,S893L,893.0,P41229,1,59.06,62.154545454545456,7,5.498645531193053,61.6
KDM5C,R367Q,367.0,P41229,1,71.69000000000001,69.57727272727271,12,6.072712197502437,73.13583333333332
KDM5C,R1314W,1314.0,P41229,1,80.80999999999999,73.28454545454545,8,5.292827189115352,74.18375
KDM5C,R1307Q,1307.0,P41229,1,88.0,86.36818181818181,9,5.494517358596612,86.47111111111111
KDM5C,S509L,509.0,P41229,1,94.5,93.52727272727272,12,5.788233498453002,93.69083333333333
KDM5C,S294R,294.0,P41229,1,28.22,27.850909090909088,4,5.336310944497489,27.8525
KDM5C,A1027V,1027.0,P41229,1,91.5,90.53909090909089,8,5.20087374381492,90.33500000000001
KDM5C,R211Q,211.0,P41229,1,29.769999999999996,29.51090909090909,7,5.7256148436580245,30.00714285714286
KDM5C,S98C,98.0,P41229,1,69.19,71.61090909090909,7,5.4222042169882885,69.30714285714286
KDM5A,L323V,323.0,P29375,1,82.81,82.61454545454546,11,5.881069211948349,81.3990909090909
KDM5A,L784F,784.0,P29375,1,93.69,91.2609090909091,12,5.873720582460122,91.53083333333332
KDM5A,C476R,476.0,P29375,1,97.75,95.68181818181819,14,6.078244713235398,97.02642857142857
KDM5A,Y361S,361.0,P29375,1,92.5,89.60272727272728,11,5.925425553618225,92.25000000000001
PB1,N304T,304.0,Q86U86,1,33.94,33.64363636363637,4,5.52634375277978,33.4575
PB1,V194G,194.0,Q86U86,1,94.62,92.98272727272727,10,5.840360289107083,94.256
PB1,P218T,218.0,Q86U86,1,90.5,90.19363636363636,9,5.549688918886874,90.08333333333333
PB1,A510G,510.0,Q86U86,1,32.5,38.58363636363636,6,5.614159085751765,38.16833333333333
PB1,D451H,451.0,Q86U86,1,94.88,93.92090909090908,10,5.6523596235972215,94.368
PB1,E354Q,354.0,Q86U86,1,29.91,32.38181818181818,4,5.255086665240055,31.4475
PB1,S383L,383.0,Q86U86,1,71.69,71.47636363636364,6,5.709271171815459,80.645
PB1,E624K,624.0,Q86U86,1,87.44,79.85636363636362,6,5.002322240812279,86.86666666666667
PB1,E905Q,905.0,Q86U86,1,92.19,92.03000000000002,8,5.117892049109605,92.455
PB1,E863K,863.0,Q86U86,1,94.88,94.31272727272727,10,5.759039820370658,93.631
PB1,Q841P,841.0,Q86U86,1,96.88,94.95545454545454,9,5.261378694842164,95.11111111111111
PB1,F116I,116.0,Q86U86,1,97.12000000000002,95.42636363636365,10,5.705952188124135,95.864
PB1,L41I,41.0,Q86U86,1,29.64,42.88090909090909,4,5.199403137580273,35.16
PB1,A137T,137.0,Q86U86,1,95.5,94.4309090909091,12,5.612611312928883,94.78583333333334
PB1,Y281N,281.0,Q86U86,1,94.80999999999999,92.99363636363636,8,5.2181048533734495,93.1875
PB1,R394S,394.0,Q86U86,1,93.0,88.94363636363636,10,5.896793214724166,91.41300000000001
PB1,R512K,512.0,Q86U86,1,40.06,42.63818181818181,7,5.754582820737977,42.528571428571425
PB1,R324K,324.0,Q86U86,1,32.69,30.702727272727273,4,5.416601438333892,30.495000000000005
PB1,D446E,446.0,Q86U86,1,88.62,90.57454545454544,6,4.851559203735733,91.55166666666666
PB1,Q432H,432.0,Q86U86,1,93.81,93.10727272727273,8,5.230005028013168,93.35875
PB1,R1185Q,1185.0,Q86U86,1,92.38,93.5809090909091,10,5.645987879642236,92.351
PB1,E1251Q,1251.0,Q86U86,1,88.19,91.41,6,5.478977247612537,90.57333333333334
PB1,L886V,886.0,Q86U86,1,95.62,92.39636363636363,12,5.7108450409685725,92.64
PB1,G604D,604.0,Q86U86,1,85.5,91.37363636363635,6,5.457149719856823,91.57166666666667
PB1,I570V,570.0,Q86U86,1,93.25,93.1809090909091,8,5.296378120095554,93.67125
PB1,E970Q,970.0,Q86U86,1,77.62,84.71363636363637,5,4.9280919141613895,79.372
PB1,F546Y,546.0,Q86U86,1,95.55999999999999,92.26181818181819,9,5.609147537483073,93.48666666666666
PB1,M523I,523.0,Q86U86,1,91.44,87.5909090909091,12,5.762579312635515,87.85916666666667
PB1,M586I,586.0,Q86U86,1,93.75,89.91454545454545,12,5.852074461021444,90.54666666666667
PB1,K638R,638.0,Q86U86,1,31.779999999999998,33.43,4,5.329615726064397,32.9975
PB1,E878K,878.0,Q86U86,1,94.19,94.01272727272726,8,5.237481351633964,94.205
PB1,E1014Q,1014.0,Q86U86,1,87.38,88.92000000000002,7,5.625635842399977,88.92714285714285
PB1,E1287K,1287.0,Q86U86,1,94.38,91.62545454545456,12,5.969459099655418,92.80583333333334
PB1,K1374E,1374.0,Q86U86,1,36.06,35.03363636363636,4,5.389174141285697,33.985
PB1,L1032V,1032.0,Q86U86,1,92.06,93.02727272727272,9,6.041566430080765,93.19444444444444
PB1,L1480F,1480.0,Q86U86,1,35.5,35.23636363636364,4,5.275681155527783,36.7175
PB1,P1143A,1143.0,Q86U86,1,83.75,84.72727272727273,4,4.9835160688103946,84.625
CLH1,I66V,66.0,Q00610,1,79.56,83.10727272727273,7,5.185010381703393,82.08857142857143
CLH1,E1503K,1503.0,Q00610,1,70.06,74.17,5,5.75003063435697,73.75
CLH1,E1561K,1561.0,Q00610,1,65.31,69.00272727272726,6,5.032652090685672,69.74
CLH1,E33Q,33.0,Q00610,1,89.5,88.73818181818183,14,6.547756396385758,90.93571428571428
CLH1,R8C,8.0,Q00610,1,89.19000000000001,85.24454545454546,9,5.718558956909841,89.62444444444444
CLH1,Q10E,10.0,Q00610,1,89.56,89.01727272727273,7,5.428140075144519,90.92285714285713
CLH2,I732L,732.0,P53675,1,77.88,77.43818181818182,9,5.230666811507473,77.58333333333333
CMTA1,K50Q,50.0,Q9Y6Y1,1,46.31,49.36909090909091,4,4.897876586684228,51.0175
PREX2,R363Q,363.0,Q70Z35,1,74.05999999999999,66.2190909090909,10,5.606772999861839,70.297
SMCA4,S813L,813.0,P51532,1,75.75,86.87545454545455,8,5.634140271947138,78.66
SMCA4,R1192H,1192.0,P51532,1,82.0,84.03999999999999,10,5.708853387793675,81.80699999999999
SMCA4,T910M,910.0,P51532,1,88.56000000000002,84.70545454545454,15,6.09194254511078,86.266
SMCA4,R539C,539.0,P51532,1,56.18999999999999,57.550000000000004,8,5.223828753029927,57.885000000000005
SMCA4,T858M,858.0,P51532,1,94.31000000000002,93.23727272727274,14,6.14965871599889,92.67
SMCA4,Y1118F,1118.0,P51532,1,89.05999999999999,91.85636363636364,9,5.692809807932111,88.20111111111112
SMCA4,E566Q,566.0,P51532,1,67.56,61.24636363636364,8,4.971412983193828,61.5025
SMCA4,R351C,351.0,P51532,1,38.970000000000006,37.99636363636363,4,5.374917444496347,36.5725
SMCA4,S141P,141.0,P51532,1,34.66,30.574545454545454,4,5.047795786896659,32.067499999999995
SMCA4,G271E,271.0,P51532,1,31.3,38.50545454545455,4,5.505477145738119,41.485
SMCA4,G10E,10.0,P51532,1,42.72,45.21272727272727,4,5.486881214793536,43.5475
SMCA4,S85L,85.0,P51532,1,32.97,35.04545454545454,4,5.4827867135494435,34.7825
SMCA4,P265A,265.0,P51532,1,45.19,40.84454545454545,4,5.694013389389443,34.6275
SMCA4,L180F,180.0,P51532,1,77.25,77.40454545454546,9,5.351230972457588,77.72333333333333
SMCA4,R208W,208.0,P51532,1,42.88,50.31909090909091,6,5.7365834828920095,56.505
SMCA4,A314T,314.0,P51532,1,33.25,34.056363636363635,7,5.927827435091091,32.174285714285716
SMCA4,R885C,885.0,P51532,1,80.75,81.35727272727273,5,4.960885189454008,80.5
SMCA4,T814K,814.0,P51532,1,81.81000000000002,86.30090909090909,10,5.41603897159747,80.691
SMCA4,R885H,885.0,P51532,1,80.75,81.35727272727273,5,4.960885189454008,80.5
SMCA4,R967H,967.0,P51532,1,68.69000000000001,72.60727272727273,8,5.1701387440713304,72.30375000000001
SMCA4,A1158T,1158.0,P51532,1,77.0,77.1990909090909,10,5.408116394776352,80.28099999999999
SMCA4,D694N,694.0,P51532,1,45.5,42.42636363636363,4,4.993667676317631,42.5725
SMCA4,E1144K,1144.0,P51532,1,87.94,87.19181818181818,7,5.188469958161237,86.70285714285716
SMCA4,E821K,821.0,P51532,1,90.69,89.92727272727274,11,5.786914234480904,90.96636363636365
SMCA4,E882K,882.0,P51532,1,86.94,86.80090909090909,11,5.9853384690687985,87.9127272727273
SMCA4,F1102L,1102.0,P51532,1,93.87999999999998,92.30636363636363,15,6.047560468391521,90.62533333333334
SMCA4,F1142L,1142.0,P51532,1,90.12,86.30545454545455,13,6.268551144260286,88.5576923076923
SMCA4,F853L,853.0,P51532,1,92.62,90.2609090909091,12,6.184164942673308,90.78666666666665
SMCA4,G782V,782.0,P51532,1,77.56,87.55636363636363,8,5.834255084858732,84.07
SMCA4,H1097Q,1097.0,P51532,1,92.62,92.97090909090909,11,6.014414460956596,92.67727272727272
SMCA4,I864M,864.0,P51532,1,92.0,91.11818181818181,9,5.571794651630928,90.76111111111112
SMCA4,A819T,819.0,P51532,1,90.06,88.31363636363636,11,5.832173982490247,90.05727272727273
SMCA4,R1043W,1043.0,P51532,1,91.30999999999999,89.08000000000001,10,5.520687675016215,89.482
SMCA4,R1243P,1243.0,P51532,1,70.38,70.12,12,5.730245337006225,68.72416666666668
SMCA4,P616L,616.0,P51532,1,72.31,67.17272727272729,11,5.669533558625208,74.07636363636365
SMCA4,R1189Q,1189.0,P51532,1,83.88,83.61999999999999,13,5.950315849241483,80.2923076923077
SMCA4,R1157W,1157.0,P51532,1,81.30999999999999,79.03454545454544,10,6.116112926555512,79.244
SMCA4,R1333W,1333.0,P51532,1,72.05999999999999,78.79454545454546,7,5.562203632505677,76.46428571428571
SMCA4,L1389P,1389.0,P51532,1,57.25,58.108181818181826,8,5.172927767070365,58.84
SMCA4,R1618Q,1618.0,P51532,1,34.5,33.055454545454545,4,5.167553099143634,34.7825
SMCA4,N1457S,1457.0,P51532,1,83.62,84.45454545454545,6,4.95284853569953,87.18833333333333
SMCA4,D1299N,1299.0,P51532,1,87.0,81.31272727272727,8,5.791535142127341,88.265
SMCA4,S1475R,1475.0,P51532,1,77.56,85.66454545454546,5,5.091159488286235,82.076
SMCA4,R1608W,1608.0,P51532,1,31.230000000000004,28.923636363636366,4,5.270195535755847,29.18
SMCA4,Q1537H,1537.0,P51532,1,92.88,91.90454545454544,12,5.891775468368631,91.81833333333333
SMCA4,R1431H,1431.0,P51532,1,28.860000000000003,32.599999999999994,6,5.82625738665325,32.18666666666667
ALK,R179H,179.0,Q9UM73,1,73.5,71.02181818181818,7,5.333927551829645,72.46857142857142
ALK,R291P,291.0,Q9UM73,1,79.80999999999999,70.62727272727273,7,5.335627296434398,80.66
CIC,R274Q,274.0,Q96RK0,1,85.12,85.73363636363636,8,5.714395806534111,86.85249999999999
CIC,R415Q,415.0,Q96RK0,1,36.12,34.482727272727274,4,4.935326378244648,35.195
CIC,S950L,950.0,Q96RK0,1,37.31,32.64272727272728,7,6.314461069215484,36.90857142857143
CIC,R716W,716.0,Q96RK0,1,35.75,35.21454545454546,4,5.320939031250997,33.8525
CIC,E469Q,469.0,Q96RK0,1,30.029999999999994,31.654545454545453,5,5.912952243932393,30.184000000000005
CIC,M711V,711.0,Q96RK0,1,36.53,34.91272727272727,5,5.954483863235522,35.608
CIC,G623E,623.0,Q96RK0,1,41.34,34.655454545454546,4,5.211270155343371,33.98
CIC,G365V,365.0,Q96RK0,1,32.53,31.759090909090904,4,5.4749600025928835,31.534999999999997
CIC,A536V,536.0,Q96RK0,1,32.94,32.948181818181816,4,5.302564507450188,33.6125
CIC,R6G,6.0,Q96RK0,1,35.59,35.983636363636364,4,5.564882548733847,35.4525
CIC,Q1008R,1008.0,Q96RK0,1,37.06,36.41181818181818,4,4.915553070377119,39.055
CIC,P896L,896.0,Q96RK0,1,26.44,32.96,4,5.33733028081303,30.9975
CIC,P1076T,1076.0,Q96RK0,1,35.72,36.153636363636366,4,5.6003511302577165,39.735
SETBP,R112Q,112.0,Q9Y6X0,1,32.19,40.657272727272726,7,5.794082510940885,42.08142857142857
BAZ1A,T1062I,1062.0,Q9NRL2,1,32.66,31.186363636363637,4,5.363968796934061,31.16
BAZ1A,D639H,639.0,Q9NRL2,1,94.56,93.91363636363636,8,5.149226267002017,93.8275
BAZ1A,V462L,462.0,Q9NRL2,1,92.56000000000002,91.96,10,5.946504219895699,92.67499999999998
BAZ1A,K338N,338.0,Q9NRL2,1,58.59,58.01090909090909,8,5.002910743012818,58.2225
ASXL1,G668C,668.0,Q8IXJ9,1,39.62,39.380909090909086,4,5.577485142415444,39.705
ASXL1,S1044C,1044.0,Q8IXJ9,1,33.06,31.03636363636364,4,5.582445768871738,32.28
ASXL1,E727K,727.0,Q8IXJ9,1,30.98,33.79363636363637,4,5.407014683672324,34.385
ASXL1,G1150E,1150.0,Q8IXJ9,1,30.12,31.633636363636366,8,5.83470627315026,34.78625
ASXL1,E484G,484.0,Q8IXJ9,1,31.92,33.29727272727273,4,5.392768955132522,34.8775
ASXL1,E788K,788.0,Q8IXJ9,1,32.47,29.730000000000004,4,4.9607979859106575,28.305
ASXL1,S146Y,146.0,Q8IXJ9,1,36.94,37.904545454545456,4,5.392714588419256,37.4075
ASXL1,R1073C,1073.0,Q8IXJ9,1,28.69,33.93818181818181,4,5.374060017119421,34.855
ASXL1,M1161V,1161.0,Q8IXJ9,1,26.84,32.76545454545454,4,5.0567706718977075,29.757499999999997
ASXL1,D451G,451.0,Q8IXJ9,1,30.97,33.81636363636364,4,5.3567574283117585,33.2125
ASXL1,G42R,42.0,Q8IXJ9,1,87.19,86.63636363636364,9,5.614756179172877,86.38555555555556
ASXL1,N57S,57.0,Q8IXJ9,1,93.94,92.88090909090909,9,5.248846440632484,93.41666666666667
ASXL1,L60P,60.0,Q8IXJ9,1,94.56,91.21,12,5.964866372536567,92.65666666666665
ASXL1,R11C,11.0,Q8IXJ9,1,83.69000000000001,79.22272727272728,10,5.823321467212889,80.691
ASXL1,G607C,607.0,Q8IXJ9,1,32.72,39.973636363636366,4,5.227368607162317,39.805
ASXL1,K523N,523.0,Q8IXJ9,1,40.0,36.71,4,5.4269806012682,38.0625
ASXL1,D1128Y,1128.0,Q8IXJ9,1,31.55,32.1109090909091,4,4.796660139664865,29.547499999999996
ASXL1,A1016V,1016.0,Q8IXJ9,1,38.94,38.872727272727275,4,5.261380681760332,39.11
ASXL1,L1378V,1378.0,Q8IXJ9,1,35.31,35.958181818181814,4,5.3324166067735925,38.67
ASXL1,L1399V,1399.0,Q8IXJ9,1,27.45,30.883636363636366,4,5.416867724751522,30.0025
ASXL1,E1006K,1006.0,Q8IXJ9,1,41.5,40.35090909090909,4,5.201047259300179,38.485
ASXL1,D1242N,1242.0,Q8IXJ9,1,27.61,28.10272727272727,6,5.765326242950177,32.800000000000004
ASXL1,G659D,659.0,Q8IXJ9,1,44.59,46.15909090909092,4,5.3484069230722096,48.2275
ASXL1,D292H,292.0,Q8IXJ9,1,83.31,81.04545454545455,10,5.503807131816631,82.5
ASXL1,D124N,124.0,Q8IXJ9,1,41.59,40.519999999999996,4,5.134071621080592,37.8825
ASXL1,H407R,407.0,Q8IXJ9,1,36.09000000000001,33.98636363636364,4,4.991174876414788,32.8625
ASXL1,K409N,409.0,Q8IXJ9,1,33.34,34.299090909090914,4,4.901303008687052,34.255
ASXL1,G629C,629.0,Q8IXJ9,1,38.88,45.95454545454545,7,5.460204245510043,47.82999999999999
ASXL1,G1339E,1339.0,Q8IXJ9,1,34.78,30.020000000000003,4,4.559268542173747,28.0625
ASXL1,E537D,537.0,Q8IXJ9,1,35.53,40.70454545454545,4,5.187472342528174,40.57
ASXL1,G1198V,1198.0,Q8IXJ9,1,42.44,34.379999999999995,4,5.356073830698525,38.5225
ASXL1,D863H,863.0,Q8IXJ9,1,37.09,35.02090909090909,4,5.561794038913792,34.735
ASXL1,T1186I,1186.0,Q8IXJ9,1,32.69,30.673636363636366,4,5.150783950198811,32.112500000000004
ASXL1,R235Q,235.0,Q8IXJ9,1,37.06,33.95727272727272,4,5.145963242368871,37.2875
ASXL1,R1068Q,1068.0,Q8IXJ9,1,39.220000000000006,35.733636363636364,6,5.676687292308116,37.265
ASXL1,S1028L,1028.0,Q8IXJ9,1,34.41,37.18454545454545,4,5.258692609564125,36.31
ASXL1,P675L,675.0,Q8IXJ9,1,42.78000000000001,37.90909090909091,4,5.196091811827344,38.7475
ASXL1,Q283H,283.0,Q8IXJ9,1,84.94,85.5790909090909,8,5.2990822783949945,86.1
M3K1,L380S,380.0,Q13233,1,87.5,85.89818181818181,12,6.132701912287202,86.30166666666668
M3K1,R364W,364.0,Q13233,1,86.80999999999999,89.08454545454546,11,5.85899146855992,87.65818181818182
M3K1,S1330W,1330.0,Q13233,1,93.06,90.83545454545454,12,5.4320746911374185,92.34750000000001
M3K1,K1272T,1272.0,Q13233,1,89.88,82.07363636363635,12,5.756039870361417,87.76333333333334
M3K1,N1374S,1374.0,Q13233,1,94.12,91.81727272727274,12,5.877432321073627,92.69166666666666
M3K1,L375V,375.0,Q13233,1,87.38,84.12454545454545,13,6.514551565760856,84.23
M3K1,E1419K,1419.0,Q13233,1,89.06,85.77,12,5.920389796588371,83.035
M3K1,E601D,601.0,Q13233,1,45.53,51.74272727272728,7,5.881267378476791,53.95285714285715
M3K1,G1436S,1436.0,Q13233,1,97.31,96.47000000000001,14,5.733482086584179,96.66
M3K1,R532Q,532.0,Q13233,1,25.45,30.161818181818184,4,5.463526013000282,28.58
RHG05,E411K,411.0,Q13017,1,94.62,93.80181818181818,11,5.682304173705539,93.40454545454544
RHG05,R250G,250.0,Q13017,1,72.69000000000001,81.69818181818182,6,5.227002749634853,79.43666666666667
RHG05,R1071T,1071.0,Q13017,1,32.220000000000006,34.06363636363637,4,5.185879838316298,36.25
RHG05,R1007H,1007.0,Q13017,1,30.3,30.905454545454543,4,5.360712203144457,29.974999999999998
RHG05,M1418I,1418.0,Q13017,1,90.19,81.77090909090909,12,5.908468762979496,89.4325
RHG05,I780S,780.0,Q13017,1,92.75,87.05,13,5.791017844201903,91.7653846153846
RHG05,I566F,566.0,Q13017,1,88.75,86.96636363636365,10,5.624220851917785,87.21900000000001
RHG05,H91L,91.0,Q13017,1,96.25,91.77909090909093,12,5.859935666482845,94.66083333333331
RHG05,H849N,849.0,Q13017,1,92.69000000000001,87.09636363636363,13,6.110970075601729,90.47615384615385
RHG05,H551R,551.0,Q13017,1,77.88,83.01818181818182,7,5.5096603895445275,82.88428571428571
RHG05,Y463F,463.0,Q13017,1,91.88,90.93818181818182,14,6.181576593032614,91.94571428571427
RHG05,V764L,764.0,Q13017,1,33.41,38.00909090909091,4,5.205151077965019,35.5625
RHG05,S516N,516.0,Q13017,1,85.44,83.52818181818182,8,5.103821426473433,84.155
RHG05,S320L,320.0,Q13017,1,94.06,94.83454545454546,9,5.431143229500304,94.72222222222223
RHG05,S294R,294.0,Q13017,1,93.56,92.49909090909091,8,5.097366348855285,92.58500000000001
RHG05,R739H,739.0,Q13017,1,76.75,75.92454545454545,7,5.824171741650426,75.75428571428571
RHG05,E145Q,145.0,Q13017,1,90.81,90.70363636363635,7,6.316100934590728,90.81142857142858
RHG35,H51Y,51.0,Q9NRY4,1,92.55999999999999,92.06181818181818,8,5.955884980867253,93.02375
CDK12,S608F,608.0,Q9NYV4,1,31.56,34.980909090909094,4,5.160119257896661,34.835
CDK12,P304T,304.0,Q9NYV4,1,40.12,34.584545454545456,4,5.318532727454017,35.605
CDK12,K756T,756.0,Q9NYV4,1,94.94,89.12,12,5.749531191344954,93.62000000000002
CDK12,E985Q,985.0,Q9NYV4,1,97.19,97.69909090909091,7,5.501764791517256,97.86714285714285
CDK12,E314Q,314.0,Q9NYV4,1,39.62,37.14,4,5.168051730916847,37.46
CDK12,K263N,263.0,Q9NYV4,1,35.66,36.43727272727273,8,5.473104431103474,38.53
CDK12,D245N,245.0,Q9NYV4,1,39.72,39.18636363636364,4,5.217054593647372,40.3575
CDK12,D235Y,235.0,Q9NYV4,1,36.5,35.98727272727273,4,5.430819449253421,37.795
CDK12,D214N,214.0,Q9NYV4,1,33.38,34.86090909090909,4,5.391436529922495,35.4075
CDK12,D1100N,1100.0,Q9NYV4,1,32.06,33.72454545454545,4,5.07441002294467,31.61
CDK12,S228C,228.0,Q9NYV4,1,34.94,35.6,4,5.168279027358496,34.1725
CDK12,L55F,55.0,Q9NYV4,1,34.53,34.162727272727274,8,5.6261561404023634,35.89125
CDK12,S1191L,1191.0,Q9NYV4,1,31.19,31.37545454545455,4,5.687418030705594,31.405
CDK12,R329L,329.0,Q9NYV4,1,34.56,36.60454545454545,4,5.422787696377222,33.795
CDK12,R300T,300.0,Q9NYV4,1,34.88,34.049090909090914,4,5.150714394915876,33.0325
CDK12,R219K,219.0,Q9NYV4,1,34.529999999999994,35.03636363636364,4,5.24911047210382,33.582499999999996
CDK12,S590L,590.0,Q9NYV4,1,37.59,39.69818181818182,4,5.280357106844892,39.8275
CDK12,P707A,707.0,Q9NYV4,1,41.410000000000004,36.82727272727273,4,5.189534102920593,35.5625
NMDE1,V713I,713.0,Q12879,1,90.81000000000002,91.8509090909091,8,5.846835138550874,91.64
NMDE1,F708Y,708.0,Q12879,1,93.05999999999999,91.73818181818181,11,6.0460684381864045,92.59636363636363
NMDE1,V187I,187.0,Q12879,1,94.31000000000002,92.70454545454545,9,5.392248535694461,93.14000000000001
NMDE1,P699T,699.0,Q12879,1,91.31000000000002,91.58545454545455,9,5.44324285215973,91.46555555555557
NMDE1,S397Y,397.0,Q12879,1,52.81,55.36545454545455,5,5.411812793678915,52.036
NMDE1,R76H,76.0,Q12879,1,83.12,85.66454545454546,7,5.522040865181867,82.34
NMDE1,T888M,888.0,Q12879,1,35.88,39.406363636363636,6,5.878569015246594,41.281666666666666
NMDE1,V659L,659.0,Q12879,1,59.52999999999999,66.25454545454545,5,5.184724078870879,59.988
NMDE1,V573D,573.0,Q12879,1,79.56000000000002,78.45909090909092,12,5.7146638604188285,80.0575
NMDE1,G873A,873.0,Q12879,1,49.03,45.71363636363636,6,5.380236780980941,48.48
NMDE1,E1156K,1156.0,Q12879,1,26.91,30.418181818181814,4,5.390920738210928,31.762500000000003
NMDE1,A155T,155.0,Q12879,1,92.88,91.61272727272727,12,5.8828025732189815,92.48250000000002
NMDE1,E1202Q,1202.0,Q12879,1,30.14,30.14818181818182,4,5.280256480910541,30.0825
NMDE1,G591W,591.0,Q12879,1,41.59,45.596363636363634,6,5.4259725789777695,44.17166666666666
NMDE1,F613L,613.0,Q12879,1,82.30999999999999,80.4790909090909,8,5.760322225856791,83.3375
NMDE1,E691D,691.0,Q12879,1,90.5,88.79636363636364,12,5.739879293782824,89.60499999999998
NMDE1,G1197V,1197.0,Q12879,1,30.5,30.6490909090909,4,5.4893934434817915,31.68
NMDE1,L607I,607.0,Q12879,1,81.25,80.71181818181816,10,5.424852657364521,79.61999999999998
NMDE1,Q1023H,1023.0,Q12879,1,30.48,31.30454545454546,4,5.244292307906443,30.7025
NMDE1,R1169Q,1169.0,Q12879,1,33.279999999999994,32.790909090909096,4,5.365615802276344,32.9175
NMDE1,R1159H,1159.0,Q12879,1,32.40999999999999,30.391818181818177,4,5.263383887017081,29.477500000000003
NMDE1,M934I,934.0,Q12879,1,36.84,35.00545454545454,4,5.213833520076525,35.714999999999996
NMDE1,S1440C,1440.0,Q12879,1,35.91,34.85272727272727,4,5.182065455901785,35.175000000000004
NMDE1,R1309Q,1309.0,Q12879,1,28.329999999999995,30.579090909090908,4,5.022329480354614,30.935
NMDE1,R1417W,1417.0,Q12879,1,32.25,32.36454545454546,4,5.292305591318242,33.089999999999996
NMDE1,K1281N,1281.0,Q12879,1,30.67,31.06,4,5.467788194655668,30.295
NMDE1,G1347C,1347.0,Q12879,1,35.06,32.313636363636355,4,5.171801302742196,33.432500000000005
NMDE1,P673H,673.0,Q12879,1,87.25,85.52181818181819,11,5.588621714167695,86.98272727272727
NMDE1,R681P,681.0,Q12879,1,92.05999999999999,89.05181818181818,11,6.191007717692554,90.99999999999999
NMDE1,R518C,518.0,Q12879,1,92.5,92.52181818181818,9,5.523981746146687,92.24222222222222
NMDE1,R1241W,1241.0,Q12879,1,33.40999999999999,31.404545454545453,5,5.577724560429859,32.66799999999999
NMDE1,R1067W,1067.0,Q12879,1,29.089999999999996,29.617272727272724,4,5.446202830044112,29.990000000000002
NMDE1,Q356P,356.0,Q12879,1,88.56,87.15363636363635,14,5.859213373921761,88.16071428571429
NMDE1,Q323R,323.0,Q12879,1,58.28,62.00272727272728,4,4.993823987775965,63.4125
NMDE1,Q323H,323.0,Q12879,1,58.28,62.00272727272728,4,4.993823987775965,63.4125
NMDE1,P581L,581.0,Q12879,1,59.38,63.68272727272727,8,6.0219098953905625,60.64125
NMDE1,N1210K,1210.0,Q12879,1,26.92,30.719090909090905,4,5.434324141355567,30.285
NMDE1,P401S,401.0,Q12879,1,54.34000000000002,61.08909090909091,4,4.94064107322493,55.6625
NMDE1,P13L,13.0,Q12879,1,39.62,41.25181818181819,4,5.282117360128807,42.1775
NMDE1,P1095H,1095.0,Q12879,1,28.31,28.35,4,5.150742074478005,27.565
NMDE1,P1074L,1074.0,Q12879,1,38.339999999999996,30.99454545454546,4,5.208576217641491,31.3425
NMDE1,N961K,961.0,Q12879,1,26.69,30.026363636363634,4,5.535542249299916,31.4525
NMDE1,S445L,445.0,Q12879,1,58.88,65.34727272727274,4,4.973559190037304,60.11000000000001
NMDE1,T834P,834.0,Q12879,1,90.43999999999998,90.67000000000002,8,5.074818777015121,91.21000000000001
NMDE1,T995M,995.0,Q12879,1,30.59,29.20272727272728,4,5.0053675120242715,29.134999999999998
NMDE1,V99M,99.0,Q12879,1,92.93999999999998,87.55181818181819,15,6.088101914446351,90.57333333333332
NMDE1,V529L,529.0,Q12879,1,91.93999999999998,93.01363636363637,7,5.596967449099753,93.28857142857143
NMDE1,V526A,526.0,Q12879,1,94.75,93.8090909090909,9,6.192764525019594,95.05111111111111
NMDE1,V417I,417.0,Q12879,1,95.0,91.97272727272728,16,5.873629572363846,93.540625
NMDE1,C745W,745.0,Q12879,1,84.31,84.83454545454543,10,5.923524401221625,84.887
NMDE1,E50K,50.0,Q12879,1,71.5,69.44545454545454,8,5.266353990097423,69.55375000000001
NMDE1,E1176Q,1176.0,Q12879,1,30.98,31.474545454545453,4,5.325901638194372,30.8325
NMDE1,E1175K,1175.0,Q12879,1,31.42,31.58272727272727,4,5.327779847244768,32.125
NMDE1,D523Y,523.0,Q12879,1,95.75,94.02999999999999,12,6.038370778784774,93.73666666666668
NMDE1,D1121H,1121.0,Q12879,1,31.19,31.270000000000003,4,4.987461287392379,31.51
NMDE1,M960I,960.0,Q12879,1,29.08,29.680000000000003,4,5.58761484343006,29.73
NMDE1,A764V,764.0,Q12879,1,96.19,93.65,14,6.050131571433243,94.94714285714288
NMDE1,A570T,570.0,Q12879,1,79.31,78.24363636363637,12,5.490731230226985,78.78666666666668
NMDE1,A33T,33.0,Q12879,1,76.88,71.30363636363636,8,5.503278874460632,79.1
NMDE1,A1068T,1068.0,Q12879,1,29.22,29.708181818181814,4,5.436812729469377,28.425
NMDE1,F524L,524.0,Q12879,1,95.69000000000001,93.97909090909091,11,5.858774685645085,94.80818181818182
NMDE1,G322W,322.0,Q12879,1,66.12,63.70090909090909,7,5.918877994211835,66.22285714285714
NMDE1,G510A,510.0,Q12879,1,93.56,93.41363636363639,13,6.261198462842322,94.42846153846155
NMDE1,L963F,963.0,Q12879,1,33.38,29.522727272727266,4,5.150429942745786,27.5
NMDE1,K438R,438.0,Q12879,1,88.94,82.54,12,5.9401324839935965,87.42083333333335
NMDE1,K1116T,1116.0,Q12879,1,33.31,31.45818181818182,4,5.008335423065459,30.642500000000002
NMDE1,I836T,836.0,Q12879,1,89.69,88.48272727272727,8,5.068005092657525,88.5775
NMDE1,I775T,775.0,Q12879,1,95.56,94.48363636363636,11,5.706755057959223,94.50090909090909
NMDE1,I418N,418.0,Q12879,1,93.75,91.07999999999998,11,5.644918187992311,93.00727272727272
NMDE1,I222M,222.0,Q12879,1,87.69,87.26636363636364,8,5.792316147824279,87.68625
NMDE1,H405D,405.0,Q12879,1,82.5,77.24545454545454,9,5.583388203246029,80.63333333333334
NMDE1,G740W,740.0,Q12879,1,87.62,87.34545454545454,12,5.331097269115416,84.54083333333332
FANCA,E84K,84.0,O15360,1,46.16,42.27272727272727,6,5.583653175245041,40.11333333333334
FANCA,D252N,252.0,O15360,1,45.88,54.01999999999999,5,5.002405689649153,49.124
FANCA,T126M,126.0,O15360,1,70.44,65.06545454545454,7,5.4111645327112585,70.10571428571428
FANCA,R52L,52.0,O15360,1,48.529999999999994,48.88727272727272,7,5.221319241925989,49.91571428571428
FANCA,E38K,38.0,O15360,1,52.28,46.342727272727274,6,5.264477003801821,49.720000000000006
FANCA,P108S,108.0,O15360,1,76.5,73.09909090909092,8,5.739224849482339,73.21875
FANCA,M160I,160.0,O15360,1,78.5,80.19363636363636,10,5.640124577231755,79.85
FANCA,Q168E,168.0,O15360,1,82.19,80.6590909090909,10,5.6659630191178945,80.42
FANCA,E526Q,526.0,O15360,1,66.25,71.39818181818181,7,5.533052413902181,73.95714285714287
FANCA,L920F,920.0,O15360,1,82.62,81.24909090909092,9,5.522697183368554,82.00666666666666
FANCA,E642K,642.0,O15360,1,25.06,33.52545454545455,4,5.006821120682683,28.947499999999998
PTPRT,R82T,82.0,O14522,1,81.5,84.50090909090909,10,5.951767037388622,81.301
PTPRT,V122I,122.0,O14522,1,95.06000000000002,92.19545454545455,12,5.633055595842383,93.50083333333333
PTPRT,P372T,372.0,O14522,1,90.0,89.82545454545453,8,6.130132038597621,91.07249999999999
PTPRT,R632Q,632.0,O14522,1,73.69000000000001,68.24272727272728,5,5.57675488277434,73.402
PTPRT,P18Q,18.0,O14522,1,40.25,36.84,4,5.289789538814763,35.2825
PTPRT,S537G,537.0,O14522,1,83.88,85.96000000000001,5,5.297081282763973,86.276
PTPRT,R450Q,450.0,O14522,1,91.25,90.36363636363637,7,5.265520084162618,91.25857142857141
PTPRT,N672K,672.0,O14522,1,85.0,87.2790909090909,6,5.115653839265386,86.64666666666666
PTPRT,S249L,249.0,O14522,1,90.38,85.59727272727274,12,5.718486342379722,87.0
PTPRT,M591K,591.0,O14522,1,85.06,79.82272727272728,13,6.3367864031693575,87.1676923076923
PTPRT,G682D,682.0,O14522,1,89.56,90.81727272727274,11,5.130491117492591,90.61454545454545
PTPRT,D683N,683.0,O14522,1,91.56,90.54454545454547,9,5.5869395220064195,91.08222222222221
PTPRT,E630K,630.0,O14522,1,87.19,78.11181818181818,10,5.643328462376255,86.07
PTPRT,E181K,181.0,O14522,1,91.5,92.09,12,6.097327493817274,92.65500000000002
PTPRT,R183W,183.0,O14522,1,93.30999999999999,91.85727272727273,11,5.6973299032607425,87.0190909090909
PTPRT,V396I,396.0,O14522,1,92.12,91.19636363636363,8,5.909892206204917,92.14750000000001
PTPRT,V440I,440.0,O14522,1,88.12,85.40818181818182,8,5.633397935627195,89.92875000000001
PTPRT,V515I,515.0,O14522,1,91.18999999999998,90.77999999999999,8,6.041841726747631,90.845
PTPRT,W136L,136.0,O14522,1,93.19000000000003,86.1590909090909,10,5.858373601931767,92.27
PTPRT,S73C,73.0,O14522,1,92.12,88.87999999999998,13,6.11475722931095,89.84153846153845
PTPRT,T49N,49.0,O14522,1,64.31,77.95181818181817,6,5.270876064993176,74.55666666666667
PTPRT,N344K,344.0,O14522,1,90.12,86.96,8,5.538952377871843,89.10875
PTPRT,N688S,688.0,O14522,1,86.12,89.97000000000001,7,5.595570547806392,89.85857142857142
PTPRT,N510S,510.0,O14522,1,86.19,90.14999999999999,8,6.123759430423713,90.14125
PTPRT,M471I,471.0,O14522,1,92.12,91.06090909090909,12,5.918897019963125,90.82249999999999
PTPRT,Q86H,86.0,O14522,1,87.5,86.61454545454548,13,5.80205519461162,78.5453846153846
PTPRT,H173L,173.0,O14522,1,76.30999999999999,83.92636363636363,12,6.045667130443221,82.04083333333334
PTPRT,G81R,81.0,O14522,1,78.94,84.7790909090909,8,6.185586747736661,79.0625
PTPRT,G726A,726.0,O14522,1,69.75,68.0690909090909,7,5.552493853264779,77.93714285714285
PTPRT,G1064D,1064.0,O14522,1,91.38,93.21454545454547,9,5.469344873569115,93.28222222222222
PTPRT,G1054D,1054.0,O14522,1,84.5,84.96363636363635,7,6.01901431463403,84.72142857142856
PTPRT,K882N,882.0,O14522,1,87.56,79.09909090909092,8,5.46787406023304,84.24375
PTPRT,G689D,689.0,O14522,1,84.25,89.89090909090909,7,5.899914222650959,90.31285714285714
PTPRT,R851C,851.0,O14522,1,26.3,28.266363636363636,4,5.217644792399453,29.234999999999996
PTPRT,R870C,870.0,O14522,1,92.75,83.36090909090909,9,5.301363743531335,90.97999999999999
PTPRK,S83L,83.0,Q15262,1,85.94,89.43,8,5.264347232836682,86.14625000000001
PTPRK,F558L,558.0,Q15262,1,93.05999999999999,89.69272727272727,9,5.910237175759907,91.52222222222223
PTPRK,K496N,496.0,Q15262,1,83.81,89.08454545454545,5,5.333896043706476,88.412
PTPRK,N549K,549.0,Q15262,1,88.69,87.13727272727272,10,5.979356031244381,90.256
PTPRK,A449S,449.0,Q15262,1,78.0,83.16454545454548,7,5.649089648140165,80.87428571428572
FACD2,R315Q,315.0,Q9BXW9,1,39.19,41.22454545454545,5,5.064725506951766,37.656
FACD2,L972F,972.0,Q9BXW9,1,94.25,92.23272727272727,10,5.651556950216355,92.992
FACD2,D221Y,221.0,Q9BXW9,1,85.25,88.09272727272727,7,5.733220501048041,87.0185714285714
FACD2,G56V,56.0,Q9BXW9,1,85.56,86.39818181818181,10,5.424186580293493,87.608
FACD2,S619F,619.0,Q9BXW9,1,91.06,89.91454545454545,8,5.446787421106534,90.015
FACD2,S590R,590.0,Q9BXW9,1,54.029999999999994,58.23545454545455,6,5.638056471929826,52.968333333333334
FACD2,S483G,483.0,Q9BXW9,1,84.69,88.17181818181818,7,5.428313036875015,89.55571428571429
FACD2,L436V,436.0,Q9BXW9,1,96.25,94.87545454545453,13,6.020966611467812,95.80307692307693
FACD2,S1417P,1417.0,Q9BXW9,1,29.2,31.273636363636367,4,5.317508231170959,31.9525
FACD2,R870S,870.0,Q9BXW9,1,27.589999999999996,27.40454545454546,4,5.472266065941506,27.14
FACD2,R1381T,1381.0,Q9BXW9,1,62.220000000000006,68.50090909090908,9,5.601910932523418,73.05888888888889
FACD2,R1165W,1165.0,Q9BXW9,1,87.75,81.11,9,5.803726301833445,88.63888888888889
FACD2,Q802H,802.0,Q9BXW9,1,88.19,88.44363636363636,8,5.970031027860136,90.78875
FACD2,Q1100E,1100.0,Q9BXW9,1,72.06,76.70636363636363,7,5.8938501649094235,79.08428571428571
FACD2,N503S,503.0,Q9BXW9,1,90.12,89.90363636363635,9,5.629793360705474,90.64
FACD2,L788F,788.0,Q9BXW9,1,93.62,93.77636363636363,11,5.828882411738175,91.85000000000001
FACD2,L699F,699.0,Q9BXW9,1,92.06,89.09545454545454,12,5.982619056262792,91.31166666666665
FACD2,K871N,871.0,Q9BXW9,1,24.78,27.69545454545454,4,5.390126975696401,27.69
FACD2,H1042Y,1042.0,Q9BXW9,1,56.970000000000006,62.32454545454545,6,5.09355424809074,63.751666666666665
FACD2,H1014Y,1014.0,Q9BXW9,1,89.94000000000001,88.61363636363636,9,5.488545991298666,88.54777777777778
FACD2,G995R,995.0,Q9BXW9,1,40.75,44.72727272727273,7,5.971145356809634,49.96142857142858
FACD2,F843I,843.0,Q9BXW9,1,75.94000000000001,68.2818181818182,10,6.3591105158283465,77.106
FACD2,E807D,807.0,Q9BXW9,1,81.31,84.8990909090909,6,4.966377259402276,83.91833333333334
FACD2,E1382Q,1382.0,Q9BXW9,1,60.190000000000005,66.39818181818181,5,5.246906386110588,62.91799999999999
FACD2,E1173D,1173.0,Q9BXW9,1,35.75,54.52818181818182,4,5.165619377535915,44.14
FACD2,E1153K,1153.0,Q9BXW9,1,86.69,86.3809090909091,11,5.579661582252845,87.5690909090909
FACD2,A731V,731.0,Q9BXW9,1,94.56,92.81181818181818,11,5.776677497230596,92.17000000000002
FACD2,A329T,329.0,Q9BXW9,1,30.77,33.25090909090909,4,5.445498420885426,33.945
PTC1,R1394Q,1394.0,Q13635,1,35.38,33.97545454545454,4,5.359944668700393,34.1875
PTC1,V556I,556.0,Q13635,1,95.31000000000002,93.83999999999997,13,5.806271969644039,94.49
PTC1,Y804H,804.0,Q13635,1,93.19000000000001,92.01181818181819,11,5.439034460533086,92.23272727272727
NCOA1,D1375N,1375.0,Q15788,1,30.62,31.424545454545456,5,5.736125809997276,32.302
NCOA1,I588T,588.0,Q15788,1,30.03,32.32454545454545,4,5.435780713765039,31.64
NCOA1,S327F,327.0,Q15788,1,92.62,93.99909090909091,8,5.648806528244271,94.14625000000001
NCOA1,S1320C,1320.0,Q15788,1,35.12,32.62,4,5.094280329567144,33.47
NCOA1,S1033L,1033.0,Q15788,1,35.59,36.26636363636364,4,5.3421392465600785,36.8125
NCOA1,Q882H,882.0,Q15788,1,30.92,31.01181818181818,4,5.226023455230885,31.085
NCOA1,Q303E,303.0,Q15788,1,81.62,88.18181818181819,7,5.269360069453277,86.68857142857142
NCOA1,E832D,832.0,Q15788,1,30.42,31.828181818181818,4,5.20989617771847,31.87
NCOA1,E86D,86.0,Q15788,1,52.53,56.75272727272727,8,5.37175752419959,56.04375
NCOA1,E971D,971.0,Q15788,1,31.059999999999995,30.914545454545454,4,5.030122530337762,28.97
NCOA1,Q1024E,1024.0,Q15788,1,32.94,40.96909090909091,4,5.7543770316733855,42.04
NCOA1,P975T,975.0,Q15788,1,32.56,31.19636363636364,4,5.517605079154157,30.0
NCOA1,N1357H,1357.0,Q15788,1,26.08,28.315454545454546,4,4.842015584152444,28.0725
NCOA1,N1313S,1313.0,Q15788,1,31.19,31.689090909090908,4,5.241527071480315,30.84
NCOA1,L868F,868.0,Q15788,1,29.33,29.961818181818185,4,4.915604830066237,31.134999999999998
NCOA1,H161Q,161.0,Q15788,1,92.30999999999999,91.90181818181819,13,6.281204033167056,92.34
CLIP1,T382P,382.0,P30622,1,86.06000000000002,86.5227272727273,8,5.167927058654927,86.695
CLIP1,E387Q,387.0,P30622,1,86.69,85.08272727272728,8,5.165299887848126,86.1925
CLIP1,R229W,229.0,P30622,1,95.5,93.29,12,5.9890276851567235,93.53583333333334
CLIP1,G334R,334.0,P30622,1,34.84,33.157272727272726,4,5.226274410493135,32.14
CLIP1,I196V,196.0,P30622,1,31.11,27.176363636363632,4,5.076799793073636,29.03
CLIP1,E426K,426.0,P30622,1,78.19,74.99454545454546,8,5.1765335772783185,76.10125
CLIP1,S200L,200.0,P30622,1,23.89,27.53909090909091,4,5.270160517646164,26.2175
CLIP1,L231F,231.0,P30622,1,93.31,92.98909090909092,11,6.125564003959609,92.55727272727273
CLIP1,M1213I,1213.0,P30622,1,83.25,85.3409090909091,8,5.065039968077182,85.57875
CLIP1,H1409R,1409.0,P30622,1,43.56,45.24363636363636,4,5.0512110579252525,43.8075
CLIP1,E1217K,1217.0,P30622,1,83.88,86.75545454545454,8,5.097838430112828,86.7875
CLIP1,E1104K,1104.0,P30622,1,62.309999999999995,64.17909090909092,8,5.103152373196629,64.21125
CLIP1,V1256I,1256.0,P30622,1,89.43999999999998,89.55090909090909,8,5.154270109337755,89.7575
NSD2,I74F,74.0,O96028,1,34.56,32.56909090909091,6,5.467865709852575,33.37166666666667
NSD2,S580P,580.0,O96028,1,33.5,32.13272727272727,4,5.371484550176572,32.4525
NSD2,K361M,361.0,O96028,1,67.38,61.64454545454546,10,5.451330511436199,58.88399999999999
NSD2,D552E,552.0,O96028,1,33.12,31.623636363636365,4,5.373245054930495,32.695
NSD2,F463L,463.0,O96028,1,94.5,89.05636363636364,11,5.709139928726279,90.12363636363635
NSD2,S1011L,1011.0,O96028,1,89.25,90.23818181818183,5,5.352927743766359,89.474
NSD2,D430G,430.0,O96028,1,31.41,32.89,4,5.482323164953825,36.055
NSD2,A593T,593.0,O96028,1,34.16,33.11818181818182,4,5.3583473900068475,31.4025
NSD2,G945A,945.0,O96028,1,52.66,58.879999999999995,9,6.18125808938688,59.29333333333333
NSD2,H913R,913.0,O96028,1,87.44000000000001,88.24,6,5.687089120058363,88.585
NSD2,I1068M,1068.0,O96028,1,92.75,90.2909090909091,8,5.56559582021622,93.18
NSD2,R1236K,1236.0,O96028,1,49.779999999999994,54.43636363636363,5,5.470695091472395,58.468
NSD2,P676R,676.0,O96028,1,88.75,89.72000000000001,11,6.111523620255077,87.83000000000001
NSD2,R1060H,1060.0,O96028,1,93.12000000000002,93.14818181818181,8,5.684239495216396,93.61625000000001
NSD2,R944Q,944.0,O96028,1,58.69000000000001,62.34272727272728,9,6.124989124167236,55.407777777777774
NSD2,E1099K,1099.0,O96028,1,90.31,92.70363636363636,10,5.922715006217686,90.65
NSD2,G1319R,1319.0,O96028,1,70.94,72.28454545454547,6,5.252690206501575,70.21833333333333
NSD2,G924V,924.0,O96028,1,91.31,92.66454545454545,12,5.901752383357618,85.54916666666668
NSD2,D1123H,1123.0,O96028,1,86.56,89.57272727272729,6,5.313141457574596,89.16666666666667
NSD2,D1168N,1168.0,O96028,1,96.5,95.85272727272726,10,5.850470572529721,95.99499999999999
NSD2,A978G,978.0,O96028,1,78.69,75.95909090909092,8,5.124462425083886,75.80375000000001
NSD3,K601N,601.0,Q9BZ95,1,33.94,34.06090909090909,4,5.432349976802935,35.105000000000004
NSD3,L66V,66.0,Q9BZ95,1,32.84,35.25454545454546,4,5.5398822107493855,40.36
NSD3,K159I,159.0,Q9BZ95,1,29.779999999999998,33.29727272727273,4,4.921876524918505,33.4875
NSD3,K596N,596.0,Q9BZ95,1,37.31,36.169999999999995,4,5.710611956202266,36.875
NSD3,C286G,286.0,Q9BZ95,1,94.75,90.99454545454545,13,5.595982942993008,94.27
NSD3,D369H,369.0,Q9BZ95,1,88.5,87.21545454545455,8,5.143685956299882,87.8425
NSD3,H323N,323.0,Q9BZ95,1,91.69000000000001,91.2790909090909,10,5.603506419455484,92.41999999999999
NSD3,E388Q,388.0,Q9BZ95,1,83.44,82.26818181818182,8,5.413814434370751,79.64
NSD3,E553G,553.0,Q9BZ95,1,34.0,32.81,4,5.499189874797806,33.4325
NSD3,S88L,88.0,Q9BZ95,1,35.5,32.65909090909091,4,5.372261258656389,31.76
NSD3,S96L,96.0,Q9BZ95,1,32.25,33.42090909090909,4,5.431363623266973,32.89
NSD3,P285H,285.0,Q9BZ95,1,94.93999999999998,90.13636363636363,14,6.042711745679472,93.795
NSD3,Q521R,521.0,Q9BZ95,1,33.88,32.718181818181826,4,5.4770596567422904,30.810000000000002
NSD3,P908L,908.0,Q9BZ95,1,31.199999999999996,34.24,4,4.947664289550936,33.8975
NSD3,Q162H,162.0,Q9BZ95,1,32.88,33.20363636363636,5,5.493474490954438,34.58
NSD3,Q398K,398.0,Q9BZ95,1,36.47,44.160909090909094,4,4.947378470202246,42.015
NSD3,S6Y,6.0,Q9BZ95,1,41.44,37.00454545454545,7,5.69035643272409,36.65
NSD3,R211G,211.0,Q9BZ95,1,30.95,30.233636363636357,4,5.054355275595157,30.212500000000002
NSD3,S114L,114.0,Q9BZ95,1,34.28,31.69454545454545,4,5.396323510555884,31.064999999999998
NSD3,S482P,482.0,Q9BZ95,1,30.579999999999995,31.477272727272727,4,4.826939922031871,30.697499999999998
NSD3,M642I,642.0,Q9BZ95,1,30.69,30.089999999999996,4,5.319358279016742,31.505000000000003
NSD3,S709T,709.0,Q9BZ95,1,80.69,80.72727272727273,7,5.449897559256102,82.62428571428572
NSD3,S681F,681.0,Q9BZ95,1,31.56,32.52363636363636,4,5.314330838376014,32.585
NSD3,R764H,764.0,Q9BZ95,1,91.30999999999999,83.06818181818181,10,6.040605289083493,90.04400000000001
NSD3,G719V,719.0,Q9BZ95,1,84.44,86.55090909090907,10,5.763570528646025,87.425
NSD3,A620V,620.0,Q9BZ95,1,29.25,30.465454545454552,4,5.413382144148675,30.449999999999996
ASXL2,E534K,534.0,Q76L83,1,40.53,38.26272727272727,4,5.140310258203321,39.0875
ASXL2,M977I,977.0,Q76L83,1,33.09,35.13363636363636,4,4.876184310253885,34.5325
ASXL2,L558P,558.0,Q76L83,1,32.06,33.62,4,5.360388996934814,32.5875
ASXL2,F373L,373.0,Q76L83,1,69.12,72.00636363636363,6,5.26461913545226,73.585
BLM,D340N,340.0,P54132,1,36.81,35.56999999999999,4,5.308547215233874,37.4225
BLM,E164K,164.0,P54132,1,29.059999999999995,31.63090909090909,4,5.076156513352149,29.707499999999996
BLM,S147F,147.0,P54132,1,28.84,28.927272727272733,4,5.335631361784654,29.685000000000002
BLM,E621Q,621.0,P54132,1,26.88,31.871818181818185,5,5.75538262449832,32.636
BLM,I658M,658.0,P54132,1,93.62,92.39727272727272,12,5.813062117964159,93.14583333333333
BLM,L845P,845.0,P54132,1,90.25,89.43727272727273,11,5.918388666379813,89.1809090909091
BLM,M1111I,1111.0,P54132,1,94.75,90.48818181818183,11,6.0658634448650455,94.87545454545456
BLM,M855I,855.0,P54132,1,83.94,88.82909090909091,9,6.074353551528015,87.22999999999999
BLM,Q184H,184.0,P54132,1,32.44,32.692727272727275,4,5.391906956799025,32.959999999999994
BLM,S1062P,1062.0,P54132,1,95.94,94.29636363636364,13,5.991809786507375,94.5630769230769
BLM,S163Y,163.0,P54132,1,30.389999999999997,32.79454545454545,4,5.038548640286269,30.589999999999996
BLM,S580F,580.0,P54132,1,29.920000000000005,31.91818181818182,5,5.378264958537779,31.627999999999997
BLM,Y995F,995.0,P54132,1,94.88,95.42636363636365,7,5.734070185513461,94.81285714285715
UBP6,R133K,133.0,P35125,1,91.0,90.13181818181819,11,5.710467842722919,90.36454545454545
UBP6,R398W,398.0,P35125,1,26.980000000000004,26.794545454545457,4,5.186294879539401,27.062500000000004
F135B,A393E,393.0,Q49AJ0,1,94.5,91.2909090909091,12,6.022480173833309,94.0525
KDM6A,K128N,128.0,O15550,1,91.69,91.99545454545455,6,5.306351643678803,91.80333333333333
KDM6A,A12G,12.0,O15550,1,37.78,38.481818181818184,9,5.11366194866079,44.33555555555556
KDM6A,Q863E,863.0,O15550,1,36.28,35.87545454545455,4,5.411214079115043,38.165
KDM6A,R481H,481.0,O15550,1,90.30999999999999,86.31818181818183,8,5.297978215705469,87.66499999999999
MET,V465G,465.0,P08581,1,91.31000000000002,88.27727272727272,13,5.908483773292681,88.26923076923077
MET,N382S,382.0,P08581,1,66.75,67.57727272727271,7,5.322779950042706,73.49142857142859
MET,R413S,413.0,P08581,1,48.84000000000001,62.26636363636364,4,5.137563897982318,53.305
MET,L329I,329.0,P08581,1,92.62,92.24363636363636,13,5.8371052502057434,90.7253846153846
MET,Y666N,666.0,P08581,1,93.62,93.50636363636363,11,6.0036770023102655,92.38818181818182
MET,E34K,34.0,P08581,1,61.38000000000001,65.27363636363636,7,5.65941506560924,65.42142857142856
MET,R412P,412.0,P08581,1,49.40999999999999,59.220909090909096,4,4.905418458331114,52.7025
MET,R412G,412.0,P08581,1,49.40999999999999,59.220909090909096,4,4.905418458331114,52.7025
MET,R412C,412.0,P08581,1,49.40999999999999,59.220909090909096,4,4.905418458331114,52.7025
MET,S353F,353.0,P08581,1,84.44,88.69363636363637,9,5.597890212898987,86.28555555555555
MET,I154M,154.0,P08581,1,91.94,88.56818181818181,14,6.457535305429742,91.87
MET,I116M,116.0,P08581,1,96.56,93.56727272727272,12,5.912285352661726,94.735
MET,G606R,606.0,P08581,1,83.81,89.07454545454544,8,5.5987368686666255,89.57124999999999
MET,G539S,539.0,P08581,1,91.44,87.85272727272726,15,5.962572454738116,89.32133333333334
MET,I565M,565.0,P08581,1,90.62,88.99,12,6.1110803509154765,90.64166666666667
MET,R191Q,191.0,P08581,1,87.0,89.92090909090908,5,5.3582595282053695,87.15
MET,P485L,485.0,P08581,1,96.31000000000002,93.5,14,5.937120154869542,94.37071428571429
MET,L14F,14.0,P08581,1,36.34,33.10545454545454,8,5.597810457963921,33.79875
MET,K306N,306.0,P08581,1,36.72,51.093636363636364,7,6.243546782199936,38.18
MET,I754V,754.0,P08581,1,92.75,92.94181818181818,11,5.445290323336833,92.07363636363637
MET,Y369C,369.0,P08581,1,92.30999999999999,92.06181818181818,8,5.226694074629979,92.3425
MET,V603I,603.0,P08581,1,93.62,88.00545454545454,13,6.117890033296136,91.81769230769231
MET,T557A,557.0,P08581,1,89.68999999999998,85.74636363636364,8,5.413604342972672,87.87
MET,T263M,263.0,P08581,1,97.62,93.76727272727273,14,5.886743756310202,96.4192857142857
MET,G471E,471.0,P08581,1,58.44,77.96090909090908,5,5.221555222145428,74.538
MET,G391R,391.0,P08581,1,82.75,81.6309090909091,9,5.615255724059407,84.86777777777777
MET,E28Q,28.0,P08581,1,66.69,57.43272727272727,6,5.030966045854522,62.18833333333333
MET,E28V,28.0,P08581,1,66.69,57.43272727272727,6,5.030966045854522,62.18833333333333
MET,E312K,312.0,P08581,1,87.75,74.57818181818182,7,5.471375664436289,81.87
MET,G326V,326.0,P08581,1,92.94,94.05090909090909,13,5.602837543584901,91.84615384615387
MET,G225D,225.0,P08581,1,92.94,90.99545454545454,12,5.720274498421783,92.22500000000001
MET,F226L,226.0,P08581,1,93.80999999999999,90.36454545454545,13,5.9863198748416035,92.31846153846153
MET,E355K,355.0,P08581,1,91.31,89.19909090909091,6,5.20902125227666,89.42666666666666
MET,D428N,428.0,P08581,1,92.56,89.52272727272727,13,5.681216143012974,89.9530769230769
MET,D127N,127.0,P08581,1,84.5,91.3009090909091,8,5.977706229905634,90.61625000000001
MET,D114N,114.0,P08581,1,94.12,89.94818181818181,11,5.975641214909731,92.45454545454545
MET,C541G,541.0,P08581,1,91.44,89.22818181818182,12,5.629481552411721,89.0225
MET,D414N,414.0,P08581,1,51.59,64.73545454545456,6,5.843740680574476,59.248333333333335
MET,D372G,372.0,P08581,1,88.25,85.35454545454546,8,5.157865262455358,86.945
MET,D270Y,270.0,P08581,1,81.44,87.24454545454546,5,5.59165206666671,85.526
ZMYM3,E122K,122.0,Q14202,1,32.38,36.25818181818182,4,5.302811080943127,36.655
ZMYM3,E142D,142.0,Q14202,1,28.48,34.093636363636364,4,5.35400743521097,34.4075
ZMYM3,P92L,92.0,Q14202,1,37.21999999999999,34.86727272727273,4,5.29013209013262,35.887499999999996
ZMYM3,V427M,427.0,Q14202,1,80.75,83.09727272727272,6,5.14258047362073,80.57333333333334
ZMYM3,S287F,287.0,Q14202,1,32.0,30.337272727272726,4,5.278363646486868,29.855000000000004
ZMYM3,A391V,391.0,Q14202,1,74.12,70.40818181818183,8,5.328238976585358,71.4175
ZMYM2,E1174Q,1174.0,Q9UBW7,1,96.06,94.37545454545456,11,5.665581617898132,94.54545454545455
ZMYM2,E395Q,395.0,Q9UBW7,1,67.06,75.09727272727274,5,5.772115488477695,72.066
ZMYM2,E1198D,1198.0,Q9UBW7,1,93.31,91.05181818181818,9,5.80052763650923,92.31333333333333
ZMYM2,P814S,814.0,Q9UBW7,1,31.44,32.603636363636355,4,5.222226222589214,30.0
ZMYM2,N460S,460.0,Q9UBW7,1,77.31,74.99818181818182,6,5.062464093848125,76.96833333333333
ZMYM2,H1124R,1124.0,Q9UBW7,1,94.12,94.56727272727272,9,5.523251311048164,94.81222222222223
ZMYM2,G785R,785.0,Q9UBW7,1,67.38,82.43636363636361,5,5.152502620095218,78.962
ZMYM2,E64K,64.0,Q9UBW7,1,33.94,39.52090909090908,5,4.639180752610166,38.422000000000004
ZMYM2,R1048K,1048.0,Q9UBW7,1,37.90999999999999,35.00090909090909,4,5.477351407049012,33.845
ZMYM2,R435C,435.0,Q9UBW7,1,84.55999999999999,83.21000000000001,12,5.99787912965559,77.13916666666668
ZMYM2,R540Q,540.0,Q9UBW7,1,88.38,83.72363636363637,7,5.149751278384562,87.24285714285713
ZMYM2,Y605F,605.0,Q9UBW7,1,86.0,82.46545454545456,9,5.685647615248578,83.12444444444445
ZMYM2,W1247R,1247.0,Q9UBW7,1,84.94000000000003,77.90454545454546,8,5.484027518017205,83.18875
ZMYM2,V505L,505.0,Q9UBW7,1,55.40999999999998,58.04363636363637,7,5.290093025867259,60.59571428571429
RNC,D765N,765.0,Q9NRR4,1,73.62,76.88000000000001,4,4.956274046400771,73.455
RNC,H153Y,153.0,Q9NRR4,1,38.720000000000006,41.98545454545455,4,5.170922621707134,42.6175
RNC,F78C,78.0,Q9NRR4,1,31.410000000000004,34.42272727272727,4,5.097776929779462,34.0975
RNC,F182S,182.0,Q9NRR4,1,30.12,32.10363636363636,4,5.058373166879798,31.447499999999998
RNC,S300L,300.0,Q9NRR4,1,32.53,31.387272727272727,4,5.560499083555152,32.345
RNC,Q37P,37.0,Q9NRR4,1,26.16,28.250909090909094,4,5.55673000375806,28.775000000000002
RNC,V773I,773.0,Q9NRR4,1,94.43999999999998,89.8290909090909,13,5.789864252397616,92.1923076923077
ARHGA,V495M,495.0,O15013,1,92.0,93.41999999999999,6,5.135111451078886,92.09333333333332
VGFR2,D60H,60.0,P35968,1,88.69,84.72727272727273,9,5.9039119636985244,88.7911111111111
VGFR2,D1254H,1254.0,P35968,1,27.92,27.44454545454545,5,5.624051120804048,40.49
VGFR2,E674D,674.0,P35968,1,83.25,81.39181818181818,7,5.912962555843838,84.89142857142858
VGFR2,A954V,954.0,P35968,1,25.53,28.41363636363637,4,5.282239057158332,26.6425
VGFR2,D30H,30.0,P35968,1,75.0,66.74545454545455,6,5.95760146332977,74.42833333333333
VGFR2,L882V,882.0,P35968,1,79.0,74.5381818181818,14,6.185446833663208,75.33857142857143
VGFR2,N318I,318.0,P35968,1,94.56,93.07363636363635,10,5.937038208095059,94.248
VGFR2,P696T,696.0,P35968,1,84.43999999999998,84.59636363636365,12,5.679834507717029,83.95166666666667
VGFR2,Q67H,67.0,P35968,1,55.25,65.16181818181818,4,4.746977108820327,59.25
VGFR2,S112L,112.0,P35968,1,90.06,86.03454545454545,11,6.009897860390868,89.03454545454544
VGFR3,A727V,727.0,P35916,1,79.5,82.66999999999999,9,5.57160993278285,85.77111111111111
VGFR3,T208A,208.0,P35916,1,92.06000000000002,87.27363636363636,11,5.783890030819015,90.06363636363636
VGFR3,S50F,50.0,P35916,1,92.0,89.90363636363635,10,5.586584483783844,91.68599999999999
VGFR3,I120M,120.0,P35916,1,83.25,82.32363636363635,8,5.533211089275346,83.92875000000001
VGFR3,E207V,207.0,P35916,1,92.75,87.10818181818182,12,5.789390037509321,91.13166666666666
VGFR3,E741D,741.0,P35916,1,86.06,87.32363636363635,4,4.6310185738690235,86.0625
VGFR3,E829K,829.0,P35916,1,51.56,53.68363636363636,7,5.47698374831201,49.964285714285715
VGFR3,E951D,951.0,P35916,1,58.47,68.61,5,5.76310799799448,68.486
VGFR3,G1154R,1154.0,P35916,1,87.44,93.45090909090908,8,6.275152411077883,90.97874999999999
VGFR3,G340E,340.0,P35916,1,85.0,88.91999999999999,7,5.720958318563541,88.5442857142857
VGFR3,G723A,723.0,P35916,1,76.0,82.19909090909091,8,5.698958387205658,84.52375
VGFR3,H902N,902.0,P35916,1,79.62,85.76727272727273,7,5.417502365989913,77.23285714285714
VGFR3,I1120M,1120.0,P35916,1,74.69,77.09727272727272,12,6.49739141588229,65.21166666666666
VGFR3,Q524H,524.0,P35916,1,88.38,88.27363636363636,11,5.784269680439016,88.71545454545456
VGFR3,R378L,378.0,P35916,1,75.30999999999999,85.30545454545455,4,5.481207016677507,81.0775
VGFR3,R745C,745.0,P35916,1,93.25,89.76727272727273,11,5.823221028898357,90.62000000000002
VGFR3,E719D,719.0,P35916,1,83.06,84.0109090909091,5,5.628655257395417,85.1
VGFR3,E388K,388.0,P35916,1,83.94,88.51818181818182,9,5.765503718882042,87.00888888888888
VGFR3,A360V,360.0,P35916,1,89.56,90.52090909090909,10,5.600607654819704,90.68100000000001
VGFR3,D1003N,1003.0,P35916,1,72.88,61.758181818181804,7,5.61322835785013,71.97571428571429
VGFR3,D600N,600.0,P35916,1,58.5,58.76181818181818,9,5.530687630274967,56.42111111111111
VGFR3,E1282G,1282.0,P35916,1,36.44,34.02818181818182,8,5.643966787046276,37.86625
VGFR3,S986W,986.0,P35916,1,34.91,32.03454545454545,6,5.208016239178528,32.83166666666667
VGFR3,V1097M,1097.0,P35916,1,97.43999999999998,93.66363636363639,13,5.77960469046388,94.96538461538461
VGFR3,V964L,964.0,P35916,1,78.93999999999998,74.65363636363637,10,5.5583713051565296,77.481
VGFR3,A67G,67.0,P35916,1,32.06,48.42636363636363,4,5.066568583223745,42.865
VGFR3,R170H,170.0,P35916,1,89.44000000000001,87.8,12,5.779738138394076,88.53666666666668
VGFR3,D581N,581.0,P35916,1,79.69,83.1190909090909,13,5.705265069764574,77.67769230769231
VGFR3,D1067V,1067.0,P35916,1,33.0,31.257272727272724,4,4.718444620402091,28.842499999999998
VGFR3,A941G,941.0,P35916,1,88.62,87.97545454545453,7,5.414550010493075,89.03428571428572
VGFR3,E321D,321.0,P35916,1,93.81,91.6081818181818,10,5.982810541940409,93.82400000000001
VGFR3,E1002K,1002.0,P35916,1,59.28,57.09,6,5.77829674517962,65.83666666666667
VGFR3,E715D,715.0,P35916,1,86.19,88.03454545454547,7,5.955452338280554,90.63428571428572
VGFR3,T287A,287.0,P35916,1,80.25,83.32454545454546,6,6.068585130161179,82.17833333333333
VGFR3,V777M,777.0,P35916,1,57.88,57.619090909090914,7,5.413898010201664,58.94571428571429
VGFR3,T394S,394.0,P35916,1,92.0,91.2609090909091,10,5.746380043495526,91.39900000000002
VGFR3,E825K,825.0,P35916,1,43.41,46.84727272727273,8,5.654615197950778,45.12375
VGFR3,S1249F,1249.0,P35916,1,27.25,41.53636363636363,4,5.238676469565713,33.1725
VGFR3,R282Q,282.0,P35916,1,82.30999999999999,79.79454545454546,8,5.690622771071603,84.35249999999999
VGFR3,R275W,275.0,P35916,1,79.44000000000001,79.02818181818182,7,5.668309916061915,80.73285714285714
VGFR3,G377E,377.0,P35916,1,72.56,85.1290909090909,4,5.09730183909239,81.3425
BRD4,Q201E,201.0,O60885,1,41.06,41.379090909090905,4,5.432792716939139,40.705
BRD4,R113L,113.0,O60885,1,97.12000000000002,96.16999999999999,12,5.341365040201951,94.61333333333333
BRD4,L94F,94.0,O60885,1,92.69,94.09272727272727,8,5.431924623114536,93.83
BRD4,M400I,400.0,O60885,1,98.38,97.88090909090907,11,5.816261608011704,98.0690909090909
BRD4,N646I,646.0,O60885,1,63.94,67.34818181818183,5,5.4032894009901575,66.436
BRD4,S700Y,700.0,O60885,1,33.62,35.36454545454546,4,5.189952200442154,34.7825
BRD4,T296I,296.0,O60885,1,34.0,38.27363636363636,4,5.438790711797352,38.7825
BRD4,D145Y,145.0,O60885,1,96.31,95.75454545454546,6,5.1487881955241415,95.67666666666666
BRD4,D487N,487.0,O60885,1,33.75,37.622727272727275,8,5.163253193333342,36.33
BRD4,A3S,3.0,O60885,1,34.72,40.2775,4,5.138658420963402,39.71
BRD4,S51C,51.0,O60885,1,86.12,82.2090909090909,9,5.866764413519393,90.47666666666666
BRD4,P15L,15.0,O60885,1,45.56,41.58727272727272,4,5.191472167625761,40.475
BRD4,A150V,150.0,O60885,1,98.12,97.58363636363637,11,5.598921923007532,97.69272727272728
BRD4,K333N,333.0,O60885,1,54.59,42.82,4,5.437383027062467,42.35
BRD4,H437P,437.0,O60885,1,95.5,96.22636363636364,8,5.3932050347827865,95.92125
BRD4,E604Q,604.0,O60885,1,50.31,52.34090909090909,6,5.733805380751008,58.684999999999995
BRD4,P568H,568.0,O60885,1,36.47,34.78727272727273,4,5.366370008378853,36.445
BRD4,K546N,546.0,O60885,1,33.81,37.96636363636364,4,5.744416342074043,37.985
BRD4,K355N,355.0,O60885,1,92.25,89.19999999999999,9,5.4863328642537095,88.00777777777778
BRD4,T296P,296.0,O60885,1,34.0,38.27363636363636,4,5.438790711797352,38.7825
MSH6,W50C,50.0,P52701,1,29.639999999999993,33.834545454545456,4,5.6014530001336125,31.715
MSH6,S24L,24.0,P52701,1,32.34,33.88999999999999,4,5.508190792883497,32.7125
MSH6,S682C,682.0,P52701,1,98.0,97.17454545454547,15,5.574307155864557,97.20733333333331
MSH6,I1019K,1019.0,P52701,1,87.38,87.77363636363636,9,5.402130138928531,86.86111111111111
MSH6,T633N,633.0,P52701,1,96.93999999999998,95.30090909090909,14,5.750859282264875,96.38714285714283
KTN1,K270N,270.0,Q86UP2,1,30.279999999999998,30.19363636363636,4,5.524237579561421,29.4025
KTN1,D286H,286.0,Q86UP2,1,69.38,68.63454545454545,8,5.226671208562037,71.07124999999999
KTN1,A479V,479.0,Q86UP2,1,81.12,83.3118181818182,8,5.112127938808351,83.125
KTN1,S794F,794.0,Q86UP2,1,72.38,67.16727272727272,7,5.135232269614074,69.58714285714287
KTN1,G754E,754.0,Q86UP2,1,83.12,81.76636363636364,8,5.099781203444122,81.73375
KTN1,I138S,138.0,Q86UP2,1,30.47,31.528181818181814,4,5.606622679132812,32.6875
KTN1,P226R,226.0,Q86UP2,1,36.56,33.47454545454545,4,5.3543340212777935,34.3275
KTN1,K61N,61.0,Q86UP2,1,43.56,39.47727272727273,4,5.371766423436171,41.005
KTN1,M697K,697.0,Q86UP2,1,82.12,85.00545454545455,8,5.109799814470598,85.26625
KTN1,A1021V,1021.0,Q86UP2,1,86.44,85.86818181818181,8,5.075219131132018,85.51375
KTN1,T1265P,1265.0,Q86UP2,1,92.12,91.84727272727272,8,5.109203512493007,91.65
ERBB3,E928G,928.0,P21860,1,90.62,92.92545454545456,7,5.605269360829359,92.0442857142857
ERBB3,V104L,104.0,P21860,1,91.12,92.99272727272727,15,6.039038929459332,90.866
ERBB3,S846I,846.0,P21860,1,91.56,94.42636363636365,9,6.515640773941179,94.77
ERBB3,G284R,284.0,P21860,1,81.38,87.72363636363637,9,5.805317100161957,88.13111111111111
ERBB3,K329E,329.0,P21860,1,89.31,87.95545454545454,8,5.44522923824718,91.32124999999999
ERBB3,Q809R,809.0,P21860,1,93.44,92.39181818181817,8,5.198128728883207,94.11625000000001
ERBB3,E332K,332.0,P21860,1,92.88,85.8990909090909,8,5.8156932263454895,91.39
ERBB3,D41N,41.0,P21860,1,78.94,80.63727272727273,7,5.700139283562992,78.17142857142858
ERBB3,E273K,273.0,P21860,1,87.88,88.48363636363635,8,5.450281603597056,89.33625
ERBB3,M60R,60.0,P21860,1,86.38,91.47181818181818,12,5.827973382215602,88.34166666666668
ERBB3,R135C,135.0,P21860,1,95.19000000000001,95.05181818181818,12,5.760928276676775,95.45749999999998
ERBB3,T355I,355.0,P21860,1,93.93999999999998,94.23818181818181,13,5.769418616975072,92.07692307692308
ERBB3,K329T,329.0,P21860,1,89.31,87.95545454545454,8,5.44522923824718,91.32124999999999
ERBB3,P306R,306.0,P21860,1,87.25,87.09636363636363,7,5.831451191424276,87.69714285714288
ERBB3,A232V,232.0,P21860,1,85.69,90.89272727272729,13,6.016332344083428,89.23076923076923
ERBB3,E928A,928.0,P21860,1,90.62,92.92545454545456,7,5.605269360829359,92.0442857142857
EGFR,R138G,138.0,P00533,1,96.75,96.8009090909091,14,6.150788100147206,97.25428571428571
EGFR,L858R,858.0,P00533,1,51.22,59.211818181818174,9,6.166467951332436,70.05777777777779
EGFR,E114K,114.0,P00533,1,89.25,92.09636363636363,5,5.175722148273382,92.424
EGFR,V592I,592.0,P00533,1,95.31000000000002,94.18181818181819,13,6.039278081156228,95.89846153846153
EGFR,G322S,322.0,P00533,1,74.19,82.07636363636362,5,5.146995350772709,79.428
EGFR,A17V,17.0,P00533,1,48.75,44.42090909090909,7,5.42884033991728,45.902857142857144
EGFR,E545K,545.0,P00533,1,89.19,93.97272727272728,5,5.084559397855786,93.3
EGFR,R222H,222.0,P00533,1,95.87999999999998,93.52727272727275,17,6.325825264506114,95.09823529411766
EGFR,E330K,330.0,P00533,1,81.44,83.77363636363636,5,5.648584019510718,80.7
EGFR,E97Q,97.0,P00533,1,94.75,97.02727272727275,10,5.719169096142373,94.84899999999998
EGFR,A127T,127.0,P00533,1,89.69,92.38181818181816,5,5.560421103536366,90.126
EGFR,L788M,788.0,P00533,1,85.56,81.90363636363637,13,6.054859335707458,84.06307692307693
EGFR,N413K,413.0,P00533,1,92.62,95.25,4,4.924496123335384,94.22
EGFR,Q71P,71.0,P00533,1,95.12,95.47545454545455,9,5.506094862609646,94.46444444444444
EGFR,E282K,282.0,P00533,1,90.19,89.96000000000001,7,6.00978979417081,90.60714285714286
EGFR,E257K,257.0,P00533,1,89.88,92.55727272727273,7,6.0267078806858745,85.80571428571429
EGFR,G339E,339.0,P00533,1,91.81,87.79,13,5.706837098020746,90.85999999999999
EGFR,A1118T,1118.0,P00533,1,31.47,34.07363636363636,4,5.439449641762675,33.6175
EGFR,A147T,147.0,P00533,1,96.44,95.71818181818183,13,5.708547244489084,94.43230769230769
EGFR,D314G,314.0,P00533,1,82.06,78.7909090909091,9,5.983148989732625,79.58444444444444
EGFR,D247Y,247.0,P00533,1,95.62,94.44727272727273,11,5.7404559905973205,94.75454545454545
EGFR,A289V,289.0,P00533,1,88.56,90.22272727272728,9,5.832257976389701,91.29333333333334
EGFR,C248Y,248.0,P00533,1,95.75,94.28818181818183,19,6.278090553007352,94.9863157894737
EGFR,C591W,591.0,P00533,1,96.75,94.68181818181819,16,6.070598819167266,95.69875
EGFR,T273A,273.0,P00533,1,88.62,89.48636363636363,4,4.739493647989357,89.8875
EGFR,N280K,280.0,P00533,1,89.81,89.89727272727272,9,5.212273419399208,89.6811111111111
EGFR,L387V,387.0,P00533,1,96.69,94.96090909090911,11,5.699766043049554,95.55727272727272
EGFR,A882T,882.0,P00533,1,94.88,91.36818181818182,11,5.9221024243374325,94.38454545454546
EGFR,C526S,526.0,P00533,1,95.31,94.96636363636362,12,5.663221131389118,95.44916666666667
EGFR,N552T,552.0,P00533,1,91.81,95.1190909090909,4,4.986521514448077,94.2025
EGFR,P596A,596.0,P00533,1,92.31000000000002,91.38090909090907,9,5.896977983422322,92.05000000000001
EGFR,N422S,422.0,P00533,1,95.81,96.11363636363636,13,6.087862058172393,96.4723076923077
EGFR,V599I,599.0,P00533,1,87.18999999999998,87.18272727272728,10,5.824577110323016,89.17600000000002
EGFR,T790M,790.0,P00533,1,88.38,83.64272727272727,12,5.810139947972835,86.92833333333334
EGFR,I407V,407.0,P00533,1,97.81,95.07545454545456,11,5.636252327939098,96.53909090909092
EGFR,G719A,719.0,P00533,1,73.31,75.31636363636363,13,5.876214699039486,57.2
EGFR,K860I,860.0,P00533,1,53.34,50.054545454545455,8,6.034457244175758,64.10625
EGFR,L833M,833.0,P00533,1,83.25,88.06181818181818,12,5.864662680988933,74.71083333333334
ERBB2,L755S,755.0,P04626,1,75.81,72.59454545454545,11,5.70039386629867,76.6581818181818
ERBB2,V777L,777.0,P04626,1,76.25,78.80000000000001,10,5.962690054056158,74.92500000000001
ERBB2,S310F,310.0,P04626,1,89.69,86.69454545454545,11,5.686964672299853,87.98363636363636
ERBB2,D769Y,769.0,P04626,1,63.88,66.58,8,5.140001296339994,66.59
ERBB2,L869R,869.0,P04626,1,46.16,50.21545454545455,9,5.802632734226621,60.912222222222226
ERBB2,S310Y,310.0,P04626,1,89.69,86.69454545454545,11,5.686964672299853,87.98363636363636
ERBB2,I767M,767.0,P04626,1,65.25,63.87090909090909,9,5.44030705239488,63.157777777777774
ERBB2,D769H,769.0,P04626,1,63.88,66.58,8,5.140001296339994,66.59
ERBB2,V842I,842.0,P04626,1,86.18999999999998,87.08454545454546,14,6.050270648172921,77.32142857142857
ERBB2,I752M,752.0,P04626,1,89.38,81.8390909090909,13,5.672303535695081,88.28846153846153
ERBB2,D873G,873.0,P04626,1,43.38,47.06000000000001,6,5.980219890421111,41.36666666666667
ERBB2,T862A,862.0,P04626,1,87.75,77.69454545454545,9,5.5362437604162595,87.33333333333333
ERBB2,G776V,776.0,P04626,1,70.44,77.11818181818181,13,5.991637756270307,65.12692307692308
ERBB2,G262R,262.0,P04626,1,86.88,90.04636363636364,6,5.289464619165319,91.86500000000001
ERBB2,I886M,886.0,P04626,1,88.06,79.22727272727273,10,6.014160314990239,76.979
ERBB2,L662V,662.0,P04626,1,76.94,75.31363636363636,8,5.079159228768516,76.0875
ERBB2,M833I,833.0,P04626,1,96.25,94.39090909090909,9,5.2377718210785895,95.09
ERBB2,W906C,906.0,P04626,1,97.69000000000003,96.60181818181819,14,5.709158554779011,96.30285714285715
ERBB2,H878Y,878.0,P04626,1,55.69,49.94727272727273,8,5.704054253532442,66.11375
ERBB2,T297I,297.0,P04626,1,89.0,87.54545454545455,7,5.72714812931825,89.50142857142858
ERBB2,S305C,305.0,P04626,1,91.25,86.94363636363637,14,6.057326390030629,88.67928571428573
ERBB2,S653C,653.0,P04626,1,48.84,49.45545454545454,6,5.629840813059783,51.64833333333333
ERBB2,V697L,697.0,P04626,1,35.38,35.88818181818182,4,5.146563676287674,33.61
ERBB2,A37T,37.0,P04626,1,82.75,88.02909090909091,5,5.6645797545744445,87.714
ERBB2,G292R,292.0,P04626,1,84.31,88.83,8,6.026884329373976,81.93125
ERBB2,P702L,702.0,P04626,1,30.199999999999996,35.61636363636364,8,5.953420505812534,30.748749999999998
ERBB2,R1006C,1006.0,P04626,1,62.19000000000001,59.100000000000016,10,5.553496320429916,58.194
ERBB2,P1033A,1033.0,P04626,1,31.67000000000001,32.93,4,5.049795404844133,32.7075
ERBB2,P36S,36.0,P04626,1,87.25,87.71090909090907,8,5.812870185736602,88.11875
ERBB2,R1153L,1153.0,P04626,1,37.38,39.1390909090909,4,5.561162168403513,39.2075
ERBB2,R34W,34.0,P04626,1,88.25,88.06363636363636,5,5.06238167452203,89.726
ERBB2,R545Q,545.0,P04626,1,94.80999999999999,92.41909090909091,12,5.792390866349183,92.395
ERBB2,L1167F,1167.0,P04626,1,32.62,33.00636363636364,4,5.424430781157596,31.450000000000003
ERBB2,L13Q,13.0,P04626,1,37.03,36.6109090909091,7,5.157788564283164,38.03857142857142
ERBB2,E717K,717.0,P04626,1,84.94,83.69181818181819,7,5.545731215111767,84.90142857142858
ERBB4,S303F,303.0,Q15303,1,88.0,82.66909090909091,9,5.16019909184384,85.91666666666667
ERBB4,G286V,286.0,Q15303,1,79.12,87.60818181818182,7,5.995641910136908,87.27
ERBB4,I404V,404.0,Q15303,1,98.0,94.86909090909093,11,5.615072343757394,96.94363636363636
ERBB4,F356L,356.0,Q15303,1,96.69000000000001,94.53454545454544,10,5.852653318060023,95.069
ERBB4,G135V,135.0,Q15303,1,96.38,95.77727272727272,11,5.638306550741945,96.30181818181818
ERBB4,Y123N,123.0,Q15303,1,92.75,89.36363636363636,14,5.750350467377055,91.11499999999998
ERBB4,E928Q,928.0,Q15303,1,92.56,90.10272727272728,8,5.436979344513065,89.51625
ERBB4,E810Q,810.0,Q15303,1,88.81,89.16454545454545,6,5.117369856797203,90.13499999999999
ERBB4,D300H,300.0,Q15303,1,86.75,81.48818181818181,11,5.774679101455899,85.4709090909091
ERBB4,E547Q,547.0,Q15303,1,93.12,93.34636363636363,9,5.63509745128669,93.73666666666666
ERBB4,L770Q,770.0,Q15303,1,80.06,78.34727272727274,11,5.706022418806857,70.62818181818183
ERBB4,L686F,686.0,Q15303,1,47.28,51.690909090909095,12,5.6142648895797125,53.640833333333326
ERBB4,H295Q,295.0,Q15303,1,70.0,81.39636363636363,4,4.995564798972822,76.485
ERBB4,C589S,589.0,Q15303,1,95.5,92.92090909090909,16,6.0827088461670735,94.531875
ERBB4,R711C,711.0,Q15303,1,77.25,67.59181818181818,8,5.589843704387035,74.50375
ERBB4,R306H,306.0,Q15303,1,74.55999999999999,80.47727272727272,7,5.669072679120558,78.19428571428571
ERBB4,N490K,490.0,Q15303,1,96.0,95.11363636363636,13,5.765923973427842,96.18307692307692
ERBB4,S449P,449.0,Q15303,1,96.19,95.51181818181819,8,5.179180477046599,96.445
ERBB2,G727A,727.0,P04626,1,78.31,76.82909090909091,7,5.5165439115936,81.53428571428572
SF3B1,K700E,700.0,O75533,1,93.38,93.90272727272726,7,5.380663672146695,94.45428571428572
SF3B1,Q19E,19.0,O75533,1,64.25,61.317272727272716,8,5.1645246225751045,61.708749999999995
SF3B1,D65N,65.0,O75533,1,30.42,29.892727272727278,8,5.992976238880594,29.06625
SF3B1,E64K,64.0,O75533,1,30.98,29.71090909090909,7,5.536275423587409,29.67142857142857
SF3B1,K80N,80.0,O75533,1,30.64,31.51,5,5.578122745004685,31.606
SF3B1,R132H,132.0,O75533,1,50.62,55.23454545454546,4,4.953861594079507,52.96
SF3B1,R625C,625.0,O75533,1,94.80999999999999,94.94363636363637,13,5.695777668877982,94.69769230769231
SETB1,T699K,699.0,Q15047,1,91.75,91.06363636363636,7,5.584358407810378,90.87714285714284
SETB1,T1026P,1026.0,Q15047,1,33.28,32.76363636363636,4,5.346084106898926,33.0625
SETB1,D298G,298.0,Q15047,1,95.25,94.28454545454547,14,6.357368430513832,92.61571428571428
SETB1,W67C,67.0,Q15047,1,85.19000000000003,87.00000000000001,8,5.186460146937416,87.18625
SETB1,M422L,422.0,Q15047,1,32.22,31.163636363636364,4,5.4289119187353,32.0125
SETB1,A488V,488.0,Q15047,1,27.0,29.00818181818181,4,5.378667150067192,28.575
SETB1,K1213T,1213.0,Q15047,1,88.31,90.48909090909092,11,6.2865095372724475,88.22727272727272
SETB1,E74Q,74.0,Q15047,1,85.81,86.23181818181818,8,5.242948128894863,86.445
SETB1,D131G,131.0,Q15047,1,43.31,39.35454545454546,4,5.444651424937664,40.8425
SETB1,P253H,253.0,Q15047,1,93.18999999999998,93.65454545454548,10,6.172776991622756,94.075
SETB1,S262N,262.0,Q15047,1,97.38,96.17181818181817,10,5.650125416668831,96.61200000000001
SETB1,D298Y,298.0,Q15047,1,95.25,94.28454545454547,14,6.357368430513832,92.61571428571428
PLCG1,V796L,796.0,P19174,1,85.06000000000002,74.94272727272727,12,5.558953533281806,82.82416666666667
PLCG1,A902V,902.0,P19174,1,75.19,80.30181818181819,8,5.858109095154518,80.10125
PLCG1,A995P,995.0,P19174,1,94.88,95.50636363636363,6,5.803654087329629,95.29166666666667
STIL,Q415H,415.0,Q15468,1,41.69,41.52727272727273,4,5.148321408886922,41.515
STIL,S484F,484.0,Q15468,1,30.639999999999997,34.88090909090909,4,5.434967555876227,36.4625
STIL,W263S,263.0,Q15468,1,97.88000000000001,95.55636363636364,13,5.863197284905346,97.11923076923078
STIL,G804R,804.0,Q15468,1,34.0,36.89181818181819,4,5.090721107764147,36.195
ZN479,E121K,121.0,Q96JC4,1,31.049999999999997,28.80727272727273,4,4.794883126533932,29.025
ZN479,N51I,51.0,Q96JC4,1,85.0,83.75636363636363,8,5.114103497980462,83.51625
ZN479,C67R,67.0,Q96JC4,1,79.56,78.59818181818181,10,5.608054116073636,73.718
ZN479,H86R,86.0,Q96JC4,1,28.170000000000005,27.198181818181812,4,5.19837842883976,27.2575
ZN479,H199R,199.0,Q96JC4,1,80.62,78.52727272727272,9,5.435823590593021,78.69333333333333
ZN429,L28I,28.0,Q86V71,1,81.44,80.24545454545455,8,5.116286210745317,80.11875
DCTN1,K127N,127.0,Q14203,1,32.22,33.191818181818185,4,5.467031943378384,32.84
MECOM,E937G,937.0,Q03112,1,86.0,86.71636363636362,7,5.421777475649702,86.13428571428572
PRD16,F930L,930.0,Q9HAZ2,1,33.59000000000001,39.24727272727272,4,5.2982937242887385,38.2425
PRD16,R986C,986.0,Q9HAZ2,1,85.62,86.89727272727274,6,5.307729865723631,87.30333333333333
PRD16,A1163T,1163.0,Q9HAZ2,1,31.089999999999996,37.73545454545455,4,5.47588246016271,37.3275
PRD16,D985Y,985.0,Q9HAZ2,1,84.88,86.63090909090909,7,5.9870327501883525,86.55428571428571
BCR,T947A,947.0,P11274,1,92.62,88.82999999999998,11,6.1855576833759365,91.75727272727273
STAG2,K891R,891.0,Q8N3U4,1,90.56,92.32272727272726,5,4.94589499122402,92.398
STAG2,Q593E,593.0,Q8N3U4,1,94.75,96.90272727272728,7,5.365913465958122,96.96428571428571
STAG2,D683N,683.0,Q8N3U4,1,92.5,91.34545454545456,10,5.573012830159201,92.268
STAG2,G1062E,1062.0,Q8N3U4,1,28.45,31.622727272727275,4,5.340655631080371,30.515
STAG2,E194K,194.0,Q8N3U4,1,93.88,95.41,7,6.009622995742112,95.85857142857142
STAG2,E1135K,1135.0,Q8N3U4,1,36.72,34.458181818181814,4,5.398306096314828,35.1275
STAG2,D299G,299.0,Q8N3U4,1,98.25,97.85272727272728,9,5.556743793590321,97.95222222222223
STAG2,D1136E,1136.0,Q8N3U4,1,35.47,34.37,4,5.466602756144869,36.04
STAG2,I2K,2.0,Q8N3U4,1,25.98,25.208571428571425,6,5.518253706203368,34.71
STAG2,Q211H,211.0,Q8N3U4,1,95.12,96.90272727272728,5,5.486797037117623,96.648
STAG2,L204F,204.0,Q8N3U4,1,97.94,97.15363636363637,12,5.594221710769264,97.6925
STAG2,Q801H,801.0,Q8N3U4,1,91.75,90.8409090909091,8,5.7616497672178735,93.0625
STAG2,R213K,213.0,Q8N3U4,1,96.55999999999999,97.09545454545454,7,5.405625806011778,96.92714285714285
STAG2,Y815H,815.0,Q8N3U4,1,96.05999999999999,94.55090909090909,8,5.720310556872496,95.45374999999999
STAG2,S173Y,173.0,Q8N3U4,1,94.56,95.06818181818181,8,5.1939386417145315,95.08625
STAG2,K554T,554.0,Q8N3U4,1,96.44,95.19272727272727,8,5.179619056456011,95.125
STAG2,T1079R,1079.0,Q8N3U4,1,34.5,36.38545454545455,4,5.4798341934055,38.4975
STAG2,A952P,952.0,Q8N3U4,1,96.06,93.3809090909091,13,5.814032310004985,94.58615384615385
STAG2,M196I,196.0,Q8N3U4,1,96.44,95.91,10,5.955880555779795,95.651
STAG2,E1209K,1209.0,Q8N3U4,1,36.69,37.3,7,5.7354128264712125,42.994285714285716
STAG2,R439H,439.0,Q8N3U4,1,63.0,71.13727272727273,7,6.006010579899036,78.97
STAG2,R252Q,252.0,Q8N3U4,1,89.88,88.30272727272728,8,5.412614164221276,90.61
STAG2,Q340K,340.0,Q8N3U4,1,98.25,98.1590909090909,7,5.415326453824185,98.11571428571429
STAG2,Q278E,278.0,Q8N3U4,1,94.88,95.77363636363634,11,5.550257618826047,95.74909090909091
STAG2,P1129S,1129.0,Q8N3U4,1,36.75,33.267272727272726,4,5.240625087467803,32.7375
STAG2,N641I,641.0,Q8N3U4,1,91.0,94.37909090909092,8,5.5565205934114825,94.52250000000001
STAG2,N412Y,412.0,Q8N3U4,1,92.25,94.04,9,5.674710866217942,94.51444444444445
STAG2,R560W,560.0,Q8N3U4,1,97.05999999999999,97.07272727272729,13,5.682604372903256,96.97538461538464
STAG2,R69Q,69.0,Q8N3U4,1,37.69,35.4990909090909,4,5.570231089157966,34.5175
STAG2,R766T,766.0,Q8N3U4,1,96.75,96.74909090909091,8,5.2985707131098865,96.89750000000001
STAG2,T406N,406.0,Q8N3U4,1,93.43999999999998,88.32363636363635,7,5.506592474622699,90.24
STAG2,T1027A,1027.0,Q8N3U4,1,84.56000000000002,86.65363636363637,8,5.766890237318005,86.6175
STAG2,S419L,419.0,Q8N3U4,1,91.44,94.06272727272727,10,5.8333664388442745,94.225
STAG2,S156T,156.0,Q8N3U4,1,88.88,90.66363636363637,4,4.647894534853114,86.9675
STAG2,S1007Y,1007.0,Q8N3U4,1,92.06,91.12363636363636,11,5.889212198547596,92.12363636363638
STAG2,R954H,954.0,Q8N3U4,1,91.69000000000001,90.86363636363636,8,5.2272990311066305,91.57
STAG2,L571P,571.0,Q8N3U4,1,98.38,98.18909090909091,10,5.543271026378098,98.29499999999999
STAG2,L480F,480.0,Q8N3U4,1,96.88,92.84727272727274,11,5.718389790971319,95.93909090909091
STAG2,E968Q,968.0,Q8N3U4,1,90.25,88.44909090909091,7,5.2794854134822105,91.05428571428571
STAG2,E785K,785.0,Q8N3U4,1,96.5,96.56090909090909,10,5.617896765251689,96.623
STAG2,E583A,583.0,Q8N3U4,1,95.5,97.43181818181819,8,5.71775724150652,97.625
STAG2,E408K,408.0,Q8N3U4,1,93.5,91.40909090909089,6,4.922658671521174,93.20833333333333
STAG2,D671N,671.0,Q8N3U4,1,90.5,87.82272727272728,7,5.1297897195389055,91.20428571428572
STAG2,D486N,486.0,Q8N3U4,1,94.5,95.8809090909091,8,5.996009401809756,96.59375
STAG2,D198V,198.0,Q8N3U4,1,95.81,96.0809090909091,9,5.576148920854877,96.36222222222221
STAG2,F178L,178.0,Q8N3U4,1,96.94000000000001,96.18181818181819,12,5.828076933977968,95.32833333333333
STAG2,L117H,117.0,Q8N3U4,1,95.38,95.71545454545453,9,5.449512441134968,95.38777777777779
STAG2,L1000F,1000.0,Q8N3U4,1,96.06,94.34727272727274,13,5.659301213464186,94.96153846153847
STAG2,K901E,901.0,Q8N3U4,1,93.19,93.11818181818184,9,5.409439008412256,93.16555555555556
STAG2,I900M,900.0,Q8N3U4,1,96.19,92.72090909090907,11,5.555388540710675,93.80636363636363
STAG2,H698R,698.0,Q8N3U4,1,97.75,96.75636363636364,12,5.629634653581444,96.77666666666669
STAG2,H421Y,421.0,Q8N3U4,1,91.80999999999999,94.74454545454546,9,5.943251525044396,92.72222222222223
STAG2,G452V,452.0,Q8N3U4,1,78.44,71.82363636363638,12,5.809744777304471,86.71416666666666
STAG1,Q913H,913.0,Q8WVM7,1,91.44,93.29727272727273,7,5.240585857562896,93.00142857142858
STAG1,S637G,637.0,Q8WVM7,1,97.0,96.13181818181819,12,5.5373028070724795,95.94833333333334
STAG1,A72G,72.0,Q8WVM7,1,33.38,33.04272727272728,4,5.293152299841776,31.02
STAG1,A18T,18.0,Q8WVM7,1,31.55,30.89727272727272,4,4.8393316299112,30.259999999999998
STAG1,H19P,19.0,Q8WVM7,1,29.52,30.69818181818182,4,4.893323377928471,30.1375
STAG1,E760G,760.0,Q8WVM7,1,90.88,85.46545454545456,7,5.357764290772124,86.73142857142857
MUC1,T5I,5.0,P15941,1,40.28000000000001,41.994,4,5.312357354295646,41.82
MUC1,L15P,15.0,P15941,1,50.34,48.05909090909092,8,5.321325580071626,49.09
MUC1,S47R,47.0,P15941,1,25.53,29.910909090909094,4,5.20044067543831,34.239999999999995
MUC1,V21F,21.0,P15941,1,33.28,36.86636363636364,6,5.7112090492642436,38.873333333333335
FANCJ,H639D,639.0,Q9BX63,1,81.69000000000001,86.37545454545455,9,5.9943355639636495,84.20111111111112
FANCJ,D904E,904.0,Q9BX63,1,38.69,37.269999999999996,6,5.5764851697120825,38.15333333333333
FANCJ,R459T,459.0,Q9BX63,1,67.94000000000001,73.48181818181818,7,5.741386940501089,74.1842857142857
FANCJ,Q665H,665.0,Q9BX63,1,89.38,91.30909090909091,6,5.236595797770752,90.71999999999998
FANCJ,Q524L,524.0,Q9BX63,1,89.19,88.11727272727273,11,5.693835294778247,82.2881818181818
FANCJ,D838H,838.0,Q9BX63,1,89.94,90.24545454545455,11,6.04915751981691,87.78454545454544
FANCJ,T632I,632.0,Q9BX63,1,91.38,90.49545454545455,7,5.653586832770456,93.25142857142858
FANCJ,S614Y,614.0,Q9BX63,1,88.88,86.59727272727272,13,5.689427167653102,87.99384615384616
FANCJ,S197Y,197.0,Q9BX63,1,34.44,32.88636363636363,4,5.459042170909335,33.18
FANCJ,G249A,249.0,Q9BX63,1,95.12,91.01727272727271,13,5.734059572706309,93.98615384615385
FANCJ,I504F,504.0,Q9BX63,1,61.16,65.26727272727273,8,5.624433174137887,62.098749999999995
FANCJ,E668K,668.0,Q9BX63,1,91.12,92.11454545454545,8,5.923520982994475,92.27624999999999
FANCJ,E967D,967.0,Q9BX63,1,30.190000000000005,32.35272727272727,4,5.419737213786215,32.4675
FANCJ,K764E,764.0,Q9BX63,1,79.94,81.76181818181819,10,6.279397131875481,75.495
FANCJ,K186E,186.0,Q9BX63,1,24.0,26.69454545454546,4,4.9767819060531115,26.2825
FANCJ,L571F,571.0,Q9BX63,1,34.0,40.696363636363635,4,5.273434943321591,38.9475
AT2B3,V164I,164.0,Q16720,1,74.75,74.31090909090909,11,5.612954348865525,74.20909090909092
AT2B3,T110N,110.0,Q16720,1,60.72000000000001,71.50272727272727,7,5.409806151361354,70.72285714285714
AT2B3,R183Q,183.0,Q16720,1,67.80999999999999,66.46,8,5.088934200000535,66.625
AT2B3,V281M,281.0,Q16720,1,88.0,90.4190909090909,14,6.255646120007733,84.56642857142856
AT2B3,P91H,91.0,Q16720,1,65.88,76.34727272727272,5,5.657656364541963,76.124
AT2B3,C166F,166.0,Q16720,1,74.81,74.50363636363637,8,5.131264428398927,74.8575
AT2B3,E241K,241.0,Q16720,1,88.88,81.62,14,6.185217749133906,81.20285714285716
AT2B3,A144T,144.0,Q16720,1,29.940000000000005,34.00090909090909,7,5.602909303958377,32.730000000000004
AT2B3,A337V,337.0,Q16720,1,24.91,24.664545454545454,4,5.132775699814409,25.8725
AT2B3,T1113M,1113.0,Q16720,1,74.0,73.14272727272727,8,5.068783534561264,73.77375
AT2B3,T645N,645.0,Q16720,1,94.62,92.82272727272726,13,5.8855308094944085,93.9846153846154
AT2B3,V427L,427.0,Q16720,1,77.43999999999998,75.96181818181817,16,6.444884768096859,79.726875
AT2B3,V882E,882.0,Q16720,1,71.81,77.71727272727271,11,5.896319145646884,73.85363636363637
AT2B3,R923H,923.0,Q16720,1,85.12,85.06181818181818,10,5.86884384218511,75.179
AT2B3,A717S,717.0,Q16720,1,92.31,92.2518181818182,10,5.270511544561707,91.86500000000001
AT2B3,C1041Y,1041.0,Q16720,1,93.75,93.61454545454545,12,5.531626394361478,93.69416666666667
AT2B3,D1080E,1080.0,Q16720,1,32.31,32.79363636363637,5,5.498827779996432,32.354
AT2B3,E1085K,1085.0,Q16720,1,29.220000000000002,32.47454545454545,4,4.990325569473423,32.145
AT2B3,E1094Q,1094.0,Q16720,1,43.34,45.47363636363636,8,5.228912481319041,45.917500000000004
AT2B3,E497D,497.0,Q16720,1,90.12,89.92545454545456,7,5.417311498460832,92.72285714285715
AT2B3,E750Q,750.0,Q16720,1,88.62,88.47727272727272,6,5.083041128530376,89.89666666666666
AT2B3,M583I,583.0,Q16720,1,92.12,89.70454545454545,13,5.944744304410448,90.78307692307695
AT2B3,P499L,499.0,Q16720,1,90.62,89.52727272727272,8,5.992304386914876,89.58500000000001
AT2B3,Q1053L,1053.0,Q16720,1,92.06,90.54545454545455,9,5.416964971828741,89.86777777777777
DPOG1,Q1236H,1236.0,P54098,1,46.69,63.41444444444445,4,4.800297569711407,54.1875
DPOG1,R42Q,42.0,P54098,1,38.90999999999999,37.026363636363634,7,5.672961878191826,38.06714285714286
ZEB1,E724K,724.0,P37275,1,42.06,33.02181818181818,4,5.633638658800761,28.7575
GRM3,A286E,286.0,Q14832,1,92.44,92.67636363636365,10,5.498471678027242,92.537
JAK1,L1010R,1010.0,P23458,1,97.56,95.03909090909092,15,5.957487853877258,96.22866666666668
JAK1,A428P,428.0,P23458,1,97.69,96.67090909090908,14,6.277330595525646,97.06642857142857
PALB2,P852L,852.0,Q86YC2,1,52.94,60.74818181818182,8,5.788604454660017,75.405
PALB2,L1006F,1006.0,Q86YC2,1,97.44,92.93727272727274,13,6.09495758170563,96.23538461538462
PALB2,E545K,545.0,Q86YC2,1,32.5,35.57454545454546,4,5.345685519859225,37.2075
ERCC5,D142N,142.0,P28715,1,59.41,51.709090909090904,6,5.706562915132186,51.776666666666664
ERCC5,I73M,73.0,P28715,1,94.31,91.1009090909091,12,5.898010849652439,94.09916666666668
ERCC5,T212I,212.0,P28715,1,75.88,76.42272727272729,8,5.189176071591331,77.25999999999999
FBLN2,L559V,559.0,P98095,1,36.5,46.709090909090904,5,5.501487692210392,43.873999999999995
FBLN2,M711I,711.0,P98095,1,82.94,82.50090909090908,9,5.463298466422357,82.8411111111111
FBLN2,N180S,180.0,P98095,1,33.62,43.447272727272725,4,5.309250461004552,38.2525
FBLN2,H414Y,414.0,P98095,1,28.55,31.938181818181818,4,5.368144036309013,31.9
FBLN2,G698S,698.0,P98095,1,67.69,75.9718181818182,6,5.4490092945050135,69.18833333333333
FBLN2,A332S,332.0,P98095,1,32.44,33.70363636363636,4,5.508083421728286,32.33
FBLN2,A291S,291.0,P98095,1,35.47,33.380909090909086,4,5.320124413082089,33.03
FBLN2,N180D,180.0,P98095,1,33.62,43.447272727272725,4,5.309250461004552,38.2525
FBLN2,N546K,546.0,P98095,1,87.06,84.10181818181817,13,5.710767955915154,81.42846153846155
ABL2,R378Q,378.0,P42684,1,91.38,93.73818181818181,6,4.974071725972575,92.41666666666667
ABL2,K835T,835.0,P42684,1,35.62,37.10454545454545,4,5.414566633656912,37.805
ABL2,E214Q,214.0,P42684,1,91.88,93.8190909090909,5,5.336703306318003,92.638
ABL2,S915N,915.0,P42684,1,32.84,36.10272727272727,4,5.244754984112841,38.3575
ABL2,S1033N,1033.0,P42684,1,36.91,36.40545454545454,4,5.295891353749251,39.21
TSC1,E225K,225.0,Q92574,1,87.38,88.35181818181817,7,5.4776281440133285,88.04285714285713
TSC1,E493Q,493.0,Q92574,1,37.0,41.36727272727273,4,4.9918517691374955,37.6875
TSC1,H279Y,279.0,Q92574,1,32.75,30.36909090909091,5,5.274720743955979,29.938
TSC1,I76S,76.0,Q92574,1,90.62,89.24454545454546,11,5.676759389980313,89.68272727272728
TSC1,D69N,69.0,Q92574,1,87.44,87.01181818181819,10,5.532906899798787,86.638
TSC1,D47G,47.0,Q92574,1,89.94,88.61363636363636,8,5.128563685888673,88.77250000000001
TSC1,S237A,237.0,Q92574,1,88.44,86.41454545454548,9,5.858361600656629,86.85333333333334
TSC1,V80M,80.0,Q92574,1,87.38,88.27181818181818,14,6.059046803804939,89.74071428571429
TSC1,S115F,115.0,Q92574,1,89.75,88.80636363636364,11,5.622360261237501,88.79545454545455
TSC1,H279N,279.0,Q92574,1,32.75,30.36909090909091,5,5.274720743955979,29.938
TSC1,R160C,160.0,Q92574,1,92.05999999999999,91.43818181818182,9,5.476774748667912,91.73666666666668
TSC1,E217K,217.0,Q92574,1,89.31,89.15272727272726,9,5.5668668105423045,89.25666666666667
TSC1,L129H,129.0,Q92574,1,92.25,91.78999999999999,13,5.909104557691806,91.45153846153848
TSC1,R249T,249.0,Q92574,1,79.80999999999999,84.55727272727272,6,5.633710238829082,84.28166666666665
TSC1,P196H,196.0,Q92574,1,92.88,92.47818181818182,13,5.905148405368613,90.98153846153848
TSC1,G378A,378.0,Q92574,1,24.84,28.720000000000002,4,5.222840652047457,29.085
TSC1,R1097C,1097.0,Q92574,1,58.12,53.02454545454546,7,5.336892684983037,54.71428571428571
TSC1,T356A,356.0,Q92574,1,45.38,47.74727272727273,5,5.504453683656645,48.106
TSC1,S673F,673.0,Q92574,1,48.0,46.37727272727273,5,5.274904038468243,43.962
TSC1,K542T,542.0,Q92574,1,29.700000000000003,28.364545454545453,4,5.1839510924437935,28.740000000000002
TSC1,E979Q,979.0,Q92574,1,67.5,66.99363636363636,8,5.023492389795027,66.925
TSC1,K976R,976.0,Q92574,1,72.5,71.5909090909091,8,5.071419039824146,71.48
TSC1,S832F,832.0,Q92574,1,95.75,95.4090909090909,8,5.084806836162639,95.27375
TSC1,T1065M,1065.0,Q92574,1,25.03,25.91909090909091,4,5.220373857728834,25.317500000000003
TSC1,E174K,174.0,Q92574,1,82.62,80.34272727272727,6,5.151020775161748,84.93666666666667
TSC1,S511R,511.0,Q92574,1,29.22,32.089090909090906,4,5.157628434272852,33.125
TSC1,A567V,567.0,Q92574,1,27.829999999999995,28.225454545454546,4,5.482936051128024,28.4125
TSC1,E446Q,446.0,Q92574,1,24.22,28.65909090909091,4,5.068946816722944,29.175
TSC1,K477E,477.0,Q92574,1,84.88,79.25090909090909,8,5.13055030191197,80.65625
TSC1,L439M,439.0,Q92574,1,26.0,26.891818181818188,4,5.211775958371289,28.0225
TSC1,R953K,953.0,Q92574,1,97.55999999999999,95.87454545454544,8,5.131812119680035,95.79625
TSC1,E878K,878.0,Q92574,1,68.81,66.00909090909092,8,5.223820745453145,65.44999999999999
TSC1,E744Q,744.0,Q92574,1,98.06,97.68090909090907,8,5.1243219183794775,97.60125
TSC1,G1006R,1006.0,Q92574,1,30.77,29.486363636363635,4,5.0195179596729815,30.055
TSC1,K1091T,1091.0,Q92574,1,71.5,70.10636363636364,8,5.208626442500402,70.47874999999999
TSC1,A944V,944.0,Q92574,1,92.69,95.36363636363636,8,5.166254780486514,95.4375
TSC1,Q755H,755.0,Q92574,1,98.12,97.60000000000001,8,5.17538623661444,97.61500000000001
TSC1,A1070T,1070.0,Q92574,1,25.25,27.86909090909091,4,5.375173571722631,27.5625
TSC1,S946N,946.0,Q92574,1,95.94,95.38727272727274,8,5.118057021868561,95.61
TSC1,Y948F,948.0,Q92574,1,96.19000000000001,95.80181818181818,8,5.132401270097693,95.6575
TSC1,S1046C,1046.0,Q92574,1,29.94,28.769090909090913,4,5.351003145971404,28.575000000000003
TSC1,E445Q,445.0,Q92574,1,29.700000000000003,28.281818181818185,4,5.1606092180265035,26.892500000000002
TSC1,L438M,438.0,Q92574,1,27.95,27.29636363636364,4,5.191360987375953,27.345
AFF4,L723F,723.0,Q9UHB7,1,79.0,78.77818181818184,7,5.372837576653576,80.5442857142857
AFF4,R691Q,691.0,Q9UHB7,1,40.0,41.67545454545455,7,5.900947328772813,42.50857142857143
CAR11,D200E,200.0,Q9BXL7,1,89.5,89.55545454545455,8,5.119953409489526,89.76375
CAR11,E125Q,125.0,Q9BXL7,1,69.88,66.92454545454545,7,5.283169512233958,67.93857142857142
CAR11,E186Q,186.0,Q9BXL7,1,82.12,86.28909090909092,8,5.151660353201667,86.52250000000001
CAR11,E951Q,951.0,Q9BXL7,1,31.970000000000002,30.453636363636363,5,5.2625886772524435,30.512
CAR11,G1140S,1140.0,Q9BXL7,1,92.81,93.86999999999999,8,5.256092338404795,94.01625
CAR11,R170C,170.0,Q9BXL7,1,87.62,83.60727272727273,8,5.116967185996219,83.57
AMER1,E259K,259.0,Q5JTC6,1,36.56,36.54636363636364,4,5.536927087973266,39.515
AMER1,E393K,393.0,Q5JTC6,1,56.03,55.72272727272727,8,5.2012069179084275,55.68125
AMER1,R699C,699.0,Q5JTC6,1,48.779999999999994,43.81818181818182,4,4.988833884392458,42.685
AMER1,P446S,446.0,Q5JTC6,1,43.5,40.96363636363637,4,5.377506558622736,38.5625
AMER1,P746L,746.0,Q5JTC6,1,51.59000000000002,43.50454545454546,4,5.146619832258902,39.07
AMER1,E480K,480.0,Q5JTC6,1,55.69,49.690000000000005,4,5.361163838993521,51.14
AMER1,T20S,20.0,Q5JTC6,1,46.75,44.26363636363636,4,5.3114181220785,46.56
AMER1,D694H,694.0,Q5JTC6,1,44.28,44.07090909090909,5,5.405809676039253,46.418
AMER1,D919N,919.0,Q5JTC6,1,39.59,39.22090909090909,4,5.308056888910866,41.2475
AMER1,L921P,921.0,Q5JTC6,1,39.22,39.24999999999999,4,5.450524076484017,38.2575
JAK3,G908S,908.0,P52333,1,93.25,94.01272727272728,10,5.942272298456006,93.76399999999998
JAK3,G460E,460.0,P52333,1,83.0,85.21181818181819,7,5.609879710417549,87.02857142857144
JAK3,F358L,358.0,P52333,1,96.94000000000001,94.35727272727273,9,6.014765181454317,95.43666666666667
JAK3,P479T,479.0,P52333,1,86.5,90.23181818181818,8,5.931503872837915,91.70125
JAK3,F711S,711.0,P52333,1,98.55999999999999,97.09818181818181,13,5.82431192549701,97.14615384615385
JAK3,G24A,24.0,P52333,1,74.69,68.80909090909091,13,5.808931178652917,76.72384615384615
JAK3,D661N,661.0,P52333,1,74.94,86.6381818181818,4,4.716022256369258,80.035
JAK3,E331K,331.0,P52333,1,91.12,89.82363636363637,12,5.639533297670389,88.43333333333334
JAK3,T253A,253.0,P52333,1,92.75,86.74545454545455,8,5.545558795365831,92.89750000000001
JAK3,T496I,496.0,P52333,1,34.56,37.20545454545454,6,5.580827552625479,43.54
JAK3,T21M,21.0,P52333,1,41.660000000000004,52.17909090909091,4,4.728932706219278,44.5275
JAK3,S1005F,1005.0,P52333,1,97.5,96.71090909090908,11,5.6725081406741245,95.90363636363637
JAK3,S15L,15.0,P52333,1,29.860000000000003,31.59545454545455,4,4.45908909608455,29.5025
JAK3,R222C,222.0,P52333,1,92.19000000000001,92.42636363636363,9,5.397731593043417,91.85444444444445
JAK3,R33W,33.0,P52333,1,72.88,79.28454545454545,9,6.239370338050103,80.61111111111111
JAK3,R40H,40.0,P52333,1,90.80999999999999,82.72181818181818,8,5.428163361606623,91.7025
JAK3,P986S,986.0,P52333,1,71.62,85.40181818181817,5,5.930754223372174,81.25
JAK3,Q489H,489.0,P52333,1,75.25,70.2309090909091,9,5.722481777733185,73.09111111111112
JAK3,I386M,386.0,P52333,1,95.81,94.2090909090909,10,5.572877164983483,94.836
JAK3,G659A,659.0,P52333,1,86.88,86.98454545454545,9,5.114696087905222,85.70333333333332
JAK3,R103C,103.0,P52333,1,95.87999999999998,91.84727272727274,7,5.262868746529837,95.83857142857141
JAK3,R899W,899.0,P52333,1,94.37999999999998,88.38727272727273,11,5.676193549795179,92.14272727272727
JAK3,R948C,948.0,P52333,1,95.62000000000002,96.08000000000001,10,5.997074894455544,95.864
JAK3,R741Q,741.0,P52333,1,95.62000000000002,94.28363636363635,7,5.4267888606001025,94.91857142857143
JAK3,R984H,984.0,P52333,1,86.25,85.26545454545455,5,5.64435991207376,85.548
JAK3,V1016I,1016.0,P52333,1,98.56000000000002,98.28818181818183,11,5.383096712244108,98.24909090909091
JAK3,V28M,28.0,P52333,1,96.12,84.31909090909092,13,5.894123551277204,94.69692307692308
JAK3,V715I,715.0,P52333,1,96.75,95.45454545454545,10,5.476225201413949,96.275
JAK3,S826L,826.0,P52333,1,92.38,90.10272727272728,8,5.794326249060321,93.305
JAK3,S398C,398.0,P52333,1,94.88,94.5109090909091,14,5.7619367823527,93.46357142857141
JAK3,V722I,722.0,P52333,1,78.81000000000002,86.87363636363636,6,5.787797430810039,85.90333333333335
JAK3,T381I,381.0,P52333,1,94.38,95.43727272727273,8,5.682958905032315,95.295
JAK3,R223H,223.0,P52333,1,93.0,91.62454545454547,8,5.276450987014934,91.92125
JAK3,R117S,117.0,P52333,1,88.94000000000001,77.00818181818182,14,5.709852947395052,86.625
JAK3,R445Q,445.0,P52333,1,85.80999999999999,84.86272727272727,5,5.451923973005899,85.538
JAK3,G538D,538.0,P52333,1,97.06,94.43818181818183,13,5.6705483873436195,96.06692307692308
JAK3,D519N,519.0,P52333,1,93.81,94.07363636363638,5,5.308217271342601,95.012
JAK2,G921S,921.0,O60674,1,71.0,82.95363636363636,8,5.46325635599622,82.17750000000001
JAK2,I166T,166.0,O60674,1,89.19,90.45545454545454,8,5.590689821347173,91.5325
JAK2,E66Q,66.0,O60674,1,95.94,96.57999999999998,8,5.258443692985983,97.02375
JAK2,D976N,976.0,O60674,1,94.56,95.58454545454546,13,6.675159407783676,94.60615384615386
NUTM1,P985R,985.0,Q86Y26,1,39.410000000000004,37.21000000000001,4,5.500359799411157,37.89
NUTM1,E838Q,838.0,Q86Y26,1,35.44,33.03454545454546,4,4.99273359363902,33.20249999999999
TERT,R446H,446.0,O14746,1,83.94000000000001,76.3190909090909,6,4.951778693154782,84.98833333333333
TERT,R428Q,428.0,O14746,1,35.90999999999999,32.93272727272727,4,5.099045258933685,32.662499999999994
TERT,A615T,615.0,O14746,1,61.0,68.17818181818183,9,5.586043802771588,64.39444444444445
TERT,R470H,470.0,O14746,1,97.87999999999998,97.95,8,5.502252008872239,98.01625
TERT,S796C,796.0,O14746,1,83.44,88.5390909090909,13,6.044839574801823,88.48076923076923
TERT,T509M,509.0,O14746,1,93.25,92.59545454545456,9,5.619279013775188,92.95666666666666
TERT,V299M,299.0,O14746,1,24.16,25.86181818181818,4,5.489136810866737,26.735
TERT,V826I,826.0,O14746,1,88.68999999999998,87.38727272727273,13,5.831094731583684,85.61076923076924
TERT,R447H,447.0,O14746,1,87.88,80.70181818181817,9,5.651616716401394,78.52444444444444
TERT,N483K,483.0,O14746,1,97.94,97.56363636363636,11,5.459373883096131,97.1590909090909
TERT,A789T,789.0,O14746,1,95.88,93.54,14,5.919251141946966,94.0842857142857
TERT,S796P,796.0,O14746,1,83.44,88.5390909090909,13,6.044839574801823,88.48076923076923
TERT,T783N,783.0,O14746,1,90.88,93.00090909090909,6,5.399245669753653,92.88499999999999
TERT,T355S,355.0,O14746,1,91.88,93.08000000000001,6,4.966828524700947,93.29166666666667
TERT,R381H,381.0,O14746,1,74.94000000000001,69.94181818181818,4,5.124369935385374,73.20750000000001
TERT,P703L,703.0,O14746,1,88.93999999999998,92.65363636363637,8,5.535822098868001,91.71875
TERT,D516G,516.0,O14746,1,93.88,93.47727272727275,8,5.403425549786871,94.875
TERT,L232V,232.0,O14746,1,21.78,26.89090909090909,4,5.308982603270287,27.5075
TERT,G291V,291.0,O14746,1,27.03,24.518181818181816,4,5.555736676163906,23.8075
TERT,E280K,280.0,O14746,1,25.59,26.89181818181818,4,5.174094295638309,28.8
LATS1,E534K,534.0,O95835,1,36.12,36.37545454545454,4,5.517738697889295,36.47
LATS1,Q1116E,1116.0,O95835,1,32.53,33.404545454545456,4,5.382182844345703,34.985
LATS1,E689Q,689.0,O95835,1,80.38,78.42727272727274,9,5.466933435821678,79.14666666666666
LATS1,E592K,592.0,O95835,1,40.03,39.27818181818182,4,5.38677165656185,39.305
LATS1,E450K,450.0,O95835,1,36.12,38.01909090909091,4,5.328568518119133,38.5
LATS1,E116Q,116.0,O95835,1,85.0,82.65272727272728,8,5.644435101765966,84.5625
LATS1,R63Q,63.0,O95835,1,33.470000000000006,35.297272727272734,4,5.397565092093332,37.8675
LATS1,S322F,322.0,O95835,1,34.0,34.936363636363645,4,5.453211040466182,34.7825
LATS1,R827I,827.0,O95835,1,88.12,87.82090909090908,11,6.113651769762726,83.17999999999998
LATS1,D832N,832.0,O95835,1,88.69,92.50636363636363,10,5.7698972947457845,88.47200000000001
LATS1,E817K,817.0,O95835,1,94.25,92.60181818181819,9,5.23891871976031,93.13777777777779
LATS1,T367S,367.0,O95835,1,35.53,34.49,4,5.364724129122605,34.4375
LATS1,S321T,321.0,O95835,1,31.0,35.08727272727273,4,5.4921290237993174,34.0325
LATS1,S162N,162.0,O95835,1,25.94,31.58818181818181,4,5.153218496241964,30.675
LATS1,E36D,36.0,O95835,1,61.41,55.372727272727275,8,5.077677593383308,55.56625
SRC,E435K,435.0,P12931,1,94.94,93.45363636363636,10,5.760286237314194,92.836
SRC,R362G,362.0,P12931,1,93.0,92.40818181818183,6,5.269331381943551,92.85333333333334
SRC,S3C,3.0,P12931,1,34.94,43.12875,4,5.342949789330285,44.445
SRC,S39G,39.0,P12931,1,39.47,39.084545454545456,4,5.387996840584369,39.21
SRC,P41A,41.0,P12931,1,41.160000000000004,39.806363636363635,4,5.404767893734233,38.7875
SRC,H25Y,25.0,P12931,1,41.970000000000006,38.10363636363636,4,5.386199038137036,38.2275
SRC,R208H,208.0,P12931,1,90.62,91.92545454545456,9,5.528553185489135,92.83222222222223
SRC,R271W,271.0,P12931,1,98.30999999999999,97.46454545454547,9,5.833942719136748,97.67777777777776
SRC,R391C,391.0,P12931,1,97.5,96.29454545454546,11,5.921325980682659,97.47272727272725
SRC,S269L,269.0,P12931,1,97.62,97.58363636363634,9,5.644900333216328,97.28444444444443
SRC,T182S,182.0,P12931,1,89.06000000000002,92.6081818181818,4,4.972825681065254,90.095
SRC,Y419H,419.0,P12931,1,66.44000000000001,65.1590909090909,12,5.941476541860933,68.33583333333333
SRC,M344I,344.0,P12931,1,95.88,95.95,9,5.685960175284762,95.62444444444444
SRC,H125D,125.0,P12931,1,96.30999999999999,95.24909090909091,12,5.67730357861646,95.38083333333334
SRC,D195N,195.0,P12931,1,90.19,92.37,8,5.685888113275074,90.71875
SRC,E118Q,118.0,P12931,1,72.06,87.89818181818183,7,5.591468002565745,87.89285714285714
SRC,E181K,181.0,P12931,1,89.38,92.77363636363636,8,6.191911827103324,91.6875
SRC,E418Q,418.0,P12931,1,63.09,66.57181818181817,9,5.508306985332968,67.92000000000002
LCK,C3W,3.0,P06239,1,36.94,34.333749999999995,4,5.354515739867454,34.9375
LCK,E10V,10.0,P06239,1,34.78,34.16727272727273,4,5.312564808021184,33.615
LCK,M292I,292.0,P06239,1,83.44,85.87909090909092,10,5.7038611792838285,83.025
LCK,D77N,77.0,P06239,1,85.69,91.0790909090909,4,5.136981204012997,88.375
LCK,E83Q,83.0,P06239,1,95.69,94.03909090909089,9,5.65163672656231,93.38888888888889
LYN,A145P,145.0,P07948,1,90.0,92.34272727272727,8,5.650092131868459,91.60374999999999
LYN,Q298H,298.0,P07948,1,90.56,90.99454545454545,7,5.889115718221613,91.33
ABL1,E282Q,282.0,P00519,1,79.81,79.20272727272726,9,5.595692189342993,77.80777777777777
C2TA,E61K,61.0,P33076,1,24.75,27.475454545454546,4,5.292876146687773,27.57
C2TA,E90D,90.0,P33076,1,50.88,49.61454545454546,6,5.079776767695896,53.693333333333335
C2TA,M85L,85.0,P33076,1,39.56,44.37818181818182,7,5.536873482445052,43.33857142857143
C2TA,D154H,154.0,P33076,1,27.94,27.33181818181818,4,5.186898685930052,27.805
TRI33,S727F,727.0,Q9UPN9,1,35.81,39.27181818181818,4,5.537028768529296,39.3975
TRI33,L443F,443.0,Q9UPN9,1,92.44,90.93363636363637,6,5.023990101542228,93.42833333333333
UBP8,E500K,500.0,P40818,1,80.5,79.94545454545454,8,5.128325619871576,79.90125
CYTSB,R762Q,762.0,Q5M775,1,85.94000000000001,82.66999999999999,8,5.102581806391059,83.24875
CYTSB,T144M,144.0,Q5M775,1,41.0,40.593636363636364,4,5.622365586750712,41.4525
CYTSB,Q563H,563.0,Q5M775,1,78.5,73.65363636363635,8,5.176795613994309,73.72375
CYTSB,D318N,318.0,Q5M775,1,34.75,34.876363636363635,4,5.514164702509367,34.1075
CYTSB,E717D,717.0,Q5M775,1,95.19,95.59727272727272,8,5.122430830904664,95.5
CYTSB,K535T,535.0,Q5M775,1,94.19,92.26727272727273,8,5.179321463170179,92.52375
RB6I2,R97H,97.0,Q8IUD2,1,24.219999999999995,29.990909090909096,4,5.245737038462641,30.83
RB6I2,R638T,638.0,Q8IUD2,1,89.05999999999999,89.90363636363637,8,5.168010228018183,90.19624999999999
RB6I2,V11G,11.0,Q8IUD2,1,34.44,33.81909090909091,4,5.229357660489011,33.0875
RB6I2,A106S,106.0,Q8IUD2,1,32.03,31.630000000000006,4,4.8952145093943,31.6425
RB6I2,R144C,144.0,Q8IUD2,1,73.94000000000001,74.03181818181818,9,5.304199095902527,72.7811111111111
RB6I2,S374P,374.0,Q8IUD2,1,53.81,56.094545454545454,7,5.701205519165335,55.37285714285714
RB6I2,E921Q,921.0,Q8IUD2,1,84.81,87.52363636363636,10,5.689511680442966,86.189
RB6I2,Q705H,705.0,Q8IUD2,1,67.25,64.21454545454544,8,5.309514433518853,64.755
RB6I2,S595C,595.0,Q8IUD2,1,88.94,90.22636363636364,8,5.12978624774134,90.14750000000001
RB6I2,K778N,778.0,Q8IUD2,1,84.31,80.86818181818181,8,5.18482904474047,80.6075
RB6I2,S948L,948.0,Q8IUD2,1,76.5,77.93181818181819,8,5.714280077773239,77.485
RB6I2,P1047S,1047.0,Q8IUD2,1,84.93999999999998,84.44999999999999,6,5.684262903148749,86.70833333333333
RB6I2,P1006A,1006.0,Q8IUD2,1,68.25,64.77454545454546,9,5.80105899568642,75.81555555555555
RB6I2,H991N,991.0,Q8IUD2,1,45.75,45.331818181818186,7,5.447739991572435,46.42142857142858
RET,T278N,278.0,P07949,1,94.5,92.06818181818181,9,5.744674135369618,94.7988888888889
RET,A604D,604.0,P07949,1,95.31,93.04545454545455,13,5.6677399383453295,93.16307692307691
RET,R368C,368.0,P07949,1,94.62000000000002,94.25,7,5.518805553326324,95.51714285714284
RET,M918T,918.0,P07949,1,92.19,88.06272727272727,13,6.128129243779155,91.36999999999999
RET,F195L,195.0,P07949,1,92.44000000000001,90.95454545454545,9,5.613805529761745,92.4511111111111
RET,D842H,842.0,P07949,1,53.22,55.113636363636374,5,4.896974200530538,55.774
RET,A654V,654.0,P07949,1,83.62,83.50636363636363,8,5.108087504964144,83.93875
RET,A479T,479.0,P07949,1,89.31,90.23636363636365,10,5.846130766283177,90.248
RET,S518C,518.0,P07949,1,95.81,91.80727272727272,12,5.826473924218189,94.33333333333333
RET,T488N,488.0,P07949,1,92.56000000000002,90.96545454545456,11,5.5199136945701035,91.51272727272728
RET,G828A,828.0,P07949,1,29.66,34.482727272727274,5,5.511924351454419,34.368
RET,M868I,868.0,P07949,1,92.12,92.79,7,5.344901409452624,93.14428571428572
RET,K716M,716.0,P07949,1,90.81,88.06272727272727,5,5.461955706662965,91.14
RET,V245M,245.0,P07949,1,90.31000000000002,83.15454545454546,14,6.052154108983761,87.14857142857143
RET,G47D,47.0,P07949,1,93.56,92.92545454545454,8,5.681593254056457,94.11125
RET,L109H,109.0,P07949,1,86.62,84.3809090909091,11,5.7156161196576525,85.25090909090909
RET,L389F,389.0,P07949,1,92.25,86.66363636363636,9,5.910196724285297,91.46555555555557
RET,P117T,117.0,P07949,1,78.12,82.52363636363636,7,5.899083859760568,73.51428571428572
RET,R112H,112.0,P07949,1,84.88,81.81818181818183,9,5.700418429703474,82.24333333333334
RET,R189H,189.0,P07949,1,90.55999999999999,93.05181818181816,7,5.9346216278787915,92.13428571428572
RET,R330Q,330.0,P07949,1,94.87999999999998,93.13727272727273,11,6.151260557416863,94.80181818181819
RET,R67H,67.0,P07949,1,90.0,88.81272727272727,11,6.128363508077071,85.27
RET,S128A,128.0,P07949,1,70.88,72.30727272727273,9,6.13287290172919,77.0788888888889
RET,V111D,111.0,P07949,1,86.06000000000002,82.27909090909093,9,5.687213517583851,81.75777777777779
DPOD1,A127V,127.0,P28340,1,98.62,96.70909090909093,14,6.040340549394467,97.65714285714287
DPOD1,H142R,142.0,P28340,1,96.05999999999999,97.10818181818182,14,6.137600891831312,94.47857142857143
DPOD1,R211H,211.0,P28340,1,98.12000000000002,95.55636363636363,13,5.879230833627418,97.46153846153847
DPOD1,P680T,680.0,P28340,1,84.75,85.13636363636364,6,5.194072946710551,83.14666666666666
DPOD1,Y472C,472.0,P28340,1,87.25,84.51727272727273,10,6.20189667417925,86.00800000000001
DPOD1,R224H,224.0,P28340,1,94.25,93.21090909090911,10,5.431483677030306,93.68199999999999
DPOD1,R311C,311.0,P28340,1,96.87999999999998,96.4218181818182,12,5.684451583347616,96.17166666666667
DPOD1,R343H,343.0,P28340,1,94.12000000000002,92.3009090909091,11,5.758694268737354,93.18909090909091
DPOD1,R432W,432.0,P28340,1,89.30999999999999,84.49454545454546,7,5.37109677444229,88.80285714285715
DPOD1,S118F,118.0,P28340,1,70.69,80.64727272727272,7,5.832308132537491,78.64999999999999
DPOD1,V312M,312.0,P28340,1,98.06000000000002,96.95,13,5.682136221300653,96.73076923076923
DPOD1,W265C,265.0,P28340,1,98.55999999999997,97.95454545454545,13,5.930683807813633,97.13846153846154
DPOD1,R224C,224.0,P28340,1,94.25,93.21090909090911,10,5.431483677030306,93.68199999999999
DPOD1,A380V,380.0,P28340,1,94.62,95.90818181818182,9,5.296015962475691,90.56888888888889
DPOD1,A425D,425.0,P28340,1,92.44,95.08000000000001,9,5.72923961769874,94.83888888888889
DPOD1,P146R,146.0,P28340,1,97.25,96.73454545454545,11,5.994037687862649,95.65363636363637
DPOD1,Q399H,399.0,P28340,1,92.0,95.44363636363637,13,6.140707478850368,92.89384615384614
DPOD1,N475K,475.0,P28340,1,88.62,87.1190909090909,11,5.845855789239137,86.3990909090909
DPOD1,A613T,613.0,P28340,1,97.25,97.68818181818182,10,5.474029414403324,96.22
DPOD1,D488Y,488.0,P28340,1,79.19,79.78363636363635,9,5.681402627740731,81.57666666666667
DPOD1,G203R,203.0,P28340,1,83.88,90.57,5,5.223832540040775,88.114
GLI1,E306K,306.0,P08151,1,85.88,88.2909090909091,5,5.494483357135459,87.424
GLI1,T711N,711.0,P08151,1,36.5,36.82727272727273,4,5.36206991278915,37.3675
PGFRA,P864S,864.0,P16234,1,94.38,91.9509090909091,10,5.988034338901334,91.389
PGFRA,I188M,188.0,P16234,1,92.31,89.24545454545454,12,5.67305439740701,90.2725
PGFRA,L131I,131.0,P16234,1,79.19,78.56818181818181,7,6.040948432082729,74.05285714285715
PGFRA,T440M,440.0,P16234,1,81.68999999999998,86.15272727272726,12,5.95821915531883,83.95333333333333
PGFRA,R383H,383.0,P16234,1,81.80999999999999,83.91363636363636,10,5.637712257557207,81.981
PGFRA,D681G,681.0,P16234,1,90.44,89.58636363636364,12,5.651414956958459,90.95916666666666
PGFRA,E316K,316.0,P16234,1,92.56,90.21636363636365,8,5.722962445606035,92.86875
PGFRB,I447M,447.0,P09619,1,87.69,84.57999999999998,9,5.973682189469323,82.43333333333334
PGFRB,R317Q,317.0,P09619,1,91.19000000000001,86.5809090909091,8,5.625579038322503,91.61625000000001
LIFR,I740R,740.0,P42702,1,93.06,91.32272727272728,14,6.189416927643623,90.61142857142856
LATS2,S94F,94.0,Q9NRM7,1,33.03,39.78727272727273,5,5.444465658261359,35.088
LATS2,D703N,703.0,Q9NRM7,1,88.06,87.93181818181819,9,5.447084634838224,87.01333333333332
XPO1,W665R,665.0,O14980,1,98.11999999999999,97.56818181818181,10,5.549062817510124,97.71300000000001
XPO1,E571K,571.0,O14980,1,93.69,93.86272727272727,9,5.619222383655116,94.62333333333333
XPO1,S387C,387.0,O14980,1,80.25,76.21909090909091,8,5.538910265372374,85.28
XPO1,I806M,806.0,O14980,1,97.62,97.69181818181819,13,5.981263422171555,97.61846153846153
XPO1,I102K,102.0,O14980,1,91.31,91.67,8,5.1508353495192205,91.64750000000001
XPO1,Q282K,282.0,O14980,1,96.62,95.28909090909092,8,5.130317537366567,96.02250000000001
XPO1,D535Y,535.0,O14980,1,88.06,89.97636363636364,7,5.413522775495175,88.17714285714285
XPO1,E737K,737.0,O14980,1,91.12,93.06272727272727,7,5.39432002439783,93.36714285714285
XPO1,P220A,220.0,O14980,1,91.68999999999998,93.9727272727273,7,5.3755568115632855,94.10857142857142
XPO1,A890T,890.0,O14980,1,96.38,94.75181818181818,14,5.444842484492601,94.72500000000001
XPO1,C585F,585.0,O14980,1,95.0,92.97727272727273,13,5.752537189624997,94.23153846153848
XPO1,F444L,444.0,O14980,1,80.44000000000001,79.31818181818181,8,5.652486982889748,77.14
XPO1,F1011L,1011.0,O14980,1,95.25,92.58545454545455,14,5.75898328715568,93.74000000000001
XPO1,E513K,513.0,O14980,1,92.0,92.57363636363637,11,5.62995715384093,92.42090909090909
XPO1,E364K,364.0,O14980,1,96.06,96.96636363636365,6,5.071131778189399,97.22833333333334
XPO1,D932H,932.0,O14980,1,91.31,92.34181818181818,8,5.420484301084903,92.57249999999999
XPO1,G1058S,1058.0,O14980,1,55.03,55.724545454545456,6,5.806728591584357,50.25
XPO1,R845I,845.0,O14980,1,97.69000000000001,97.01272727272726,10,5.524600347926091,97.119
XPO1,R765Q,765.0,O14980,1,96.69000000000001,96.66454545454545,9,5.632976074097902,97.13111111111111
XPO1,R749Q,749.0,O14980,1,94.94000000000001,95.68909090909091,13,6.187751767554305,94.36615384615382
XPO1,R712K,712.0,O14980,1,97.87999999999998,97.64909090909092,6,5.081856190421338,97.84499999999998
XPO1,S395F,395.0,O14980,1,48.62,53.91727272727273,5,5.287629326720924,51.746
XPO1,T917S,917.0,O14980,1,93.06000000000002,94.01636363636362,8,5.8455994066447765,93.99125000000001
XPO1,T648I,648.0,O14980,1,97.31000000000002,97.16,6,5.1122793178162125,97.19
XPO1,T113K,113.0,O14980,1,87.12,84.51545454545455,10,5.62217957987457,83.699
XPO1,S503C,503.0,O14980,1,94.69,94.56454545454545,10,5.862470338025194,95.70100000000001
XPO1,L744M,744.0,O14980,1,95.0,93.57454545454547,9,5.696168057930006,94.63333333333334
XPO1,L431F,431.0,O14980,1,75.12,79.9090909090909,8,5.644575877173584,77.6725
XPO1,L341F,341.0,O14980,1,92.38,94.13636363636364,6,5.395140479800801,93.81166666666667
XPO1,K1023N,1023.0,O14980,1,88.12,84.82272727272726,7,5.529721825369039,89.47285714285714
XPO1,I972T,972.0,O14980,1,90.81,87.88545454545455,8,5.302414335060909,89.195
XPO1,I547T,547.0,O14980,1,93.88,92.24,12,5.706924027506002,93.89166666666665
XPO1,M583I,583.0,O14980,1,88.25,90.34181818181818,10,5.458745983947474,91.014
XPO1,N262H,262.0,O14980,1,97.75,97.12999999999998,13,6.189873188818597,97.02461538461537
XPO1,P842A,842.0,O14980,1,95.75,95.70636363636363,7,5.251661626564547,96.00142857142859
XPO1,R261Q,261.0,O14980,1,96.69000000000001,96.84636363636363,12,5.456970079176711,96.91749999999998
XPO1,R14C,14.0,O14980,1,85.5,82.19818181818181,9,5.447905526449549,83.8111111111111
XPO1,Q581H,581.0,O14980,1,92.38,88.67727272727274,15,6.0900709176229695,90.41266666666667
PK3CA,H1047R,1047.0,P42336,1,83.12,80.9490909090909,9,5.684028343891822,82.5911111111111
PK3CA,E545K,545.0,P42336,1,94.12,94.69909090909091,6,5.1387646381398575,95.355
PK3CA,E542K,542.0,P42336,1,90.75,94.84636363636363,4,5.078488759254777,94.5
PK3CA,N345K,345.0,P42336,1,90.75,90.53909090909089,5,5.945769124287011,91.812
PK3CA,H1047L,1047.0,P42336,1,83.12,80.9490909090909,9,5.684028343891822,82.5911111111111
PK3CA,C420R,420.0,P42336,1,93.0,91.69272727272727,9,5.82648374556828,93.61666666666666
PK3CA,E545A,545.0,P42336,1,94.12,94.69909090909091,6,5.1387646381398575,95.355
PK3CA,E726K,726.0,P42336,1,94.56,93.26727272727273,7,5.3944064168706,93.50999999999999
PK3CA,Q546K,546.0,P42336,1,95.0,94.85181818181817,6,4.954799296284104,95.51
PK3CA,E453K,453.0,P42336,1,83.81,90.28999999999999,6,5.9681005047482465,90.03166666666668
PK3CA,Q546R,546.0,P42336,1,95.0,94.85181818181817,6,4.954799296284104,95.51
PK3CA,E545G,545.0,P42336,1,94.12,94.69909090909091,6,5.1387646381398575,95.355
PK3CA,G118D,118.0,P42336,1,95.62,94.70272727272727,11,5.072372301255425,94.33454545454543
PK3CA,E545Q,545.0,P42336,1,94.12,94.69909090909091,6,5.1387646381398575,95.355
PK3CA,Q546P,546.0,P42336,1,95.0,94.85181818181817,6,4.954799296284104,95.51
PK3CA,G1049R,1049.0,P42336,1,73.44,74.09636363636363,8,5.714195886716423,82.66375
PK3CA,P539R,539.0,P42336,1,96.12,94.96,9,6.249487408065262,96.95222222222222
PK3CA,E81K,81.0,P42336,1,95.0,92.63090909090909,8,5.637359769479896,95.47625
PK3CA,M1043I,1043.0,P42336,1,90.25,88.93181818181817,11,5.746342337173724,84.56818181818181
PK3CA,E418K,418.0,P42336,1,89.94,86.78909090909092,8,5.720192808203839,86.8825
PK3CA,K111E,111.0,P42336,1,92.0,91.97636363636364,9,5.489788191525246,91.62444444444445
PK3CA,E545D,545.0,P42336,1,94.12,94.69909090909091,6,5.1387646381398575,95.355
PK3CA,R88Q,88.0,P42336,1,94.25,93.14727272727272,11,5.432869618552051,94.53363636363635
PK3CA,E707K,707.0,P42336,1,96.25,97.3009090909091,9,5.297060438429851,96.97222222222223
PK3CA,H1047Y,1047.0,P42336,1,83.12,80.9490909090909,9,5.684028343891822,82.5911111111111
PK3CA,N1044K,1044.0,P42336,1,88.69,87.01727272727273,11,5.200581105172599,83.85818181818182
PK3CA,E970K,970.0,P42336,1,90.56,92.59636363636365,6,5.365200184869806,91.115
PK3CA,P104L,104.0,P42336,1,93.18999999999998,93.6190909090909,8,6.19015147064453,93.89
PK3CA,E453Q,453.0,P42336,1,83.81,90.28999999999999,6,5.9681005047482465,90.03166666666668
PK3CA,E542Q,542.0,P42336,1,90.75,94.84636363636363,4,5.078488759254777,94.5
PK3CA,Q546H,546.0,P42336,1,95.0,94.85181818181817,6,4.954799296284104,95.51
PK3CA,Q546E,546.0,P42336,1,95.0,94.85181818181817,6,4.954799296284104,95.51
PK3CA,V344M,344.0,P42336,1,92.12,91.73181818181817,9,6.372041078162691,94.08444444444446
PK3CA,P366R,366.0,P42336,1,97.62,97.03363636363635,10,5.780259399576229,97.312
PK3CA,N345I,345.0,P42336,1,90.75,90.53909090909089,5,5.945769124287011,91.812
PK3CA,C901F,901.0,P42336,1,98.06,97.76,10,5.4346501701093075,97.912
PK3CA,M1043V,1043.0,P42336,1,90.25,88.93181818181817,11,5.746342337173724,84.56818181818181
PK3CA,D350N,350.0,P42336,1,85.19,89.60090909090908,7,5.788662456554777,86.99000000000001
PK3CA,G106V,106.0,P42336,1,87.25,92.46545454545453,5,5.8163728268838355,91.226
PK3CA,G106R,106.0,P42336,1,87.25,92.46545454545453,5,5.8163728268838355,91.226
PK3CA,E542G,542.0,P42336,1,90.75,94.84636363636363,4,5.078488759254777,94.5
PK3CA,E365K,365.0,P42336,1,94.75,97.04454545454547,7,5.449989968562897,96.70428571428572
PK3CA,M1004I,1004.0,P42336,1,98.5,95.76,15,6.07528576567099,97.42000000000002
PK3CA,C378F,378.0,P42336,1,91.38,95.77818181818184,12,6.068272278207162,92.13416666666666
PK3CA,P471A,471.0,P42336,1,96.81000000000002,95.7218181818182,11,5.8267312598698595,96.13727272727273
PK3CA,Q958K,958.0,P42336,1,90.44,88.17090909090909,7,5.276493913706552,91.42857142857143
PK3CA,E542V,542.0,P42336,1,90.75,94.84636363636363,4,5.078488759254777,94.5
PK3CA,E110K,110.0,P42336,1,92.31,91.5509090909091,8,5.295069153659808,92.46125
PK3CA,H1047Q,1047.0,P42336,1,83.12,80.9490909090909,9,5.684028343891822,82.5911111111111
PK3CA,G364R,364.0,P42336,1,92.19,97.07363636363638,9,5.735381496240685,96.30444444444444
PK3CA,T1025A,1025.0,P42336,1,94.81000000000002,95.27727272727272,10,5.867587211120628,95.462
PK3CA,R108H,108.0,P42336,1,90.75,91.69363636363636,9,6.008014831143915,91.14
PK3CA,R93W,93.0,P42336,1,92.44000000000001,95.27272727272727,10,5.685416199312728,92.83200000000002
PK3CA,M1043L,1043.0,P42336,1,90.25,88.93181818181817,11,5.746342337173724,84.56818181818181
PK3CA,N107I,107.0,P42336,1,89.75,91.95454545454544,6,5.384734529675968,90.54166666666667
PK3CA,H1048R,1048.0,P42336,1,80.0,77.3409090909091,6,5.30691140010932,81.49
PK3CA,F909L,909.0,P42336,1,94.69000000000001,93.2218181818182,13,5.880777844956635,87.28923076923077
PK3CA,E542A,542.0,P42336,1,90.75,94.84636363636363,4,5.078488759254777,94.5
PK3CA,D939G,939.0,P42336,1,71.19,73.86,13,6.2847997476393775,78.24769230769232
PK3CA,R93Q,93.0,P42336,1,92.44000000000001,95.27272727272727,10,5.685416199312728,92.83200000000002
PK3CA,Y392H,392.0,P42336,1,97.94000000000001,98.17727272727274,10,5.6676888773564675,97.67
PK3CA,Y1021H,1021.0,P42336,1,93.69000000000001,93.93727272727273,11,5.886482614519732,91.24272727272728
PK3CA,V344G,344.0,P42336,1,92.12,91.73181818181817,9,6.372041078162691,94.08444444444446
PK3CA,C604R,604.0,P42336,1,96.62,98.11363636363636,12,6.148988401928629,96.92333333333333
PK3CA,C407F,407.0,P42336,1,97.5,92.85727272727273,14,5.757006554157579,96.525
PK3CA,A1066V,1066.0,P42336,1,40.22,45.223749999999995,6,5.07526223250417,44.23500000000001
PK3CA,Q546L,546.0,P42336,1,95.0,94.85181818181817,6,4.954799296284104,95.51
PK3CA,Q137K,137.0,P42336,1,95.44,95.38272727272728,13,6.263574807935905,92.16
PK3CA,N345H,345.0,P42336,1,90.75,90.53909090909089,5,5.945769124287011,91.812
PK3CA,N142K,142.0,P42336,1,96.88,97.33636363636361,8,5.530180492764545,97.50125
PK3CA,P124L,124.0,P42336,1,92.43999999999998,93.2790909090909,14,6.462209709168701,89.04357142857144
PK3CA,N497S,497.0,P42336,1,92.81,91.80545454545455,9,5.436239958926214,92.68666666666667
PK3CA,N457K,457.0,P42336,1,96.12,92.86272727272727,11,6.3356092236295884,96.13636363636364
PK3CA,N345T,345.0,P42336,1,90.75,90.53909090909089,5,5.945769124287011,91.812
PK3CA,S629C,629.0,P42336,1,97.75,98.23818181818181,9,5.450927819353664,98.34666666666665
PK3CA,R93L,93.0,P42336,1,92.44000000000001,95.27272727272727,10,5.685416199312728,92.83200000000002
PK3CA,D725G,725.0,P42336,1,93.44,92.92,4,5.065360905396113,93.0475
PK3CA,E600K,600.0,P42336,1,98.5,97.92545454545456,11,5.983112196953357,97.97636363636364
PK3CA,E547K,547.0,P42336,1,96.44,94.98272727272727,9,5.3672771421494945,95.45777777777778
PK3CA,E39K,39.0,P42336,1,93.44,96.56272727272727,9,5.791575295087721,94.42333333333333
PK3CA,E453V,453.0,P42336,1,83.81,90.28999999999999,6,5.9681005047482465,90.03166666666668
PK3CA,K567R,567.0,P42336,1,97.88,97.78545454545453,12,6.204044673284376,96.96333333333332
PK3CA,L252F,252.0,P42336,1,98.0,94.85727272727273,13,5.9863669524523475,96.85076923076923
PK3CA,L293V,293.0,P42336,1,94.56,93.09,10,5.872064526794938,93.862
PK3CA,G1007R,1007.0,P42336,1,90.31,93.29454545454546,12,6.321975800150234,95.0458333333333
PK3CA,E978Q,978.0,P42336,1,93.88,94.79727272727273,10,5.73348664895685,94.13900000000001
PK3CA,G122A,122.0,P42336,1,92.0,94.00636363636364,9,5.776616257424564,91.4011111111111
PK3CA,M1040T,1040.0,P42336,1,92.5,92.51818181818182,11,5.765802622724497,84.89818181818181
PK3CA,N1044Y,1044.0,P42336,1,88.69,87.01727272727273,11,5.200581105172599,83.85818181818182
PK3CA,C378Y,378.0,P42336,1,91.38,95.77818181818184,12,6.068272278207162,92.13416666666666
PK3CB,E552K,552.0,P42338,1,92.31,91.89727272727272,6,5.18012350669241,93.85333333333334
PK3CB,N421H,421.0,P42338,1,33.72,40.81909090909091,5,5.045176721289161,39.338
PK3CB,S769L,769.0,P42338,1,92.12,93.29363636363637,11,5.671054770170316,89.24363636363636
PK3CB,S756P,756.0,P42338,1,94.25,93.56181818181817,10,5.314479898849232,93.054
PK3CB,I17F,17.0,P42338,1,62.97,50.86727272727273,6,5.366798090186336,54.50666666666667
PK3CB,G943V,943.0,P42338,1,83.25,79.80090909090909,11,6.030050584969738,88.91909090909091
PK3CB,N924T,924.0,P42338,1,91.94,90.28454545454544,11,5.739485121317144,89.9709090909091
PK3CB,R995Q,995.0,P42338,1,96.0,97.00727272727272,7,5.512341450872142,96.99285714285715
PK3CB,R153H,153.0,P42338,1,89.44000000000001,91.21636363636365,10,5.449598881755085,91.5
PK3CB,S463F,463.0,P42338,1,86.88,76.26272727272728,8,5.701086880404697,85.15375
PK3CB,S781C,781.0,P42338,1,84.5,91.64818181818181,6,5.214041483294551,89.78000000000002
PK3CB,S756F,756.0,P42338,1,94.25,93.56181818181817,10,5.314479898849232,93.054
PK3CB,S657C,657.0,P42338,1,97.62,97.32,11,5.876784596864206,97.43454545454543
PK3CB,S527L,527.0,P42338,1,43.25,56.57909090909091,4,4.913990261163229,48.8975
PK3CB,D919N,919.0,P42338,1,83.06,88.53363636363638,11,6.521780696029603,78.98545454545454
PK3CB,E1051K,1051.0,P42338,1,80.06,79.83454545454548,10,5.734446158090027,75.509
PK3CB,D1067Y,1067.0,P42338,1,61.66,59.94777777777777,8,5.400489320345416,60.14
PK3CB,Q864K,864.0,P42338,1,88.5,86.29545454545455,13,5.639975715590963,85.2076923076923
PK3CB,F1004I,1004.0,P42338,1,96.75,94.8290909090909,10,5.683521610736588,94.58700000000002
PK3CB,L557F,557.0,P42338,1,94.5,94.19181818181819,9,5.403364529005624,94.20777777777778
PK3CB,S215L,215.0,P42338,1,92.81,93.13000000000001,8,5.5181873380415425,90.8425
AF10,I967T,967.0,P55197,1,72.56,66.91181818181819,8,5.141903303228895,66.715
AF10,A91G,91.0,P55197,1,96.38,95.28545454545456,15,6.569211147233081,95.80933333333334
AF10,S422L,422.0,P55197,1,35.81,36.01545454545455,4,5.371814939315973,36.7175
AF10,S456C,456.0,P55197,1,38.34,36.442727272727275,4,5.2885720873176005,38.1425
AF10,N183K,183.0,P55197,1,63.72,73.07181818181817,5,5.665366340962582,66.69200000000001
AF10,R328K,328.0,P55197,1,33.970000000000006,38.047272727272734,4,5.308510678660452,39.8575
AF10,H595N,595.0,P55197,1,38.44,39.099090909090904,4,5.544678292891988,39.6475
AF10,H793N,793.0,P55197,1,39.94,40.31454545454546,4,5.218177104297724,41.2475
AF10,L685F,685.0,P55197,1,38.84,37.77363636363637,4,5.489014682321329,36.440000000000005
AF10,L847V,847.0,P55197,1,30.08,35.65818181818182,4,5.301675983512982,31.830000000000002
AF10,L596S,596.0,P55197,1,37.34,38.59090909090909,4,5.637305063426195,39.75
AF10,R688L,688.0,P55197,1,37.09000000000001,36.56818181818182,4,5.492441478796989,37.8425
AF10,R688P,688.0,P55197,1,37.09000000000001,36.56818181818182,4,5.492441478796989,37.8425
AF10,S616L,616.0,P55197,1,31.610000000000003,33.40181818181818,4,5.466337587901581,30.16
HIP1,A73S,73.0,O00291,1,94.56,94.3409090909091,12,5.905340761771427,94.46333333333332
ITAV,R468K,468.0,P06756,1,96.55999999999999,95.90818181818182,12,5.7578885341524355,95.64916666666666
EPHA3,R512Q,512.0,P29320,1,93.55999999999999,91.25454545454545,15,5.936086266473822,90.47933333333334
EPHA3,V171A,171.0,P29320,1,90.93999999999998,91.61999999999999,10,6.042301512751436,91.78200000000001
EPHA3,M211I,211.0,P29320,1,95.62,93.73727272727274,12,5.725578566539791,94.72333333333334
EPHA3,H714R,714.0,P29320,1,91.30999999999999,91.56727272727272,9,5.755485712744961,91.67999999999999
EPHA3,R266T,266.0,P29320,1,89.55999999999999,93.26545454545455,7,5.452389371671975,92.72142857142858
EPHA3,R381P,381.0,P29320,1,94.19000000000001,92.64181818181818,9,5.929612759067945,92.85444444444445
EPHA3,E307K,307.0,P29320,1,94.62,94.10818181818182,10,5.964929251291052,94.644
EPHA3,E265K,265.0,P29320,1,93.56,93.36818181818181,12,5.990558662456698,92.07249999999999
EPHA3,C244Y,244.0,P29320,1,92.25,91.60181818181817,17,6.095780277801327,90.5435294117647
EPHA3,E538K,538.0,P29320,1,35.47,39.169999999999995,4,5.389423899854599,36.165
EPHA3,R639H,639.0,P29320,1,95.12000000000002,88.94999999999999,12,5.7476886295505265,92.70333333333333
EPHA3,T916R,916.0,P29320,1,47.410000000000004,50.805454545454545,9,5.910615526086257,51.602222222222224
EPHA3,I109N,109.0,P29320,1,85.88,84.97181818181816,7,5.574215618600154,86.40142857142857
EPHA3,G518V,518.0,P29320,1,88.69,89.58636363636364,12,5.602409422603665,90.95416666666667
EPHA3,D469N,469.0,P29320,1,93.94,91.36818181818182,11,5.849966298657475,92.27727272727273
EPHA3,D316V,316.0,P29320,1,92.5,93.1190909090909,7,5.346431882482256,92.60714285714286
EPHA3,D316A,316.0,P29320,1,92.5,93.1190909090909,7,5.346431882482256,92.60714285714286
EPHA3,I254N,254.0,P29320,1,90.81,92.23818181818183,9,5.953542488141379,92.29111111111112
EPHA3,I486T,486.0,P29320,1,91.38,86.53454545454545,8,5.6088783085074665,92.51375
EPHA3,I95M,95.0,P29320,1,92.94,92.50727272727272,13,5.946157426363054,91.45384615384616
EPHA3,L9F,9.0,P29320,1,39.91,39.57636363636364,8,5.477375404136295,39.697500000000005
EPHA3,V412I,412.0,P29320,1,94.68999999999998,94.20454545454545,12,6.028367600787078,94.72833333333334
EPHA3,S340L,340.0,P29320,1,91.38,90.89181818181818,12,5.746542443438687,90.38
EPHA3,R104Q,104.0,P29320,1,91.55999999999999,91.36363636363636,12,5.9875691094648404,90.21833333333332
EPHA3,P173S,173.0,P29320,1,87.88,91.40363636363635,7,5.350094638510828,86.03714285714285
EPHA3,M320I,320.0,P29320,1,93.88,93.81818181818181,8,5.719100222615232,94.14875
EPHA7,E129K,129.0,Q15375,1,94.5,93.41,11,6.146144289647114,93.58000000000001
EPHA7,F543V,543.0,Q15375,1,33.59000000000001,36.697272727272725,4,5.360420145997958,35.54
EPHA7,V219M,219.0,Q15375,1,91.93999999999998,88.10818181818182,11,6.140294644319318,89.98181818181818
EPHA7,R486M,486.0,Q15375,1,64.80999999999999,80.0909090909091,8,5.706268462251235,79.57
TIF1A,E253V,253.0,O15164,1,90.81,91.99999999999999,4,5.044845666553795,92.2825
AT1A1,K3R,3.0,P05023,1,35.91,40.995000000000005,4,5.247349368464331,41.615
ZN331,C85R,85.0,Q9NQX6,1,34.22,34.31454545454545,6,5.712761477146587,32.44
ZN331,P410T,410.0,Q9NQX6,1,87.5,88.44181818181818,8,5.881939536207028,89.29625
ZN331,E268K,268.0,Q9NQX6,1,91.94,92.44363636363637,7,5.409922666712515,91.56285714285715
ZN331,H377Y,377.0,Q9NQX6,1,91.55999999999999,90.39090909090909,7,5.604890324105139,90.30285714285715
ZN331,G239W,239.0,Q9NQX6,1,77.38,82.35272727272728,6,4.9989350587769295,81.19666666666667
ZN331,G183R,183.0,Q9NQX6,1,80.56,85.01727272727273,6,5.191768498294236,84.16666666666667
FLT3,S762C,762.0,P36888,1,43.62,40.60636363636363,6,5.282879967709483,43.385
FLT3,M503R,503.0,P36888,1,70.81,72.13636363636364,11,6.119207266685382,69.64545454545454
FLT3,L221R,221.0,P36888,1,88.38,84.15363636363635,11,6.0984899670983825,87.01181818181819
CBLB,E358G,358.0,Q13191,1,81.31,79.06727272727274,6,5.000169427624411,80.84333333333333
CBLB,D585N,585.0,Q13191,1,41.06,40.30181818181818,4,5.450025494223489,40.845
CBLB,D404N,404.0,Q13191,1,79.25,87.42545454545454,6,5.323851663037993,86.03166666666668
CBLB,H257Y,257.0,Q13191,1,91.80999999999999,90.36818181818181,9,5.437838181637346,90.7911111111111
CBLB,I77V,77.0,Q13191,1,95.81,94.47636363636362,12,5.774492312924955,94.67666666666666
CBLB,R141Q,141.0,Q13191,1,87.55999999999999,90.14727272727274,10,5.603863284982388,89.569
CBLB,R734W,734.0,Q13191,1,36.970000000000006,36.16909090909091,4,5.274927734117919,37.345
CBLB,R291Q,291.0,Q13191,1,85.80999999999999,90.06181818181817,6,5.1592850762432745,87.96833333333332
CBLB,Q318E,318.0,Q13191,1,93.06,92.26,9,5.473307734750422,91.42222222222222
CBLB,P562L,562.0,Q13191,1,55.69,55.67636363636364,4,5.1183313953134855,54.14500000000001
CBLB,N9K,9.0,Q13191,1,42.94,41.56454545454546,4,5.345188906385288,41.0525
CBLB,L544V,544.0,Q13191,1,49.03,46.85909090909092,4,5.253012407463163,45.7975
CBLB,L23W,23.0,Q13191,1,47.84,48.08545454545455,6,5.336824534540391,51.03666666666667
EMAL4,D19N,19.0,Q9HC35,1,74.88,67.17363636363635,8,5.357764892242427,66.59
RBM15,P854S,854.0,Q96T37,1,81.81000000000002,88.40272727272728,7,5.595173890998706,87.05428571428573
RBM15,S656Y,656.0,Q96T37,1,34.94,36.08818181818182,4,5.302282311757402,34.8775
RBM15,Q899R,899.0,Q96T37,1,93.75,94.27727272727272,8,5.450231603576994,93.60875
RBM15,D629H,629.0,Q96T37,1,37.41,37.00818181818182,4,5.317758406564575,37.4125
RBM15,D188N,188.0,Q96T37,1,90.0,88.63,8,5.1483268724766695,89.23375
RBM15,G297V,297.0,Q96T37,1,34.62,37.373636363636365,5,5.4218536852489185,37.768
RBM15,G285V,285.0,Q96T37,1,28.8,31.40090909090909,4,5.2764649363558735,32.815
RBM15,S873C,873.0,Q96T37,1,34.5,33.29363636363637,4,5.148085296944715,29.6475
RBM15,S749C,749.0,Q96T37,1,41.84,38.652727272727276,4,5.248150850267926,36.8825
KIT,D52N,52.0,P10721,1,95.62,95.62454545454544,9,5.525137273614585,95.07666666666667
KIT,C491R,491.0,P10721,1,88.56,84.21545454545456,12,5.759563982813351,86.96250000000002
KIT,D975N,975.0,P10721,1,33.97,32.822857142857146,3,4.529217320634822,33.876666666666665
KIT,V559G,559.0,P10721,1,56.97000000000001,53.98181818181819,13,6.056639667994218,68.36076923076924
KIT,L793S,793.0,P10721,1,93.12,89.43727272727273,11,6.051864201388638,92.6590909090909
KIT,L576P,576.0,P10721,1,73.81,75.1809090909091,10,6.216090514111358,76.862
KIT,I539V,539.0,P10721,1,87.81,86.55727272727273,8,5.116097433718323,87.055
CSF1R,R214Q,214.0,P07333,1,95.62000000000002,92.61181818181818,12,6.236887625435959,94.55666666666667
CSF1R,S277C,277.0,P07333,1,97.31,96.31818181818181,12,5.691678101359635,96.0625
CSF1R,E86K,86.0,P07333,1,84.69,77.82545454545455,15,6.24220955936069,80.63066666666667
CSF1R,M875L,875.0,P07333,1,92.69,89.89181818181818,6,5.909321507272257,89.34166666666665
CTND1,P361T,361.0,O60716,1,87.12,82.82,4,5.392858630545198,86.7825
CTND1,D403N,403.0,O60716,1,98.44,98.16,8,5.080561264577508,98.2825
CTND1,R264W,264.0,O60716,1,28.8,29.620909090909095,4,4.983327127998152,29.43
CTND1,R461Q,461.0,O60716,1,98.25,97.09545454545454,8,5.562728848294332,98.03
CTND1,T147S,147.0,O60716,1,31.62,31.75363636363636,4,4.944280571355724,30.415000000000006
CTND1,P222R,222.0,O60716,1,36.96999999999999,37.29454545454546,4,5.275383147687787,36.5675
CTND1,R135W,135.0,O60716,1,42.470000000000006,45.64181818181819,7,5.4456785798819665,47.07999999999999
CTND1,V414G,414.0,O60716,1,98.75,98.54454545454546,16,6.3027894806295315,98.58937499999999
CTND1,V382I,382.0,O60716,1,97.81000000000002,97.75636363636363,11,5.744312697042807,97.75636363636363
CTND1,R34W,34.0,O60716,1,85.30999999999999,84.16545454545454,8,5.123833775454435,84.13374999999999
CTND1,E803K,803.0,O60716,1,92.81,93.75,8,5.478725802537606,92.14875
CTND1,H863D,863.0,O60716,1,29.389999999999997,32.35454545454546,4,5.138247421306113,28.1525
CTND1,I669V,669.0,O60716,1,96.06,95.92727272727274,11,5.744505917762334,95.47909090909091
CTND1,D912N,912.0,O60716,1,41.59,39.00909090909091,4,5.184716106016393,39.0325
CTND1,T932I,932.0,O60716,1,35.94,37.74090909090909,4,5.301280311110915,38.155
CTND1,N903S,903.0,O60716,1,34.0,35.20090909090909,4,5.444878104194972,34.2725
M3K13,E461Q,461.0,O43283,1,87.62,87.14272727272727,8,5.163811589033266,87.39125
M3K13,E452Q,452.0,O43283,1,69.0,70.11545454545455,8,5.09948575497092,69.95125
M3K13,E712K,712.0,O43283,1,33.03,32.63636363636363,4,5.517560370918566,33.4275
M3K13,S903L,903.0,O43283,1,33.69,44.846363636363634,4,4.919337208005739,40.21
M3K13,S907F,907.0,O43283,1,75.44,55.945454545454545,6,5.265525097771236,58.905
M3K13,M490L,490.0,O43283,1,87.75,90.15818181818182,8,5.136126839203448,90.33500000000001
M3K13,I57M,57.0,O43283,1,31.81,31.65636363636364,4,5.352945528334108,30.43
M3K13,I455T,455.0,O43283,1,79.12,77.59,8,5.080748575355083,78.17875
M3K13,L606F,606.0,O43283,1,31.23,32.694545454545455,4,4.898671615459425,33.1025
M3K13,G923S,923.0,O43283,1,44.94,51.83545454545454,7,5.34732846659496,55.05285714285714
M3K13,E477Q,477.0,O43283,1,92.38,92.09636363636363,8,5.133666616056178,92.17125
M3K13,E58K,58.0,O43283,1,32.25,32.37181818181818,4,5.128312125165799,32.550000000000004
MACC1,S302G,302.0,Q6ZN28,1,86.75,88.13000000000001,12,5.584750670943436,88.52083333333333
MACC1,L102F,102.0,Q6ZN28,1,36.78,35.910909090909094,6,5.308489007543851,35.76666666666667
MACC1,K298R,298.0,Q6ZN28,1,86.94,88.86454545454545,6,5.692478950305184,88.34333333333332
MACC1,G600E,600.0,Q6ZN28,1,91.38,90.37000000000002,12,5.509156008922755,90.895
MACC1,S302C,302.0,Q6ZN28,1,86.75,88.13000000000001,12,5.584750670943436,88.52083333333333
MACC1,P300L,300.0,Q6ZN28,1,86.62,88.19272727272728,6,5.225482459839398,87.32333333333334
MACC1,D299N,299.0,Q6ZN28,1,88.94,88.53454545454545,6,5.137267819495832,87.42666666666666
MACC1,E307A,307.0,Q6ZN28,1,90.44,90.65818181818183,10,6.136031482373137,90.312
MACC1,E659K,659.0,Q6ZN28,1,89.31,90.59545454545454,8,5.573307414705889,90.38125
MACC1,E728A,728.0,Q6ZN28,1,89.19,92.32818181818182,6,5.046509105132675,92.45666666666666
MACC1,K298E,298.0,Q6ZN28,1,86.94,88.86454545454545,6,5.692478950305184,88.34333333333332
MACC1,P300S,300.0,Q6ZN28,1,86.62,88.19272727272728,6,5.225482459839398,87.32333333333334
MACC1,Q488E,488.0,Q6ZN28,1,91.12,87.14727272727272,12,5.793198152838706,89.5
MACC1,Q83E,83.0,Q6ZN28,1,51.84,48.14727272727273,8,5.191739353097375,48.34
MACC1,R10W,10.0,Q6ZN28,1,29.44,29.920909090909095,4,4.935671373230367,30.15
CYLD,G4R,4.0,Q9NQC7,1,37.78,33.936666666666675,4,5.239202374487535,33.385000000000005
CYLD,Q34E,34.0,Q9NQC7,1,59.72,67.40727272727273,5,5.468777608140725,65.638
CYLD,V197A,197.0,Q9NQC7,1,93.68999999999998,92.24545454545455,10,6.012173043653439,94.26700000000001
CYLD,Q77H,77.0,Q9NQC7,1,75.06,79.77818181818182,7,5.318367967702115,78.52714285714286
CYLD,P272L,272.0,Q9NQC7,1,84.62,88.69818181818181,8,5.586725867454545,86.97625
CYLD,Y49H,49.0,Q9NQC7,1,88.12,75.03272727272727,12,5.936921577130637,84.85083333333334
CYLD,C558Y,558.0,Q9NQC7,1,46.5,45.99272727272727,10,5.844711743584623,57.009
CYLD,G593D,593.0,Q9NQC7,1,97.12,93.90363636363637,16,6.1667516678963255,96.515625
TR150,S20L,20.0,Q9Y2W1,1,44.72,42.17,4,5.298511152046333,42.3425
CTNA2,V118I,118.0,P26232,1,89.68999999999998,86.31818181818181,6,4.98283365314525,86.645
CTNA2,E416Q,416.0,P26232,1,97.88,97.28454545454547,8,5.298033301535376,97.53875
CTNA2,D641E,641.0,P26232,1,43.94,40.44,6,5.387167061826667,43.69333333333333
CTNA2,D646G,646.0,P26232,1,27.58,33.07818181818182,4,5.128508928217929,30.650000000000002
CTNA2,D710N,710.0,P26232,1,89.56,86.04454545454546,10,5.904392977418107,88.58000000000001
CTNA2,M718I,718.0,P26232,1,92.69,89.12363636363635,11,5.5622094682028855,89.87363636363638
CTNA2,N351H,351.0,P26232,1,87.38,85.84181818181818,6,5.0526630350953825,88.85333333333334
CTNA2,P361S,361.0,P26232,1,89.25,85.2790909090909,7,5.284737105749218,89.20571428571428
CTNA2,R120C,120.0,P26232,1,83.0,86.57363636363637,10,5.43982789525389,86.94399999999999
CTNA2,R193I,193.0,P26232,1,94.87999999999998,94.26181818181817,9,5.336967693220609,94.35444444444445
CTNA2,P301L,301.0,P26232,1,93.93999999999998,92.18181818181819,8,5.547134289639855,92.2975
CTNA2,M206K,206.0,P26232,1,94.62,92.09545454545454,14,5.663433448932805,93.09857142857142
CTNA2,M147I,147.0,P26232,1,91.38,92.24909090909092,11,5.658914909062902,87.89090909090909
CTNA2,A862T,862.0,P26232,1,85.06,81.38727272727273,10,5.3870073772491684,82.623
CTNA2,A586T,586.0,P26232,1,97.19,97.00454545454546,9,5.444625831879213,97.04111111111109
CTNA2,V96M,96.0,P26232,1,94.31000000000002,94.87909090909089,13,5.656243419775577,93.39384615384617
CTNA2,V713I,713.0,P26232,1,87.12,88.99363636363637,9,5.304839323865308,89.4022222222222
CTNA2,V687G,687.0,P26232,1,87.06000000000002,86.41545454545454,10,5.424091039114831,87.162
CTNA2,S511F,511.0,P26232,1,91.69,92.82636363636365,9,5.54159994929992,92.64111111111112
CTNA2,R614H,614.0,P26232,1,89.88,92.1309090909091,9,5.408994056837498,92.58333333333333
CTNA2,V484A,484.0,P26232,1,97.68999999999998,97.84272727272727,11,5.765065202853311,96.72272727272728
CTNA2,V500L,500.0,P26232,1,97.31000000000002,94.77090909090909,12,5.746534536486268,95.03083333333332
CTNA2,T504P,504.0,P26232,1,92.31000000000002,92.99999999999999,11,6.33187544794835,93.80636363636363
CTNA2,I782F,782.0,P26232,1,94.75,93.85727272727271,13,5.714478481449659,94.81615384615382
CTNA2,N790K,790.0,P26232,1,86.44,84.06272727272727,12,5.664867203257242,86.34416666666668
CTNA1,C772R,772.0,P35221,1,86.44,86.92000000000002,12,5.883597091065106,87.61416666666666
CTNA1,L759V,759.0,P35221,1,90.0,91.14272727272727,11,5.783569485844495,86.86909090909091
CTNA1,V688G,688.0,P35221,1,91.81000000000002,90.93272727272728,10,5.437847546258618,91.30699999999999
CTNA1,S558L,558.0,P35221,1,92.19,91.94272727272728,8,5.323586855176663,92.36625000000001
CTNA1,S264L,264.0,P35221,1,50.38,58.27363636363635,7,5.4315778640344945,54.69142857142857
CTNA1,R360K,360.0,P35221,1,83.94000000000001,82.37545454545453,9,6.09196056010662,83.66666666666667
CTNA1,Q789H,789.0,P35221,1,93.38,92.3009090909091,9,5.249338918077238,92.92888888888889
CTNA1,Q476R,476.0,P35221,1,91.94,91.08000000000001,6,5.872843644581979,89.92666666666666
CTNA1,N8H,8.0,P35221,1,61.44,58.870000000000005,6,5.712310537350535,55.51166666666666
CTNA1,L348P,348.0,P35221,1,93.69,93.46545454545453,10,5.641882486121901,93.124
CTNA1,E432Q,432.0,P35221,1,93.75,94.99999999999999,8,5.127217951865667,94.97749999999999
CTNA1,A434V,434.0,P35221,1,95.69,94.32454545454544,14,5.98372945807085,94.545
CTNA1,A24S,24.0,P35221,1,86.5,84.62454545454547,7,5.1502109867757735,86.75999999999999
MSH2,I544M,544.0,P43246,1,83.88,84.86,8,5.869300368216177,85.98625
MSH2,F286C,286.0,P43246,1,87.19000000000001,85.04,12,6.0125362099727235,85.40250000000002
MSH2,Q451E,451.0,P43246,1,94.25,94.09,11,5.778595465620477,94.6809090909091
MSH2,Q493H,493.0,P43246,1,91.56,92.78363636363635,9,5.411507881532444,92.86111111111111
MSH2,Q510H,510.0,P43246,1,85.19,87.03363636363636,10,5.820190653453451,86.05
MSH2,Q601E,601.0,P43246,1,98.38,97.47727272727273,10,5.534369623402263,96.831
MSH2,F366C,366.0,P43246,1,98.0,97.13636363636364,14,5.8728017745831,97.40642857142858
MSH2,E467K,467.0,P43246,1,81.94,84.05636363636364,7,5.238274161481764,82.64285714285714
MSH2,K659T,659.0,P43246,1,93.19,95.18181818181819,9,5.597584507693607,94.30555555555556
MSH2,N583S,583.0,P43246,1,90.44,90.69909090909093,10,5.654042219150052,89.05000000000001
MSH2,P439T,439.0,P43246,1,98.06000000000002,97.6190909090909,10,5.7904619685536876,97.787
MSH2,G858A,858.0,P43246,1,41.66,45.78454545454545,7,5.42405040255205,47.34428571428571
MSH2,G410S,410.0,P43246,1,93.88,94.47727272727273,11,5.450527225110968,94.03363636363635
MSH2,E16K,16.0,P43246,1,73.38,71.89090909090909,11,5.49813691243292,71.24181818181819
MSH2,A391T,391.0,P43246,1,86.81,84.93727272727273,12,5.680420629155583,86.68333333333332
MSH2,A609P,609.0,P43246,1,98.44,97.41999999999999,15,5.809234530826141,97.83200000000001
MSH2,D502H,502.0,P43246,1,87.69,88.2090909090909,7,5.456005797301409,88.40857142857142
MSH2,E132K,132.0,P43246,1,73.69,73.46727272727274,9,5.387928095439913,72.48777777777777
MSH2,D603N,603.0,P43246,1,98.38,98.17636363636365,14,5.7555899236904695,96.64214285714284
MSH2,A154T,154.0,P43246,1,84.56,86.88636363636363,8,5.382220671634492,84.60875
PMS1,H81Y,81.0,P54277,1,85.75,89.54545454545456,7,6.014118696062889,89.57142857142857
PMS1,T89A,89.0,P54277,1,92.12,88.36999999999999,7,5.554697785595403,90.60000000000001
PMS1,M177I,177.0,P54277,1,95.94,95.82818181818183,9,5.240702324999355,95.64444444444445
PMS1,I61M,61.0,P54277,1,97.0,96.37727272727274,12,6.34126639777451,96.51083333333334
PMS1,D41A,41.0,P54277,1,98.31,97.73363636363638,11,5.787689936532,98.46
PMS1,C102Y,102.0,P54277,1,95.06,96.48272727272727,14,6.043303796322681,94.675
PMS1,A114T,114.0,P54277,1,94.31,95.83000000000001,5,5.529578721753118,95.188
PMS1,Q450E,450.0,P54277,1,24.53,23.3,4,5.453152592186702,23.0775
PMS1,V154A,154.0,P54277,1,93.43999999999998,93.03999999999999,6,5.037170681881342,93.05166666666666
PMS1,G479W,479.0,P54277,1,28.53,28.215454545454545,4,5.379700753012887,28.415
PMS1,E510Q,510.0,P54277,1,46.44,43.80636363636364,7,5.501669227129618,45.84285714285714
PMS1,E513D,513.0,P54277,1,42.12,39.66909090909091,4,5.222338501920959,40.29
PMS1,D305H,305.0,P54277,1,89.56,89.49363636363636,9,5.551853211478262,89.90777777777778
PMS1,A245V,245.0,P54277,1,80.06,85.71909090909091,9,5.554632116390828,87.45666666666666
MRTFA,D68N,68.0,Q969V6,1,98.12,97.99363636363637,8,5.192445244513092,98.015
MRTFA,P34L,34.0,Q969V6,1,96.56000000000002,96.79636363636365,6,5.6362573452733855,96.76166666666666
MRTFA,P157S,157.0,Q969V6,1,41.21999999999999,38.307272727272725,4,5.418523888804915,39.305
MRTFA,P244L,244.0,Q969V6,1,72.0,68.06,5,5.220878467215461,68.412
MRTFA,P165S,165.0,Q969V6,1,37.589999999999996,37.88636363636363,4,5.542255369023211,35.042500000000004
MRTFA,V422L,422.0,Q969V6,1,36.78000000000001,36.24818181818181,4,5.501787158597583,34.925
RB,I680T,680.0,P06400,1,98.12,96.09,11,5.353066944116947,96.93090909090907
RB,R698W,698.0,P06400,1,97.75,97.9218181818182,12,6.145139085864031,97.84000000000002
RB,E554K,554.0,P06400,1,97.38,96.15454545454546,10,5.462691698783943,96.618
RB,D701N,701.0,P06400,1,98.44,98.26181818181817,9,5.737334472442642,97.5988888888889
RB,R334K,334.0,P06400,1,97.0,95.20363636363636,9,6.075435292084576,96.28222222222222
FBX11,P766R,766.0,Q86XK2,1,97.88,97.27363636363636,13,6.009798872358411,97.50846153846155
FBX11,Y692H,692.0,Q86XK2,1,96.88,96.11,14,5.776260171658984,97.22285714285714
NFAC2,N194K,194.0,Q13469,1,38.09,40.18090909090909,4,5.428543245105655,38.03
BCLF1,S718R,718.0,Q9NYF8,1,37.81,38.87818181818182,4,5.4551066856687,38.64
BCLF1,G171R,171.0,Q9NYF8,1,40.56,38.4290909090909,4,5.166773522760124,39.9675
BCLF1,G278V,278.0,Q9NYF8,1,42.22,41.43545454545455,4,5.096727699541369,41.805
BCLF1,H89Y,89.0,Q9NYF8,1,42.56,40.17636363636363,4,5.195922414619791,41.33
BCLF1,G278E,278.0,Q9NYF8,1,42.22,41.43545454545455,4,5.096727699541369,41.805
BCLF1,S276F,276.0,Q9NYF8,1,40.28,41.18272727272727,4,5.015397309935396,42.36
BCLF1,R283Q,283.0,Q9NYF8,1,43.56,39.61727272727273,4,5.472181311417104,37.7125
BCLF1,R298Q,298.0,Q9NYF8,1,45.470000000000006,41.51181818181818,4,5.1464823076568695,40.93
BCLF1,Q123E,123.0,Q9NYF8,1,43.09,39.50181818181818,4,4.762833596811364,39.345
BCLF1,P235Q,235.0,Q9NYF8,1,51.81,46.04818181818182,4,5.509381025240226,47.235
BCLF1,R764Q,764.0,Q9NYF8,1,41.220000000000006,41.83363636363636,4,5.3360399693967455,42.47
BCLF1,R69P,69.0,Q9NYF8,1,50.0,45.21545454545455,4,5.228402425761562,46.875
BCLF1,E434K,434.0,Q9NYF8,1,43.22,43.81545454545455,4,5.121894884230951,44.1325
BCLF1,A521E,521.0,Q9NYF8,1,48.81,44.623636363636365,4,5.289291882328022,44.9225
BCLF1,A539T,539.0,Q9NYF8,1,46.94,50.76909090909091,4,5.149994407211935,50.6775
BCLF1,D656V,656.0,Q9NYF8,1,66.44,65.76636363636364,4,4.82668192678813,69.0175
BCLF1,E432K,432.0,Q9NYF8,1,44.0,43.0090909090909,4,5.095533405247132,41.805
BCLF1,I488M,488.0,Q9NYF8,1,50.34,46.73545454545454,4,5.242771116594971,47.86
BCLF1,S274F,274.0,Q9NYF8,1,40.41,41.92363636363636,4,4.895291020934405,40.61
BCLF1,S757F,757.0,Q9NYF8,1,34.81,35.84636363636364,4,5.458745724996219,37.8275
BCLF1,K421N,421.0,Q9NYF8,1,51.41,50.34090909090909,6,5.884934921097528,51.88166666666666
ANDR,Q63L,63.0,P10275,1,79.38,81.1081818181818,8,5.201824724178657,81.32875
ANDR,L446F,446.0,P10275,1,32.91,33.466363636363624,4,5.612646819643047,32.7025
ANDR,E355K,355.0,P10275,1,28.700000000000003,29.320909090909083,4,5.26873266266716,30.4925
ANDR,E81Q,81.0,P10275,1,53.44,53.371818181818185,7,5.399044361628682,54.69999999999999
ANDR,G409R,409.0,P10275,1,32.94,32.45454545454545,4,5.125501929591062,31.379999999999995
ANDR,A430T,430.0,P10275,1,33.75,34.10636363636363,4,5.463682802299773,32.2425
ANDR,G21A,21.0,P10275,1,72.88,65.35909090909091,7,5.508542813605218,75.28142857142858
ANDR,R31H,31.0,P10275,1,76.05999999999999,73.69363636363636,9,5.423071556091948,76.60444444444445
ANDR,Q445P,445.0,P10275,1,31.119999999999997,33.052727272727275,4,5.312126461383295,33.58
ANDR,Q64L,64.0,P10275,1,83.0,81.45545454545454,8,5.189585894068216,81.57875
ANDR,R13W,13.0,P10275,1,46.220000000000006,45.808181818181815,9,6.18839022120008,48.11555555555555
ANDR,G300V,300.0,P10275,1,37.19,35.83181818181818,4,5.616317588941063,35.0775
ANDR,G476A,476.0,P10275,1,36.41,38.21000000000001,4,5.643002290708032,37.935
ANDR,G525A,525.0,P10275,1,34.84,35.84545454545455,4,5.379489144538335,37.5925
ANDR,E187Q,187.0,P10275,1,32.81,33.37909090909091,7,5.364043389791517,33.41571428571429
ANDR,E304K,304.0,P10275,1,34.12,34.77818181818182,4,5.206547891268564,35.11
ANDR,T338I,338.0,P10275,1,26.979999999999997,30.38181818181818,4,5.081063953154868,31.11
ANDR,Q35E,35.0,P10275,1,67.31,60.80454545454545,6,5.151464689536954,66.64166666666667
ANDR,L57Q,57.0,P10275,1,73.12,69.13545454545455,8,5.156008669459467,69.64
ANDR,Q62L,62.0,P10275,1,82.19,80.1590909090909,8,5.176126384858605,80.64125
ANDR,S361N,361.0,P10275,1,27.91,30.787272727272725,4,5.148262669593729,30.4
ANDR,A242S,242.0,P10275,1,62.25,57.309090909090905,8,5.093919586557807,58.402499999999996
ANDR,A333S,333.0,P10275,1,28.95,30.375454545454545,4,5.414442355451923,30.5525
ANDR,C290Y,290.0,P10275,1,32.62,34.82818181818182,4,5.574290076189776,35.2425
ANDR,L561M,561.0,P10275,1,90.12,79.25545454545454,9,5.8289618117838735,88.77000000000001
ANDR,S568F,568.0,P10275,1,86.56,87.61272727272727,9,6.033579091002469,85.39555555555556
ANDR,R856C,856.0,P10275,1,95.87999999999998,94.01818181818182,9,5.340425430606148,94.25
ANDR,A278V,278.0,P10275,1,34.66,34.10727272727272,4,5.275721903975245,35.2275
ANDR,A810V,810.0,P10275,1,97.5,97.1581818181818,10,5.780555396190692,96.86699999999999
IL6RB,L25I,25.0,P40189,1,59.0,62.693636363636365,4,4.911399105302873,58.875
IL6RB,N43T,43.0,P40189,1,89.69,90.64272727272727,9,5.6204662085202965,87.54888888888888
IL6RB,S209L,209.0,P40189,1,96.56,95.28272727272729,11,5.6917062240895016,96.10272727272726
IL6RB,S279C,279.0,P40189,1,93.25,94.55090909090909,9,5.690133584684326,95.61666666666666
IL6RB,Y116F,116.0,P40189,1,91.0,88.03909090909092,12,6.039198117626301,89.32833333333333
IL6RB,E138A,138.0,P40189,1,92.56,94.2090909090909,9,5.605865740546636,94.87333333333333
IL6RB,E138K,138.0,P40189,1,92.56,94.2090909090909,9,5.605865740546636,94.87333333333333
IL6RB,N63S,63.0,P40189,1,86.88,88.36454545454546,8,6.174158894756402,89.5875
IL6RB,N379S,379.0,P40189,1,92.62,86.25,8,5.623263601712912,92.38374999999999
IL6RB,R479C,479.0,P40189,1,95.75,93.32363636363635,8,5.548873007772608,96.05375
IL6RB,R644Q,644.0,P40189,1,61.779999999999994,66.34090909090911,8,5.17428635641267,66.12125
IL6RB,T689N,689.0,P40189,1,38.06,36.11818181818182,4,5.387633865990198,35.93
IL6RB,V590I,590.0,P40189,1,94.18999999999998,93.86454545454545,11,5.594961585403308,93.70545454545454
IL6RB,V623L,623.0,P40189,1,88.56000000000002,86.67636363636365,8,5.22177019188407,86.7975
IL6RB,P507R,507.0,P40189,1,95.06000000000002,94.26818181818184,10,5.747455810973578,95.6
IL6RB,E565Q,565.0,P40189,1,89.5,88.8009090909091,8,5.63785416411968,89.8675
IL6RB,G880A,880.0,P40189,1,30.8,32.38272727272727,4,5.599991316886874,33.3
IL6RB,H801L,801.0,P40189,1,37.31,35.811818181818175,4,5.386636226205435,35.805
IL6RB,L711M,711.0,P40189,1,31.56,34.78090909090909,4,5.254326812491566,33.47
IL6RB,N569S,569.0,P40189,1,94.38,92.09636363636362,8,5.618314984437067,94.80250000000001
CADH1,E243K,243.0,P12830,1,86.12,87.11818181818181,8,5.892262696663687,89.25625
CADH1,P42A,42.0,P12830,1,72.44,81.64181818181818,7,5.816124191481704,72.28571428571429
CADH1,D402H,402.0,P12830,1,94.56,93.38000000000001,13,6.167816393740458,93.15384615384616
CADH1,D400N,400.0,P12830,1,94.31,93.88000000000001,9,5.471532783379021,93.72222222222223
CADH1,A286T,286.0,P12830,1,96.0,95.4090909090909,10,5.666205602157708,96.275
CADH1,D288N,288.0,P12830,1,95.88,93.8809090909091,14,6.2173995119146905,94.10714285714286
CADH1,D254Y,254.0,P12830,1,94.44,93.58636363636364,10,6.030991542854391,93.16799999999999
CADH1,D291Y,291.0,P12830,1,90.69,91.83636363636363,10,5.6807853389893115,91.04499999999999
CADH1,V325I,325.0,P12830,1,97.56000000000002,95.5690909090909,11,5.574057016746951,96.28454545454544
CADH1,R335Q,335.0,P12830,1,95.25,93.72727272727273,11,5.568069605112589,94.83090909090907
CADH1,S133F,133.0,P12830,1,34.72,33.32272727272728,4,5.224123820839562,31.505000000000003
CADH1,S180F,180.0,P12830,1,86.56,85.92636363636365,9,6.132817415525203,86.37444444444445
CADH1,S5R,5.0,P12830,1,38.34,40.344,4,5.255002286336108,42.99249999999999
CADH1,W156R,156.0,P12830,1,56.059999999999995,63.36363636363637,4,5.122191059310708,63.75
CADH1,N369T,369.0,P12830,1,93.44,94.00636363636363,13,6.187106756644267,90.9223076923077
CADH1,E273K,273.0,P12830,1,94.38,94.13727272727273,12,5.65403048315224,93.57249999999999
CADH1,N315S,315.0,P12830,1,92.06,94.4090909090909,9,6.130506532646687,94.36111111111113
CADH1,M282I,282.0,P12830,1,95.94,95.55090909090909,10,6.022936036022981,96.68699999999998
CADH1,G571S,571.0,P12830,1,86.25,91.32909090909091,9,5.6736264110811305,88.91666666666667
CADH1,I451L,451.0,P12830,1,95.56,94.20363636363636,8,5.607537851946896,95.64
CADH1,T522I,522.0,P12830,1,94.81000000000002,91.31272727272727,9,5.427897621079275,93.83999999999999
CADH1,V473D,473.0,P12830,1,96.75,94.38727272727273,13,5.893658398101906,95.76846153846155
CADH1,Y523C,523.0,P12830,1,95.75,92.26727272727273,14,5.977835572544615,94.59
CADH1,A634V,634.0,P12830,1,79.31,83.55,10,5.428649989170735,83.899
CADH1,D257G,257.0,P12830,1,93.44,94.5181818181818,5,5.452293846226004,93.974
CADH1,D257V,257.0,P12830,1,93.44,94.5181818181818,5,5.452293846226004,93.974
CADH1,D308N,308.0,P12830,1,96.38,95.19818181818182,8,5.4797347360723725,95.7875
CADH1,D349V,349.0,P12830,1,94.56,94.75636363636363,18,5.797621811681073,93.87611111111111
CADH1,E210Q,210.0,P12830,1,90.25,93.55545454545455,7,5.452993826544719,91.9357142857143
CADH1,E138K,138.0,P12830,1,37.31,36.56727272727273,4,4.802584314592796,34.722500000000004
CADH1,E165Q,165.0,P12830,1,94.81,90.10181818181819,12,5.474166220585627,93.40583333333332
CADH1,D254H,254.0,P12830,1,94.44,93.58636363636364,10,6.030991542854391,93.16799999999999
CADH1,C163Y,163.0,P12830,1,92.19,87.71545454545453,10,6.072287360783081,92.85
CADH1,H92Y,92.0,P12830,1,69.30999999999999,78.75090909090909,5,5.707919914465825,75.526
CADH1,H29Q,29.0,P12830,1,74.75,69.9290909090909,7,6.024540471680887,77.05428571428571
CADH1,H233Q,233.0,P12830,1,92.5,90.39818181818183,12,5.918291672067576,90.92583333333333
CADH1,H233P,233.0,P12830,1,92.5,90.39818181818183,12,5.918291672067576,90.92583333333333
CADH1,G239R,239.0,P12830,1,81.31,86.52181818181818,6,5.174385093172622,86.57333333333334
CADH1,G269W,269.0,P12830,1,95.88,95.21727272727271,10,5.811450522732443,96.931
CADH1,G278R,278.0,P12830,1,93.38,94.09181818181818,7,5.334209908010496,95.08
CADH1,G278V,278.0,P12830,1,93.38,94.09181818181818,7,5.334209908010496,95.08
CADH1,G62D,62.0,P12830,1,67.62,73.45454545454545,5,5.421868960731308,70.562
CADH1,H121R,121.0,P12830,1,45.12,53.24272727272728,4,4.930109079006924,48.4925
CADH1,A298D,298.0,P12830,1,91.88,92.40454545454546,14,5.723922682823174,93.25500000000001
CADH1,L71F,71.0,P12830,1,82.81,84.16454545454545,7,6.072693930463839,87.25
CADH1,R224C,224.0,P12830,1,92.55999999999999,93.86818181818184,5,5.003974621947092,94.074
CADH1,S70F,70.0,P12830,1,85.81,81.93727272727273,12,5.961392046524376,87.5625
CADH1,T251K,251.0,P12830,1,93.38,92.62545454545453,11,5.650293316972786,91.64818181818181
CADH1,T330I,330.0,P12830,1,91.81000000000002,94.50454545454545,10,6.161160791675704,93.48700000000001
CADH1,T340A,340.0,P12830,1,96.88,96.09181818181818,9,5.681564239075277,96.43888888888888
CADH1,T379M,379.0,P12830,1,95.62,94.60818181818182,8,5.584639325885868,95.82875
CADH1,T38A,38.0,P12830,1,89.5,82.75636363636364,8,5.545219553230465,87.14125
CADH1,R108S,108.0,P12830,1,82.5,83.95000000000002,7,5.4262455670179515,81.3757142857143
CADH1,Q195K,195.0,P12830,1,92.94,92.95454545454547,12,5.825650000297102,92.66166666666668
CADH1,P201A,201.0,P12830,1,91.38,92.81909090909092,9,5.844059317404708,92.37555555555555
CADH1,P245L,245.0,P12830,1,90.25,89.24909090909091,8,5.5722121624653145,90.3275
CADH1,P260H,260.0,P12830,1,96.18999999999998,94.83636363636364,16,6.107275301105634,95.281875
CADH1,P260L,260.0,P12830,1,96.18999999999998,94.83636363636364,16,6.107275301105634,95.281875
CADH1,P260T,260.0,P12830,1,96.18999999999998,94.83636363636364,16,6.107275301105634,95.281875
CADH1,P30R,30.0,P12830,1,80.06000000000002,73.87181818181818,9,5.713177825147203,80.14
CADH1,P30S,30.0,P12830,1,80.06000000000002,73.87181818181818,9,5.713177825147203,80.14
CADH1,P3R,3.0,P12830,1,46.69,41.3125,4,5.174585142442407,40.9225
CADH1,T38M,38.0,P12830,1,89.5,82.75636363636364,8,5.545219553230465,87.14125
CADH1,V157F,157.0,P12830,1,66.94,68.03727272727274,6,5.950249493572172,74.84166666666667
CADH1,V55L,55.0,P12830,1,88.81000000000002,85.08636363636364,10,6.2536737781276335,87.56999999999998
CADH1,W103R,103.0,P12830,1,84.69000000000003,84.39181818181818,13,6.1992962502726,81.67846153846153
CADH1,W20C,20.0,P12830,1,33.65999999999998,35.8290909090909,4,4.733633928723491,33.89
CADH1,Y37C,37.0,P12830,1,87.75,84.21636363636365,10,5.946884372904581,87.744
CADH1,W409L,409.0,P12830,1,93.80999999999997,93.62545454545456,15,6.030360165427472,93.346
CADH1,V391I,391.0,P12830,1,93.06000000000002,93.24454545454546,8,5.480484035813935,93.375
CADH1,V425I,425.0,P12830,1,96.06000000000002,92.21,11,5.829092998652595,95.44272727272728
CADH1,N390K,390.0,P12830,1,91.5,92.99454545454545,8,5.544773644536219,92.78875
CADH1,A408V,408.0,P12830,1,92.62,93.40363636363635,12,5.8068872975426835,93.09416666666668
CADH1,D402V,402.0,P12830,1,94.56,93.38000000000001,13,6.167816393740458,93.15384615384616
CADH1,D400V,400.0,P12830,1,94.31,93.88000000000001,9,5.471532783379021,93.72222222222223
CADH1,R598Q,598.0,P12830,1,86.44000000000001,88.01727272727273,8,5.614679859997713,88.47
CADH1,Q610L,610.0,P12830,1,87.81,86.36818181818181,8,5.710190991049432,88.2025
CADH1,P799S,799.0,P12830,1,66.88,62.63454545454547,4,5.180926526948073,64.10249999999999
CADH1,V456M,456.0,P12830,1,95.18999999999998,94.38636363636364,14,6.100967603942922,94.2242857142857
CADH1,P607S,607.0,P12830,1,82.75,84.65727272727271,13,6.092252780990128,80.44384615384615
CADH1,T560R,560.0,P12830,1,93.43999999999998,92.78545454545453,10,5.2769915984974,92.784
CADH1,T467S,467.0,P12830,1,82.5,87.99454545454545,5,5.7353820195006735,87.264
CADH1,S559N,559.0,P12830,1,90.38,92.2790909090909,9,5.594126264318462,92.53666666666666
CADH1,D590N,590.0,P12830,1,90.38,91.42727272727274,5,5.529089540246789,91.012
CADH1,D552N,552.0,P12830,1,91.69,91.35272727272726,7,5.108256269333652,91.19714285714284
CADH1,D514Y,514.0,P12830,1,91.38,88.31363636363636,9,5.760211026909153,88.15333333333335
CADH1,K491T,491.0,P12830,1,95.19,94.05636363636363,10,5.885723784036303,94.918
CADH1,I600M,600.0,P12830,1,87.44,85.88090909090909,10,6.036163006896359,87.488
XPF,S352R,352.0,Q92889,1,30.16,33.72090909090909,4,5.068850092155673,30.854999999999997
XPF,E2K,2.0,Q92889,1,31.61,33.07285714285714,3,4.664204123705143,33.43
XPF,T316M,316.0,Q92889,1,72.81,67.45454545454545,7,5.197781355654459,70.40285714285713
XPF,R86H,86.0,Q92889,1,86.55999999999999,81.97636363636364,8,5.7356498730478815,88.97749999999999
XPF,R153P,153.0,Q92889,1,90.44000000000001,89.50000000000001,12,5.823864158545777,85.26
DNM3A,A122V,122.0,Q9Y6K1,1,35.16,35.43727272727273,4,5.444700446994059,35.4375
DNM3A,L344P,344.0,Q9Y6K1,1,95.5,93.72727272727273,11,5.759134628399863,93.89181818181818
DNM3A,E756Q,756.0,Q9Y6K1,1,98.19,96.69909090909091,11,5.832504177956057,97.11909090909089
DNM3A,E629K,629.0,Q9Y6K1,1,93.31,95.51545454545455,7,5.8137005432618745,94.2042857142857
DNM3A,P58L,58.0,Q9Y6K1,1,42.53000000000001,35.332727272727276,4,5.214893503204712,33.415
DNM3A,R688H,688.0,Q9Y6K1,1,97.12000000000002,97.43181818181819,6,5.528214658031913,97.80166666666666
DNM3A,R882H,882.0,Q9Y6K1,1,92.94000000000001,92.95454545454545,7,5.449162741308882,93.80285714285716
DNM3A,P633H,633.0,Q9Y6K1,1,98.31000000000002,97.29363636363637,11,5.590151598966599,97.7090909090909
DNM3A,L648P,648.0,Q9Y6K1,1,98.25,97.58545454545452,8,5.185925688169485,97.73375
DNM3A,G334S,334.0,Q9Y6K1,1,88.06,91.05636363636363,7,5.327065525697061,91.34714285714287
DNM3A,G270W,270.0,Q9Y6K1,1,31.27,31.49636363636364,4,5.454597216832056,31.09
DNM3A,E444K,444.0,Q9Y6K1,1,31.529999999999998,32.14636363636364,4,5.284317224098113,32.65
DNM3A,L639V,639.0,Q9Y6K1,1,98.44,98.25636363636364,14,6.0009292466427056,97.97857142857143
DNM3A,R882C,882.0,Q9Y6K1,1,92.94000000000001,92.95454545454545,7,5.449162741308882,93.80285714285716
DNM3A,R887K,887.0,Q9Y6K1,1,95.30999999999999,94.91999999999999,11,5.379292935681042,93.37454545454547
DNM3A,S166F,166.0,Q9Y6K1,1,29.77,29.819090909090907,4,5.061972805864352,27.4975
DNM3A,Y735C,735.0,Q9Y6K1,1,98.05999999999999,97.75454545454545,10,5.588337031892733,97.45599999999999
DNM3A,D876N,876.0,Q9Y6K1,1,95.56,93.85181818181817,7,5.7744732434882104,93.98142857142857
DNM3A,E241K,241.0,Q9Y6K1,1,33.69,34.980909090909094,4,5.354024667198161,34.36
DNM3A,E117K,117.0,Q9Y6K1,1,37.38,37.78818181818181,4,5.367494101400255,39.61
DNM3A,V48G,48.0,Q9Y6K1,1,31.020000000000003,32.98909090909091,4,4.948981331307101,33.1175
KPCD1,L175V,175.0,Q15139,1,80.31,71.9718181818182,14,5.831924303307598,75.86857142857141
KPCD1,R172S,172.0,Q15139,1,62.65999999999999,66.20727272727272,10,5.839835336848056,66.237
KPCD1,K100N,100.0,Q15139,1,74.75,76.80454545454546,9,5.477534969904152,73.73666666666665
KPCD1,I129F,129.0,Q15139,1,93.75,88.42181818181817,12,5.618493603337012,92.50000000000001
KPCD1,H152Y,152.0,Q15139,1,74.5,71.22181818181816,10,5.702817890715333,71.36299999999999
KPCD1,R105H,105.0,Q15139,1,93.94000000000001,87.4718181818182,13,5.78307547843444,91.42384615384617
KPCD1,S68L,68.0,Q15139,1,59.81,72.00727272727273,5,5.568801665389726,64.94
CBL,T152I,152.0,P22681,1,89.25,91.81272727272727,9,5.477407266693289,90.90333333333335
CBL,S403P,403.0,P22681,1,91.69,92.51818181818182,6,5.014906442494379,92.37666666666667
CBL,P481L,481.0,P22681,1,43.28000000000001,37.667272727272724,4,5.523324573730173,36.7825
CBL,D465G,465.0,P22681,1,43.81,44.38545454545455,4,5.1539470650848,43.0075
CBL,C384R,384.0,P22681,1,92.25,88.7781818181818,7,5.5263718680892895,90.05285714285715
CBL,A888T,888.0,P22681,1,93.5,91.87545454545455,14,5.593434643242126,92.52285714285715
CBL,F133L,133.0,P22681,1,96.87999999999998,96.50727272727272,11,5.792677706514852,96.19909090909091
CBL,E120Q,120.0,P22681,1,96.56,97.40818181818182,8,5.193068419234357,97.445
CBL,F325L,325.0,P22681,1,94.5,92.39636363636363,11,6.0309662224855165,92.23818181818181
CBL,W258R,258.0,P22681,1,95.38000000000001,91.29545454545456,10,5.302063018701398,91.44399999999999
CBL,R343Q,343.0,P22681,1,96.75,94.62636363636362,8,5.583222062569771,95.83
CBL,R139T,139.0,P22681,1,94.94000000000001,93.06363636363636,9,5.447504126332847,93.57
CBL,M123I,123.0,P22681,1,97.0,97.54454545454546,10,5.464383729836628,97.348
CBL,L352V,352.0,P22681,1,80.56,72.32090909090908,9,5.9414941058563535,84.37888888888888
CBL,L281H,281.0,P22681,1,97.44,95.16454545454545,17,6.390875270966916,96.69176470588233
CBL,I98T,98.0,P22681,1,96.75,95.84636363636363,12,5.5711426074160855,96.26083333333334
CBL,H398R,398.0,P22681,1,93.12,90.6809090909091,9,5.986623800623885,91.17222222222222
CBLC,S203G,203.0,Q9ULV8,1,97.31,97.6009090909091,9,5.951124267000801,97.73444444444445
CBLC,K226R,226.0,Q9ULV8,1,91.62,93.16454545454548,7,5.027672004024654,93.49142857142856
CBLC,Q93E,93.0,Q9ULV8,1,96.0,94.4090909090909,8,5.273978000037943,94.6725
CBLC,Y144N,144.0,Q9ULV8,1,93.80999999999999,93.62999999999998,11,6.068130901251002,90.88272727272728
CBLC,V247A,247.0,Q9ULV8,1,89.06000000000002,86.50545454545455,11,5.637585699621056,87.54454545454547
CBLC,T215P,215.0,Q9ULV8,1,97.25,96.36181818181818,14,6.044357703340256,95.31142857142858
CBLC,K153T,153.0,Q9ULV8,1,93.25,94.78545454545456,12,6.15330676448279,94.64166666666667
CBLC,H235P,235.0,Q9ULV8,1,94.88,92.42727272727272,9,5.423094254764178,93.51555555555555
ECT2L,K874T,874.0,Q008S8,1,83.12,88.18727272727273,4,5.11630401807922,85.36
ECT2L,H389Y,389.0,Q008S8,1,87.62,84.01454545454546,15,6.147540726016472,85.94466666666668
ECT2L,S445C,445.0,Q008S8,1,80.31,76.4090909090909,9,5.689134488296446,81.74333333333334
ECT2L,A398T,398.0,Q008S8,1,83.94,85.96090909090908,12,5.8189909009854155,80.94333333333333
ECT2L,G260R,260.0,Q008S8,1,24.8,24.994545454545456,4,4.721689698710595,24.41
ECT2L,I491R,491.0,Q008S8,1,60.78,58.10545454545454,8,5.189897721559925,57.85125
ECT2L,K580T,580.0,Q008S8,1,91.5,93.70909090909093,8,5.212736225771101,93.92875000000001
ECT2L,N896S,896.0,Q008S8,1,89.38,88.89818181818181,8,5.15929883628144,89.45375
ECT2L,P477A,477.0,Q008S8,1,83.38,77.55545454545454,8,5.6411701730410595,77.81
ECT2L,R255Q,255.0,Q008S8,1,30.56,30.18727272727273,4,4.7510483174794755,29.342499999999998
NFKB2,Y294C,294.0,Q00653,1,93.55999999999999,91.99363636363637,9,5.679731855252555,91.80000000000001
NFKB2,S277F,277.0,Q00653,1,94.81,95.86818181818184,6,5.5019513904382045,96.04
NFKB2,R49K,49.0,Q00653,1,87.94000000000001,91.8990909090909,11,5.898591043146303,87.82454545454544
NFKB2,A750V,750.0,Q00653,1,80.5,71.19181818181818,9,5.405867553339254,74.66666666666667
NFKB2,H140R,140.0,Q00653,1,93.25,91.22909090909091,11,5.752076033703111,92.01181818181817
NFKB2,L307M,307.0,Q00653,1,95.06,93.6590909090909,12,5.698549773448526,95.17666666666668
NFKB2,L582F,582.0,Q00653,1,88.5,84.17181818181817,10,5.876170211187043,84.07600000000001
NFKB2,R160H,160.0,Q00653,1,73.69000000000001,75.36363636363636,7,5.223308412081249,75.34857142857143
BC11A,T115M,115.0,Q9H165,1,32.72,33.11636363636364,4,5.3607530985335305,31.39
BC11A,D109Y,109.0,Q9H165,1,38.06,37.34090909090909,4,4.845805016139488,40.5075
BC11A,E91Q,91.0,Q9H165,1,33.97,34.43272727272728,4,5.187682064708301,34.07
BC11A,G34R,34.0,Q9H165,1,39.88,41.11272727272727,4,5.668483733527994,40.205
BC11A,P87R,87.0,Q9H165,1,36.62,35.13363636363636,4,5.453228804919853,33.525
BC11A,S142F,142.0,Q9H165,1,37.22,38.09090909090909,4,5.1270462885107495,42.2025
BC11A,T652M,652.0,Q9H165,1,49.96999999999999,50.121818181818185,5,5.429073470905455,51.624
BC11A,R196T,196.0,Q9H165,1,59.220000000000006,61.28727272727272,5,5.2783041817533105,65.69800000000001
BC11B,S765L,765.0,Q9C0K0,1,44.34,45.406363636363636,4,5.178175163995137,46.2575
PML,S341L,341.0,P29590,1,94.19,93.48363636363636,6,5.230959803313902,93.66833333333334
PML,R358C,358.0,P29590,1,93.5,91.42181818181818,8,5.262318434996398,92.43125
PML,P410A,410.0,P29590,1,36.5,36.91272727272727,4,5.488797164854947,36.6025
NTM2D,G473S,473.0,Q5VT03,1,35.72,38.26090909090909,4,5.078571320285427,37.0375
NTM2D,E474K,474.0,Q5VT03,1,35.12,37.83181818181818,4,5.079892398268695,36.96
VAV,V16M,16.0,P15498,1,89.88,90.66636363636363,12,6.084014815458784,89.71083333333331
DYN2,P138Q,138.0,P50570,1,92.93999999999998,89.97727272727273,15,6.480117293077481,90.38799999999999
DYN2,E291D,291.0,P50570,1,83.5,83.92545454545456,7,5.370198769190218,83.65142857142857
DYN2,A216S,216.0,P50570,1,93.56,91.02272727272727,8,5.761537531439747,92.8275
DYN2,R386Q,386.0,P50570,1,90.55999999999999,87.18727272727273,8,5.088432920055832,87.875
DYN2,E635K,635.0,P50570,1,33.66,38.63727272727272,4,4.685176873612226,36.1875
DYN2,E604K,604.0,P50570,1,91.38,87.92636363636363,12,5.781519646703245,87.73416666666668
EPAS1,F831V,831.0,Q99814,1,47.529999999999994,46.442727272727275,8,6.0634469387637395,52.14375
PMS2,R3P,3.0,P54278,1,41.12,42.432500000000005,4,5.261505697431994,41.8425
PMS2,H88Y,88.0,P54278,1,70.25,75.7609090909091,11,6.128280385882524,76.7209090909091
AXIN2,S493L,493.0,Q9Y2T1,1,40.88,43.89272727272727,4,5.527097805468675,43.2275
AXIN2,L255V,255.0,Q9Y2T1,1,54.09,50.906363636363636,9,5.7919404377251755,51.187777777777775
AXIN2,S559C,559.0,Q9Y2T1,1,37.41,39.04363636363636,4,5.50046453695881,38.82
AXIN2,G456S,456.0,Q9Y2T1,1,40.0,40.86636363636364,4,4.971405550698115,41.5475
AXIN2,E32Q,32.0,Q9Y2T1,1,38.06,45.50909090909091,4,5.338270545289652,45.6175
AXIN2,V40G,40.0,Q9Y2T1,1,47.69,45.35727272727273,4,5.343959270328096,46.5025
AXIN2,P27T,27.0,Q9Y2T1,1,55.47000000000001,51.43454545454545,4,5.027623883508841,50.7175
AXIN2,P71L,71.0,Q9Y2T1,1,51.27999999999999,57.80545454545454,4,4.8806273549268875,54.9775
AXIN2,Q119H,119.0,Q9Y2T1,1,90.69,90.78454545454544,7,5.637198911473455,91.89285714285714
AXIN2,R129P,129.0,Q9Y2T1,1,93.5,92.68818181818182,8,5.2536267318429,92.75874999999999
AXIN2,R18C,18.0,Q9Y2T1,1,51.09000000000001,49.83818181818181,5,5.1946705064997385,49.794
AXIN2,R96Q,96.0,Q9Y2T1,1,95.75,94.06181818181818,10,5.421960676966742,94.361
AXIN2,E177D,177.0,Q9Y2T1,1,95.69,94.97727272727273,11,5.785853934583084,94.62363636363635
AXIN2,E198Q,198.0,Q9Y2T1,1,88.31,86.93727272727273,8,5.061691044896101,88.03125
AXIN2,E625D,625.0,Q9Y2T1,1,72.75,65.64181818181818,8,5.214620645396472,67.3125
AXIN2,G495S,495.0,Q9Y2T1,1,42.97,42.24727272727273,4,5.39075749292912,41.4925
AXIN2,L358M,358.0,Q9Y2T1,1,52.97,51.48818181818182,5,5.463160770595982,51.074
AXIN2,Q188H,188.0,Q9Y2T1,1,92.69,92.7390909090909,9,5.509555870452472,92.71555555555555
AXIN2,D172H,172.0,Q9Y2T1,1,94.94,94.01090909090908,8,5.297611407995518,94.86625000000001
AXIN1,T316I,316.0,O15169,1,45.56,44.550000000000004,5,5.663239273194435,44.362
AXIN1,P61A,61.0,O15169,1,38.78000000000001,40.53272727272727,4,5.23460457531837,38.0475
AXIN1,P494R,494.0,O15169,1,43.46999999999999,36.74545454545455,4,5.163952876487791,35.2575
AXIN1,A584T,584.0,O15169,1,39.16,39.99,4,5.492219346822645,41.47
AXIN1,E209Q,209.0,O15169,1,89.38,86.0509090909091,9,5.236355703605241,83.82222222222222
AXIN1,G74S,74.0,O15169,1,42.06,51.85909090909092,4,5.142671043583718,47.4625
AXIN1,K603Q,603.0,O15169,1,46.91,43.54545454545455,4,5.321278935530382,40.8225
AXIN1,K658E,658.0,O15169,1,43.81,39.97090909090909,4,5.2990368942481645,39.9
AXIN1,L333V,333.0,O15169,1,50.53,49.936363636363645,4,5.0482034447348845,50.67
AXIN1,P23T,23.0,O15169,1,67.81,62.309090909090905,4,5.173015155032382,65.265
DDR2,E556G,556.0,Q16832,1,72.06,69.3409090909091,7,5.685580741750621,76.00142857142858
DDR2,R31L,31.0,Q16832,1,87.12,81.34727272727274,14,6.016810966812224,77.84857142857142
DDR2,S37L,37.0,Q16832,1,87.75,89.47727272727272,10,5.720568270217996,90.056
DDR2,T564I,564.0,Q16832,1,89.68999999999998,85.73272727272727,8,5.574428387595762,88.25125
DDR2,R752C,752.0,Q16832,1,96.0,87.53272727272729,9,6.005528137671281,92.16000000000001
DDR2,F773L,773.0,Q16832,1,98.19000000000001,97.39272727272727,12,5.755648260859805,97.15583333333335
DDR2,M828I,828.0,Q16832,1,97.19,95.9209090909091,12,5.708291564227509,96.68833333333333
DDR2,W421C,421.0,Q16832,1,86.5,84.54636363636364,8,5.104222808897719,84.86
DDR2,F306V,306.0,Q16832,1,92.69000000000001,85.5,14,6.150408632343219,89.67071428571428
DDR2,E262D,262.0,Q16832,1,88.69,89.04545454545452,7,5.905948049536815,87.88428571428572
DDR2,D69Y,69.0,Q16832,1,86.38,89.38090909090909,10,6.000345723620424,88.431
DDR2,L232F,232.0,Q16832,1,93.75,90.30636363636363,13,6.132961096589142,92.42307692307692
DDR2,P840S,840.0,Q16832,1,97.12,95.46,11,6.318481345099408,96.42090909090908
DDR2,R473H,473.0,Q16832,1,33.220000000000006,31.04090909090909,6,5.699810658510798,31.91666666666667
DDR2,L569R,569.0,Q16832,1,76.25,75.1990909090909,13,5.890670601502269,69.89000000000001
DDR2,M358K,358.0,Q16832,1,93.88,93.04636363636364,13,5.972896515429214,93.54384615384616
STAT3,E444K,444.0,P40763,1,95.81,93.93454545454546,10,5.895511952397371,96.136
STAT3,L413P,413.0,P40763,1,97.0,90.89181818181818,14,6.108391593537212,95.86071428571428
STAT3,H58Y,58.0,P40763,1,96.19000000000001,95.83090909090907,8,5.202761417109242,95.83625
STAT3,G402S,402.0,P40763,1,76.19,80.28636363636365,8,5.299722243481057,76.40124999999999
STAT3,A122T,122.0,P40763,1,78.44,72.62363636363635,8,5.143201886655916,74.43875
STAT3,F384Y,384.0,P40763,1,92.75,86.74454545454546,10,5.764673747704673,92.32499999999999
STAT3,L18V,18.0,P40763,1,86.44,81.92090909090908,11,5.890782205119392,84.1990909090909
STAT3,L10V,10.0,P40763,1,84.38,82.5690909090909,10,6.006499142002047,83.569
STAT3,K626N,626.0,P40763,1,83.88,86.55636363636364,10,5.628449052906528,85.05499999999999
STAT3,K591N,591.0,P40763,1,90.81,93.49454545454546,6,5.167951683303398,92.81333333333333
STAT3,I653V,653.0,P40763,1,92.5,91.38636363636364,11,5.571562896788138,87.1190909090909
STAT3,I653F,653.0,P40763,1,92.5,91.38636363636364,11,5.571562896788138,87.1190909090909
STAT3,I589M,589.0,P40763,1,94.69,93.89181818181818,11,6.153776195420402,93.8
STAT3,I452F,452.0,P40763,1,96.69,94.03818181818183,9,5.7941616729635665,95.42888888888888
STAT3,I339M,339.0,P40763,1,98.44,96.91454545454545,15,6.425195703360896,97.74533333333332
STAT3,H410R,410.0,P40763,1,93.55999999999999,95.70454545454545,9,5.688773333013982,96.22222222222221
STAT3,M28V,28.0,P40763,1,92.06,89.86999999999999,8,5.456862768007716,90.4925
STAT3,W564C,564.0,P40763,1,96.5,96.23363636363636,14,5.964223996948676,93.73285714285716
STAT3,W562R,562.0,P40763,1,97.25,95.1718181818182,11,5.749422461254252,96.53454545454547
STAT3,V637M,637.0,P40763,1,91.43999999999998,91.04636363636364,7,5.674828873586597,92.75857142857141
STAT3,V619L,619.0,P40763,1,96.12,92.76636363636364,11,5.666408212482944,94.44272727272727
STAT3,S636F,636.0,P40763,1,91.38,90.2790909090909,8,5.6265956841266,92.805
STAT3,S465A,465.0,P40763,1,95.94,96.56818181818181,7,5.787227675562225,96.94571428571427
STAT3,R423Q,423.0,P40763,1,54.93999999999999,53.846363636363634,7,5.773128294966308,60.30285714285714
STAT3,P496T,496.0,P40763,1,94.68999999999998,94.62545454545456,8,5.675602458636092,94.96
STAT3,N400S,400.0,P40763,1,56.41,79.62181818181817,4,5.109832906428365,68.1825
STAT3,I711L,711.0,P40763,1,66.75,60.65636363636363,7,5.886816251500659,75.89714285714285
STAT3,C712G,712.0,P40763,1,66.69,59.707272727272716,8,5.882318539839066,78.51625
STAT6,E13D,13.0,P42226,1,86.0,87.91363636363636,6,5.380385205273806,87.32166666666667
STAT6,S389F,389.0,P42226,1,96.06,92.02272727272727,11,5.7019693733742605,95.07454545454544
STAT6,Q831H,831.0,P42226,1,26.72,29.329090909090908,4,5.179527739897028,30.9675
STAT6,D622Y,622.0,P42226,1,96.94,96.60181818181819,7,5.291407603583844,97.2242857142857
STAT6,G246D,246.0,P42226,1,82.25,88.18636363636364,9,5.7687167934589345,88.61
STAT6,I646M,646.0,P42226,1,89.44,84.68818181818182,4,5.380003884407024,87.955
STAT6,L29F,29.0,P42226,1,89.62,90.2609090909091,8,5.472111169416554,88.88125
STAT6,N553S,553.0,P42226,1,91.44,94.18818181818182,7,6.052583352248674,93.54428571428572
STAT6,S389Y,389.0,P42226,1,96.06,92.02272727272727,11,5.7019693733742605,95.07454545454544
STAT6,S58L,58.0,P42226,1,94.88,94.23818181818183,8,5.1861515885284435,94.405
STAT6,S86N,86.0,P42226,1,89.38,88.87727272727274,8,5.489779419564456,88.88499999999999
STAT6,S679C,679.0,P42226,1,29.62,34.16545454545455,4,5.48551252792366,32.75
STAT6,L745V,745.0,P42226,1,29.39,31.428181818181816,4,5.411348738624385,31.294999999999998
NTRK3,H349R,349.0,Q16288,1,91.44000000000001,87.61363636363636,10,5.671194256467695,89.244
NTRK3,H254Y,254.0,Q16288,1,87.62,79.10000000000001,9,5.844843175264352,88.88333333333334
NTRK3,R459W,459.0,Q16288,1,39.15999999999999,45.48636363636364,5,5.088752472728553,45.02
NTRK3,N454K,454.0,Q16288,1,70.75,66.51818181818182,8,5.208342927151303,67.61375000000001
NTRK3,G545A,545.0,Q16288,1,72.88,76.37272727272727,8,5.667626864816571,76.86375
NTRK3,E360G,360.0,Q16288,1,92.75,89.77272727272727,11,5.756380424199162,91.31818181818181
NTRK3,E179G,179.0,Q16288,1,92.81,93.31818181818181,9,5.7174649011649255,93.3411111111111
NTRK3,D208A,208.0,Q16288,1,90.38,90.80181818181818,8,5.7761778286469525,90.33625
NTRK3,G235R,235.0,Q16288,1,86.31,91.18636363636364,12,5.7705471050951305,89.58333333333333
NTRK3,E58K,58.0,Q16288,1,56.34,53.54272727272726,9,6.022009026220208,59.90777777777779
NTRK3,T369N,369.0,Q16288,1,87.43999999999998,89.18181818181819,8,5.545463636498068,87.37625
NTRK3,L108R,108.0,Q16288,1,96.31,93.68181818181819,12,5.91986672700883,95.50583333333331
NTRK3,R306P,306.0,Q16288,1,95.80999999999999,95.27363636363636,11,6.048331580615758,95.85818181818182
NTRK3,P210T,210.0,Q16288,1,93.18999999999998,91.42636363636362,17,6.179525385606638,91.72411764705882
NTRK3,Q177H,177.0,Q16288,1,92.19,93.41,7,5.396948698981487,93.15999999999998
NTRK3,E798Q,798.0,Q16288,1,93.81,94.21636363636365,6,5.06528163727253,96.06333333333333
NTRK3,G547R,547.0,Q16288,1,62.25,75.33272727272727,11,5.384596180654083,60.093636363636364
NTRK3,R678Q,678.0,Q16288,1,85.44000000000001,88.68363636363637,8,5.958988771443917,89.97749999999999
NTRK3,L574V,574.0,Q16288,1,78.38,79.92,11,5.679361509933529,78.21181818181817
NTRK3,V413M,413.0,Q16288,1,41.160000000000004,40.62545454545455,4,5.446363418773649,40.905
NTRK3,E810Q,810.0,Q16288,1,94.12,96.31818181818181,6,5.240844378125674,95.75
NTRK3,E412K,412.0,Q16288,1,41.03,40.21636363636364,4,5.38910132152953,38.65
NTRK3,K424T,424.0,Q16288,1,33.69,39.99545454545455,4,5.2637439623738125,38.6575
NTRK3,R582W,582.0,Q16288,1,75.80999999999999,71.96636363636364,10,5.559870840683459,73.0
NTRK3,R683S,683.0,Q16288,1,91.19000000000001,91.79090909090908,11,5.99231313841993,85.58636363636364
NTRK3,V552F,552.0,Q16288,1,87.62,81.12090909090911,12,5.597629271425234,84.41250000000001
NTRK3,N714K,714.0,Q16288,1,39.5,49.08727272727272,9,6.143885524621072,43.404444444444444
NTRK3,L544V,544.0,Q16288,1,82.0,78.36181818181818,8,5.775676497089618,84.29875
NTRK3,L629F,629.0,Q16288,1,93.88,89.62636363636365,11,5.267757106602111,91.41
NTRK3,A573V,573.0,Q16288,1,87.94,81.93727272727273,12,5.689861811829075,84.66583333333334
NTRK3,A555V,555.0,Q16288,1,94.62,88.7990909090909,13,5.505981740198497,92.50076923076924
NTRK3,E790Q,790.0,Q16288,1,96.12,93.07272727272726,4,5.145193319480161,96.0925
NTRK1,V341M,341.0,P04629,1,83.43999999999998,77.38181818181818,9,5.696797542995098,82.53222222222222
NTRK1,L244P,244.0,P04629,1,82.5,86.94818181818182,8,5.945489061724453,88.68
NTRK1,E223K,223.0,P04629,1,80.38,85.57909090909091,8,5.979135636366839,86.96125
NTRK1,D257N,257.0,P04629,1,80.44,83.66545454545454,6,5.496777605996281,80.45333333333333
NTRK1,E163Q,163.0,P04629,1,88.19,86.2790909090909,11,5.385052708523315,86.64272727272727
NTRK1,R761Q,761.0,P04629,1,98.0,97.60181818181819,10,5.658300148759154,97.774
NTRK1,E384K,384.0,P04629,1,54.28,58.16727272727272,5,5.8688349586228306,57.55
NTRK1,D209H,209.0,P04629,1,86.69,87.55272727272728,9,5.582905060541072,86.3411111111111
NTRK1,S371F,371.0,P04629,1,95.19,92.9609090909091,10,5.823981153457286,94.848
NTRK1,K133E,133.0,P04629,1,89.81,89.05727272727273,7,5.066975936345567,89.5542857142857
NTRK1,S287I,287.0,P04629,1,93.06,90.86727272727273,11,5.945543534465664,92.98727272727274
NTRK1,L96V,96.0,P04629,1,94.69,92.15545454545455,12,5.877486188092441,93.17166666666667
NTRK1,R342Q,342.0,P04629,1,86.30999999999999,80.52454545454546,12,6.1595110355716995,80.94666666666666
NTRK1,R347L,347.0,P04629,1,90.69000000000001,87.57454545454544,13,5.76235970292882,88.04307692307694
NTRK1,R157C,157.0,P04629,1,87.38,87.4718181818182,10,5.56200266222131,86.09299999999999
NTRK1,A336E,336.0,P04629,1,56.11999999999999,71.37272727272726,5,5.053612818937366,63.35799999999999
NTRK1,H298Q,298.0,P04629,1,73.30999999999999,80.30181818181818,9,5.417295284526529,79.72333333333333
NTRK1,G44S,44.0,P04629,1,70.38,78.48363636363636,6,5.465763779443862,78.33333333333333
NTRK1,V282I,282.0,P04629,1,88.56000000000002,89.51545454545453,15,6.030551449412225,86.30733333333335
NTRK1,V198D,198.0,P04629,1,90.38,84.58545454545455,12,6.130910111156225,90.48
CSF3R,S711P,711.0,Q99062,1,29.110000000000003,31.84090909090909,4,5.167739580615323,32.48
CSF3R,S594N,594.0,Q99062,1,90.44,90.96000000000002,10,5.891295861672482,89.749
CSF3R,K704R,704.0,Q99062,1,37.12,33.57363636363636,4,5.2313813626531,33.987500000000004
CSF3R,P740L,740.0,Q99062,1,31.03,29.271818181818183,4,5.256490923877597,28.697499999999998
CSF3R,P721L,721.0,Q99062,1,28.5,27.858181818181823,4,5.24616149706532,26.65
CSF3R,P549S,549.0,Q99062,1,72.56,73.46909090909091,10,6.412722809899276,74.26200000000001
CSF3R,Q50H,50.0,Q99062,1,72.19,73.69636363636364,9,5.692657123108934,74.28555555555555
CSF3R,K180N,180.0,Q99062,1,89.81,90.90999999999998,5,5.233506885020439,89.3
CSF3R,L595V,595.0,Q99062,1,92.25,91.26727272727273,10,5.778062419393056,90.356
CSF3R,N453H,453.0,Q99062,1,87.81,91.72727272727273,6,5.643610786699529,90.32333333333334
CSF3R,N571D,571.0,Q99062,1,83.19,89.91999999999999,6,5.112435650517214,88.54
CSF3R,I48N,48.0,Q99062,1,82.69,80.55727272727273,11,5.670819074537806,80.81272727272727
CSF3R,G81E,81.0,Q99062,1,71.75,80.59636363636363,8,5.609683433964646,77.0075
CSF3R,G623E,623.0,Q99062,1,59.28,70.71909090909092,6,5.266151007114881,64.90666666666667
CSF3R,E679K,679.0,Q99062,1,37.56,37.594545454545454,4,5.17555982553378,36.115
CSF3R,S160T,160.0,Q99062,1,93.5,90.9309090909091,12,5.87924361942956,91.5675
CSF3R,R118P,118.0,Q99062,1,93.5,92.71090909090907,12,5.915313441000049,91.25916666666666
CSF3R,N713K,713.0,Q99062,1,33.41,31.025454545454547,4,5.194497838784166,32.1675
CAD17,K720N,720.0,Q12864,1,90.62,89.55,10,5.893665570579759,90.137
CAD17,G511R,511.0,Q12864,1,95.44,92.87545454545455,12,5.5515928694311105,94.32416666666666
CAD17,S90C,90.0,Q12864,1,90.56,91.85818181818182,10,5.863551966800918,91.412
CAD17,R74W,74.0,Q12864,1,86.94000000000001,89.89090909090909,9,5.828614553463065,89.49333333333334
CAD17,E107K,107.0,Q12864,1,89.5,89.68181818181819,10,6.086641536786589,89.263
CAD11,L302S,302.0,P55287,1,91.31,92.12363636363636,13,6.3335206255167735,89.43769230769233
CAD10,A461G,461.0,Q9Y6N8,1,94.94,92.24909090909091,14,5.9722036274671755,94.07071428571427
HIF1A,R507K,507.0,Q16665,1,40.220000000000006,37.974545454545456,4,5.330183451908418,38.3675
MALT1,E270K,270.0,Q9UDY8,1,89.81,91.08999999999999,9,5.634870786997007,92.06444444444445
MALT1,R149W,149.0,Q9UDY8,1,95.80999999999999,85.91181818181816,9,5.584861839928162,93.19333333333333
FES,E740K,740.0,P07332,1,98.5,96.73727272727274,12,5.988097264008085,97.94583333333334
FGFR2,N549K,549.0,P21802,1,96.19,96.83999999999997,10,5.925400386984651,95.456
FGFR2,S252W,252.0,P21802,1,55.31,74.5109090909091,4,5.032374176519985,64.985
FGFR2,P253R,253.0,P21802,1,64.69,74.44272727272728,7,5.9240853930142885,67.85285714285713
FGFR2,R203C,203.0,P21802,1,82.80999999999999,82.01636363636364,9,6.267906388333962,80.66666666666667
FGFR2,T32A,32.0,P21802,1,34.75,33.17545454545454,4,5.3100285194530645,32.905
FGFR2,S252L,252.0,P21802,1,55.31,74.5109090909091,4,5.032374176519985,64.985
FGFR2,K659N,659.0,P21802,1,35.72,36.67727272727273,6,5.597515381179708,47.645
FGFR2,M538I,538.0,P21802,1,91.31,89.80181818181819,11,5.663798336389262,89.61454545454545
FGFR2,V122M,122.0,P21802,1,89.0,80.53,13,5.843382924159874,86.98923076923076
FGFR2,V113A,113.0,P21802,1,66.81,76.40727272727271,4,5.148667915078423,69.045
FGFR2,Q46E,46.0,P21802,1,59.61999999999999,57.65090909090909,5,5.416548110377967,66.874
FGFR2,D101Y,101.0,P21802,1,90.31,88.68181818181819,9,5.9089260034245905,87.45333333333332
FGFR2,M537I,537.0,P21802,1,86.19,89.26181818181819,12,5.909386836831961,79.52416666666667
FGFR2,L262P,262.0,P21802,1,91.0,90.85181818181819,12,5.925842390517491,91.31666666666668
FGFR2,K659E,659.0,P21802,1,35.72,36.67727272727273,6,5.597515381179708,47.645
FGFR2,K543N,543.0,P21802,1,95.19,94.29545454545455,7,6.097624227159075,95.33142857142856
FGFR2,K545N,545.0,P21802,1,97.38,95.09181818181818,8,6.414004218055142,97.28
FGFR2,A461V,461.0,P21802,1,27.22,35.28636363636363,4,5.022748585103052,30.22
FGFR2,E335Q,335.0,P21802,1,89.38,92.16545454545454,4,4.630340893386818,92.1875
FGFR2,D795N,795.0,P21802,1,38.0,37.53727272727273,4,5.422690698010461,39.2975
FGFR2,S24W,24.0,P21802,1,36.38,33.89727272727273,4,5.663320575269725,34.61500000000001
FGFR2,M535I,535.0,P21802,1,90.44,87.88636363636364,10,5.6090639432132985,89.74300000000001
FGFR2,K545E,545.0,P21802,1,97.38,95.09181818181818,8,6.414004218055142,97.28
FGFR2,K543E,543.0,P21802,1,95.19,94.29545454545455,7,6.097624227159075,95.33142857142856
FGFR4,N535K,535.0,P22455,1,95.88,96.4718181818182,10,5.890198427970053,95.037
FGFR4,V550M,550.0,P22455,1,95.62,93.70545454545454,13,5.781005078960503,95.27461538461537
FGFR4,V550L,550.0,P22455,1,95.62,93.70545454545454,13,5.781005078960503,95.27461538461537
FGFR4,E227Q,227.0,P22455,1,94.12,93.35818181818182,13,5.87926635334659,92.78923076923077
FGFR4,M211I,211.0,P22455,1,86.69,83.69818181818181,12,5.775844136290367,78.24999999999999
FGFR4,L185R,185.0,P22455,1,91.62,90.27363636363637,13,5.620841531607474,90.54461538461538
FGFR4,Y367C,367.0,P22455,1,57.80999999999998,59.895454545454534,8,5.239111665306434,60.1725
FGFR4,V482M,482.0,P22455,1,93.62,85.81,13,5.605095091399992,91.17307692307692
FGFR4,S123C,123.0,P22455,1,31.25,40.791818181818186,4,5.106040558165416,33.7775
FGFR4,V482L,482.0,P22455,1,93.62,85.81,13,5.605095091399992,91.17307692307692
FGFR4,E622Q,622.0,P22455,1,92.44,95.90363636363637,8,5.7464845829968345,94.07
FGFR4,V590F,590.0,P22455,1,94.62,94.3190909090909,11,5.6714516059845925,93.6590909090909
FGFR4,R391Q,391.0,P22455,1,64.5,66.7409090909091,8,5.163917107409622,67.19
FGFR4,Q153P,153.0,P22455,1,81.44,84.81363636363636,5,4.7822980947760225,83.426
FGFR4,R565Q,565.0,P22455,1,89.38,82.12363636363636,13,5.977670008199872,81.59230769230771
FGFR4,E326K,326.0,P22455,1,90.31,92.64090909090909,4,4.618875125295396,92.185
FGFR4,K169N,169.0,P22455,1,90.44,86.10181818181817,8,5.538946246067614,88.57
FGFR4,I640T,640.0,P22455,1,47.16,46.84909090909091,10,6.168290450270342,55.17999999999999
FGFR4,A257V,257.0,P22455,1,92.38,90.64272727272727,10,5.9992474882944,92.995
FGFR4,S431Y,431.0,P22455,1,28.59,32.349090909090904,4,5.1227534482940245,33.45
FGFR4,R78H,78.0,P22455,1,86.44000000000001,83.41,8,5.969770328731983,85.695
FGFR4,R710Q,710.0,P22455,1,96.12000000000002,90.64818181818181,7,5.877387894099547,91.87571428571427
FGFR4,E364G,364.0,P22455,1,46.97,49.14727272727273,6,5.156694677453053,52.27166666666667
FGFR1,E41Q,41.0,P11362,1,80.62,70.23818181818181,7,5.42929598141802,82.36
FGFR1,G48D,48.0,P11362,1,82.69,86.00636363636363,8,5.4162248075024975,85.96000000000001
FGFR1,L525V,525.0,P11362,1,84.88,81.92636363636365,10,5.585724018061212,82.34299999999999
FGFR1,P283L,283.0,P11362,1,69.31,82.52272727272727,7,5.695848534166513,73.56142857142858
FGFR1,R54C,54.0,P11362,1,89.30999999999999,85.95,7,5.434172777963709,88.76857142857143
FGFR1,S104R,104.0,P11362,1,84.56,85.24000000000001,11,5.60771797109738,84.44818181818182
FGFR1,V92E,92.0,P11362,1,86.06000000000002,87.5490909090909,10,5.880483508489964,85.35400000000001
FGFR1,D60N,60.0,P11362,1,80.81,83.83454545454543,7,5.749892499005204,81.0442857142857
FGFR1,D130N,130.0,P11362,1,37.25,36.337272727272726,4,5.2350587103701045,37.045
FGFR1,E137K,137.0,P11362,1,30.27,33.48909090909091,4,4.814775804688963,32.76
FGFR1,S125L,125.0,P11362,1,34.59,41.150000000000006,4,5.039297137011129,35.985
FGFR1,I377M,377.0,P11362,1,81.19,79.76181818181817,8,5.110872399039926,80.375
FGFR1,P285L,285.0,P11362,1,82.25,83.08545454545455,10,5.650246782071369,83.032
FGFR1,L614V,614.0,P11362,1,90.38,91.45363636363635,12,5.6919149580396144,89.47333333333331
FGFR1,N546K,546.0,P11362,1,94.38,95.20454545454545,10,5.819802963600318,93.287
FGFR1,N546D,546.0,P11362,1,94.38,95.20454545454545,10,5.819802963600318,93.287
FGFR1,D554H,554.0,P11362,1,84.19,91.36909090909091,5,5.976466888843212,90.088
FGFR3,I16M,16.0,P22607,1,26.72,28.478181818181817,4,5.217555299300473,27.879999999999995
FGFR3,R175C,175.0,P22607,1,89.75,85.38818181818182,9,5.5722907359788,87.13888888888889
FGFR3,G380R,380.0,P22607,1,82.81,81.9090909090909,8,5.171371388265222,82.21125
FGFR3,R248C,248.0,P22607,1,52.029999999999994,67.41181818181819,7,5.622292071085233,55.147142857142846
FGFR3,A18S,18.0,P22607,1,26.160000000000004,28.259090909090904,4,5.253508573241559,28.279999999999994
FGFR3,G382R,382.0,P22607,1,84.69,84.98272727272727,8,5.175903840032301,85.33500000000001
FGFR3,P766L,766.0,P22607,1,38.19,40.47,4,5.057349274659538,42.6975
MK01,I217T,217.0,P28482,1,98.75,98.53909090909089,12,5.758686554380268,98.03500000000001
MK01,I31M,31.0,P28482,1,90.69,85.85181818181817,8,5.846412543691793,92.375
MK01,P176T,176.0,P28482,1,68.06,71.18727272727273,8,5.694333209055253,72.4
MK01,E81K,81.0,P28482,1,98.12,97.12545454545453,7,6.060891542741573,98.20714285714287
MK01,N276T,276.0,P28482,1,97.94,97.83636363636364,10,5.874886935046901,97.95599999999999
MK01,I90F,90.0,P28482,1,96.81,95.92636363636365,12,6.378490596902487,95.6875
MK01,T94A,94.0,P28482,1,95.38,95.35272727272728,6,5.064903970635592,94.91666666666667
MK01,D179E,179.0,P28482,1,54.78,58.54272727272728,9,6.347766275745922,59.5
MK01,E186Q,186.0,P28482,1,45.03,53.400000000000006,5,5.465186452518443,46.332
RHG26,E259Q,259.0,Q9UNA1,1,64.44,69.28090909090909,6,5.315192376467444,65.98833333333334
RHG26,E565K,565.0,Q9UNA1,1,95.19,95.64818181818183,8,5.789589321722391,95.23375
RHG26,L50P,50.0,Q9UNA1,1,95.31,96.15727272727273,9,5.383823292495127,95.73333333333333
RHG26,I559M,559.0,Q9UNA1,1,97.06,96.86363636363636,9,5.313102169512456,96.93777777777778
RHG26,F221I,221.0,Q9UNA1,1,93.69000000000001,93.29636363636364,9,5.547908264987949,93.2988888888889
RHG26,T570I,570.0,Q9UNA1,1,92.93999999999998,84.31909090909092,7,5.626588721889236,92.54428571428572
RHG26,L641V,641.0,Q9UNA1,1,34.59,33.68545454545454,4,5.433298895624189,34.97
STRN,K341R,341.0,O43815,1,49.38,52.49363636363637,7,5.259666108573812,55.029999999999994
CDK6,D102N,102.0,Q00534,1,87.56,94.28363636363635,8,6.155239289126664,95.345
STA5B,L355R,355.0,P51692,1,97.19,94.73272727272727,14,6.240460889077247,95.14285714285715
STA5B,D79H,79.0,P51692,1,74.25,84.55636363636364,7,5.9236211493122095,83.67
TNAP3,L12M,12.0,P21580,1,90.56,90.10272727272728,10,5.923990907624278,88.48800000000001
TNAP3,S459L,459.0,P21580,1,34.41,34.165454545454544,4,5.4476251702371945,34.1
TNAP3,K81N,81.0,P21580,1,92.75,94.38636363636364,9,5.470879294505,93.72888888888889
TNAP3,L120F,120.0,P21580,1,97.31,97.41909090909093,8,5.330547372163499,96.70125
TNAP3,L12F,12.0,P21580,1,90.56,90.10272727272728,10,5.923990907624278,88.48800000000001
TNAP3,S217T,217.0,P21580,1,57.279999999999994,69.71272727272726,9,5.2900055291495764,69.22222222222223
TNAP3,A369G,369.0,P21580,1,39.88,43.03636363636363,5,5.252138352649536,41.924
TNAP3,A327S,327.0,P21580,1,98.44,95.72272727272728,13,5.581685737112768,97.56692307692308
TNAP3,P646S,646.0,P21580,1,36.839999999999996,36.916363636363634,4,5.23405489754999,36.015
TNAP3,L421M,421.0,P21580,1,35.59,37.04363636363637,4,5.44738411635973,33.1575
TNAP3,K337T,337.0,P21580,1,93.75,95.75,6,5.358593726041772,95.42666666666666
TNAP3,G663S,663.0,P21580,1,81.88,80.48272727272727,6,5.819637223285915,83.655
TNAP3,S480N,480.0,P21580,1,83.19,71.98545454545454,7,5.507665859886177,79.84857142857143
TNAP3,G616R,616.0,P21580,1,82.19,81.51090909090908,15,5.630942594472825,80.32133333333331
TNAP3,S573N,573.0,P21580,1,34.5,37.01181818181818,4,5.325519606071206,36.43
TNAP3,E731D,731.0,P21580,1,77.25,73.23818181818181,8,6.045404365893505,78.14750000000001
SMO,Q710L,710.0,Q99835,1,37.72,36.79818181818182,4,5.226008369439391,35.79750000000001
SMO,E158K,158.0,Q99835,1,88.25,86.69272727272727,9,5.24279107193995,86.11777777777777
SMO,D382N,382.0,Q99835,1,95.69,95.9590909090909,14,5.613588495874881,94.67428571428572
ELN,G251S,251.0,P15502,1,27.95,34.692727272727275,4,5.122255199972477,35.625
ELN,G60R,60.0,P15502,1,35.91,37.6090909090909,4,5.102068848271174,39.07
ELN,G57R,57.0,P15502,1,35.22,36.927272727272715,4,5.482173856244288,38.6325
ELN,V115I,115.0,P15502,1,30.229999999999997,34.21272727272728,4,5.133512120567692,34.582499999999996
ELN,A97V,97.0,P15502,1,39.25,36.64545454545455,4,5.351754369281488,36.4525
ELN,A97P,97.0,P15502,1,39.25,36.64545454545455,4,5.351754369281488,36.4525
ELN,K140E,140.0,P15502,1,39.53,37.50090909090909,4,5.49856470826901,40.129999999999995
ELN,A304G,304.0,P15502,1,30.03,28.61363636363636,4,5.493461496116228,26.5825
ELN,G237D,237.0,P15502,1,33.22,36.77181818181818,4,5.251821072691218,37.335
ELN,G47R,47.0,P15502,1,39.66,37.40363636363636,5,5.2945751250882775,38.168
ELN,V503E,503.0,P15502,1,27.06,32.23727272727273,4,4.761623110177229,33.0775
ELN,G478R,478.0,P15502,1,33.78,33.10272727272727,4,5.479876347046478,31.8575
RNF43,S607L,607.0,Q68DV7,1,39.25,39.630909090909086,4,5.277409209890269,42.2275
RNF43,R219C,219.0,Q68DV7,1,86.44000000000001,79.72,8,5.0158176890392525,80.83375000000001
RNF43,E39K,39.0,Q68DV7,1,47.34,55.91454545454545,7,5.038561222661863,51.629999999999995
RNF43,I141V,141.0,Q68DV7,1,94.75,94.23363636363638,13,5.723800557303007,93.78999999999999
RNF43,Q180E,180.0,Q68DV7,1,74.31,85.74818181818182,8,5.810960844631121,84.70125
RNF43,W194S,194.0,Q68DV7,1,49.59000000000002,63.471818181818186,5,5.330405615366124,59.775999999999996
RNF43,S766L,766.0,Q68DV7,1,35.03,39.591818181818184,4,5.1315705789287005,36.9675
RNF43,T204A,204.0,Q68DV7,1,88.12,86.05636363636364,8,5.080170572890234,86.46875
RNF43,L61M,61.0,Q68DV7,1,60.5,73.21545454545456,9,6.316863997526186,71.45444444444443
RNF43,A35S,35.0,Q68DV7,1,58.34000000000001,54.406363636363636,8,5.071711681914599,54.80875
RNF43,D628N,628.0,Q68DV7,1,41.66,42.982727272727274,4,5.417997699364746,46.9325
RNF43,C91Y,91.0,Q68DV7,1,86.12,80.55090909090909,10,6.057243742625401,86.726
RNF43,G263E,263.0,Q68DV7,1,35.66,41.0890909090909,4,5.202358653786095,41.18
RNF43,E753Q,753.0,Q68DV7,1,39.31,36.919999999999995,4,5.340570064709706,36.7175
RNF43,T245N,245.0,Q68DV7,1,88.38,85.95545454545454,9,5.742067259978402,89.91888888888889
RNF43,Y351N,351.0,Q68DV7,1,37.5,39.31818181818182,4,5.016048976816034,40.3625
RNF43,V764L,764.0,Q68DV7,1,36.75,39.89363636363636,4,4.994455976354507,37.8725
ERCC3,I306V,306.0,P19447,1,87.75,86.93454545454546,8,5.594724873920233,89.58875
ERCC3,S233Y,233.0,P19447,1,30.77,29.01181818181818,4,4.985829819754483,29.0
ERCC3,E259D,259.0,P19447,1,44.5,47.13545454545454,6,5.041384414262763,45.254999999999995
ERCC3,E653G,653.0,P19447,1,72.06,74.64272727272729,6,5.080577242582106,72.41666666666667
ERCC3,E654Q,654.0,P19447,1,74.5,77.00636363636364,5,5.745209146553413,76.524
CTNB1,T41A,41.0,P35222,1,32.03,33.26272727272727,4,4.4696265540657585,31.9825
CTNB1,S37C,37.0,P35222,1,41.41,35.08818181818182,5,5.354681392408361,32.59
CTNB1,S33C,33.0,P35222,1,42.19,38.36454545454546,4,4.863195560697907,36.78
CTNB1,D727H,727.0,P35222,1,33.44,28.746363636363636,4,5.213247035627188,28.93
CTNB1,T42R,42.0,P35222,1,31.389999999999993,33.51272727272727,5,5.0357073464531075,32.508
CTNB1,K335T,335.0,P35222,1,98.69,98.65454545454546,7,5.232234006669805,98.77
CTNB1,I188M,188.0,P35222,1,95.88,94.12636363636362,13,6.055930573106133,93.74
CTNB1,I109M,109.0,P35222,1,74.88,76.91545454545455,7,5.80190737969057,77.19857142857143
CTNB1,A657T,657.0,P35222,1,93.19,93.80181818181819,9,5.292195582545231,94.62555555555556
CTNB1,S37P,37.0,P35222,1,41.41,35.08818181818182,5,5.354681392408361,32.59
CTNB1,S37Y,37.0,P35222,1,41.41,35.08818181818182,5,5.354681392408361,32.59
CTNB1,G34V,34.0,P35222,1,37.41,37.19909090909091,4,4.715283763463297,36.4125
CTNB1,Q26H,26.0,P35222,1,52.91,50.032727272727286,8,5.370304718888501,50.059999999999995
CTNB1,S33T,33.0,P35222,1,42.19,38.36454545454546,4,4.863195560697907,36.78
CTNB1,S23N,23.0,P35222,1,60.720000000000006,55.93363636363635,8,5.074960221911374,56.364999999999995
CTNB1,M88V,88.0,P35222,1,64.12,70.37818181818182,8,5.157817839721233,70.89875
CTNB1,S246L,246.0,P35222,1,95.44,96.22818181818182,9,5.813542336494451,96.26444444444444
CTNB1,M98V,98.0,P35222,1,82.56,82.71545454545455,11,5.605870581013203,84.74909090909091
CTNB1,N387K,387.0,P35222,1,98.62,98.26181818181817,10,5.777016410542638,98.51400000000001
CTNB1,R515Q,515.0,P35222,1,98.80999999999999,98.7690909090909,14,5.914217401166728,98.77857142857144
CTNB1,R486H,486.0,P35222,1,98.62000000000002,98.55727272727273,10,5.422615832554331,98.551
CTNB1,H369Y,369.0,P35222,1,98.55999999999999,98.12454545454547,10,5.8106389882877805,98.30699999999999
CTNB1,S318N,318.0,P35222,1,98.69,98.80727272727273,9,5.487959887134125,98.75
CTNB1,R449C,449.0,P35222,1,98.69000000000001,98.44999999999999,8,5.127678887500159,98.5475
CTNB1,R661P,661.0,P35222,1,92.19000000000001,90.37454545454544,10,5.5152389901983785,93.11099999999999
CTNB1,E738K,738.0,P35222,1,26.8,29.71,4,5.221709646364447,29.7975
CTNB1,N380K,380.0,P35222,1,98.5,98.41,12,5.800313679455756,98.62666666666667
CTNB1,S311N,311.0,P35222,1,98.88,98.55181818181818,11,5.609523428028979,98.74545454545455
CTNB1,A522G,522.0,P35222,1,98.44,98.65545454545455,7,5.884842724313602,98.65285714285713
BARD1,A40V,40.0,Q99728,1,85.12,84.84545454545454,8,5.147867144414683,85.29625
BARD1,R21G,21.0,Q99728,1,39.34000000000001,40.483636363636364,4,4.960911042424874,38.4725
BARD1,V85M,85.0,Q99728,1,80.06000000000002,73.40636363636365,7,6.02737981985625,80.05428571428571
BARD1,E537K,537.0,Q99728,1,84.88,85.62636363636365,6,5.097286508653486,85.53166666666668
BARD1,G345E,345.0,Q99728,1,32.91,31.362727272727273,4,5.316892637017485,31.622500000000002
BARD1,E67K,67.0,Q99728,1,78.0,76.89727272727272,7,6.391018435606424,73.55428571428571
BARD1,C74S,74.0,Q99728,1,83.75,78.06636363636363,9,5.744569484369299,80.83888888888889
BARD1,G568E,568.0,Q99728,1,67.75,68.53181818181817,4,4.846169816711347,70.89
BARD1,R406L,406.0,Q99728,1,38.56,36.50090909090909,8,5.407725893006925,37.18125
BARD1,W762F,762.0,Q99728,1,95.11999999999999,95.01,9,5.49324410702398,94.97111111111111
DGCR8,F532L,532.0,Q8WYQ5,1,97.0,94.47818181818182,9,5.9322804987155076,96.27888888888889
DGCR8,R100W,100.0,Q8WYQ5,1,33.81,37.90090909090909,4,5.260213866317042,38.0475
DGCR8,P89T,89.0,Q8WYQ5,1,34.34,33.45272727272727,4,5.252159836677434,32.905
DGCR8,P484A,484.0,Q8WYQ5,1,56.69,56.32636363636365,7,5.969804394448498,59.16857142857142
DGCR8,L188R,188.0,Q8WYQ5,1,37.22,38.21363636363637,8,5.533668689820974,38.33625
DGCR8,I174V,174.0,Q8WYQ5,1,34.53,35.89272727272727,4,5.304184307301884,35.79
DGCR8,E301K,301.0,Q8WYQ5,1,86.62,85.20454545454545,4,4.9926551278526174,85.18999999999998
DGCR8,E214K,214.0,Q8WYQ5,1,30.08,31.736363636363638,4,5.453702157776464,32.7175
DGCR8,S6N,6.0,Q8WYQ5,1,48.72,47.31909090909091,4,5.418293774461175,45.54
DGCR8,T206I,206.0,Q8WYQ5,1,40.71999999999999,38.016363636363636,6,5.674543545684457,39.556666666666665
CUL3,I183V,183.0,Q13618,1,95.19,94.6809090909091,11,5.594207801119017,94.78909090909092
CUL3,S585A,585.0,Q13618,1,55.81,67.08363636363637,5,5.27129418747819,61.766000000000005
BRAF,V600E,600.0,P15056,1,49.06,50.41181818181818,12,5.961203426843298,57.01916666666668
BRAF,G464V,464.0,P15056,1,73.69,78.20727272727274,10,5.888456836558021,66.55999999999999
BRAF,N148S,148.0,P15056,1,33.28,37.84727272727273,4,5.362479651722957,36.75
BRAF,K67N,67.0,P15056,1,83.19,83.00090909090909,7,5.484298466477132,84.18857142857142
BRAF,H60R,60.0,P15056,1,87.5,89.19909090909091,12,5.809917162884985,74.14916666666666
BRAF,I326T,326.0,P15056,1,38.91,35.82363636363636,4,5.552420120596175,36.004999999999995
BRAF,G466R,466.0,P15056,1,63.94,76.78636363636363,10,5.455493741339112,53.105000000000004
BRAF,D594G,594.0,P15056,1,78.25,75.16272727272728,8,6.223664095188059,78.96375
BRAF,W531S,531.0,P15056,1,92.5,88.86818181818182,8,5.336648164706126,91.81875
BRAF,K601N,601.0,P15056,1,47.81,47.38636363636363,9,5.629319054617317,49.62222222222223
BRAF,V157I,157.0,P15056,1,89.88,77.47909090909091,15,5.942474875670628,88.08466666666666
BRAF,S125F,125.0,P15056,1,35.34,34.67090909090909,4,5.481341196669364,36.095
BRAF,S112C,112.0,P15056,1,35.09,35.10090909090909,4,5.482069108194118,33.96
BRAF,E26K,26.0,P15056,1,32.06,31.80727272727273,4,5.540624880977138,33.1575
BRAF,G104W,104.0,P15056,1,63.06,61.86727272727273,7,5.183353810206661,66.08714285714287
BRAF,D629Y,629.0,P15056,1,83.25,86.83000000000001,6,5.270474079331735,85.315
BRAF,E204D,204.0,P15056,1,76.94,82.65363636363637,6,5.128938854930453,78.81333333333333
BRAF,T233K,233.0,P15056,1,63.84000000000002,70.71272727272725,7,5.511899677349161,67.96142857142857
BRAF,V600M,600.0,P15056,1,49.06,50.41181818181818,12,5.961203426843298,57.01916666666668
BRAF,K601E,601.0,P15056,1,47.81,47.38636363636363,9,5.629319054617317,49.62222222222223
BRAF,G258C,258.0,P15056,1,92.12,90.44363636363636,12,5.778429146255184,92.64166666666667
BRAF,G469A,469.0,P15056,1,74.62,78.01363636363637,10,5.155988816765648,75.691
BRAF,K206E,206.0,P15056,1,85.56,83.54545454545455,8,5.624740452308633,85.0625
BRAF,R347L,347.0,P15056,1,30.670000000000005,28.19636363636364,4,5.2562484684239505,29.485
ARAF,R5Q,5.0,P10398,1,49.09000000000001,47.774,4,5.325923096752199,52.2725
ARAF,R30C,30.0,P10398,1,83.44000000000001,80.55272727272728,8,5.5502170659432055,83.89875
ARAF,R68Q,68.0,P10398,1,78.05999999999999,82.32181818181819,6,5.106614316170039,79.78
ARAF,R579Q,579.0,P10398,1,45.88,53.16,5,5.4532496707123865,52.738
ARAF,L45V,45.0,P10398,1,89.12,85.61363636363636,9,5.531519428181086,86.13888888888889
ARAF,P462L,462.0,P10398,1,40.28000000000001,44.91272727272727,7,6.162737840107311,45.10857142857143
ARAF,A601T,601.0,P10398,1,36.38,37.33818181818181,4,5.257292213403499,35.125
RAF1,D273Y,273.0,P04049,1,35.38,39.47636363636364,7,5.8167566013307255,40.75285714285714
RAF1,M76I,76.0,P04049,1,87.88,87.20636363636363,11,5.8455773682619006,87.20545454545453
RAF1,R143L,143.0,P04049,1,92.38,84.96545454545453,9,5.931202015515441,85.73555555555555
RAF1,R143W,143.0,P04049,1,92.38,84.96545454545453,9,5.931202015515441,85.73555555555555
RAF1,R89T,89.0,P04049,1,68.62,75.61363636363636,8,5.635071884638892,75.2575
TSHR,C29S,29.0,P16473,1,86.88,70.89,10,5.543270994577573,78.64200000000001
TSHR,E178Q,178.0,P16473,1,91.88,94.34272727272727,11,6.0860155168738155,93.06272727272727
TSHR,C549Y,549.0,P16473,1,97.94,97.69363636363637,12,5.509126723698955,96.61416666666666
TSHR,A428V,428.0,P16473,1,90.88,91.60818181818182,14,5.510125374629785,89.90571428571427
TSHR,F221C,221.0,P16473,1,94.12000000000002,93.17545454545456,15,6.101430809578468,92.17000000000002
TSHR,R80K,80.0,P16473,1,97.30999999999999,94.53454545454544,11,5.513821394519384,96.26727272727273
TSHR,P168H,168.0,P16473,1,97.31000000000002,96.26727272727273,10,5.875862997880789,96.907
TSHR,E107K,107.0,P16473,1,97.94,96.42727272727274,13,5.98395530686705,97.39538461538463
TSHR,A553T,553.0,P16473,1,97.25,96.66454545454548,13,5.805528665823332,96.32153846153845
TSHR,R707Q,707.0,P16473,1,68.5,59.45090909090909,6,4.965847191193596,64.375
TSHR,H347L,347.0,P16473,1,27.059999999999995,24.50181818181818,4,5.071077791996527,24.775000000000002
TSHR,K261M,261.0,P16473,1,88.44,84.74363636363637,9,6.136150384353349,90.00555555555555
ERCC2,N238S,238.0,P18074,1,86.88,90.19272727272727,7,5.5031095291654655,89.81999999999998
ERCC2,I71M,71.0,P18074,1,93.69,90.50545454545453,12,5.788585535570143,93.58916666666666
ERCC2,A580T,580.0,P18074,1,93.38,91.52272727272727,11,5.549593477402791,92.10272727272726
MLH1,E430K,430.0,P40692,1,30.61,29.24181818181818,4,5.568976918554982,27.695
IKKB,L123F,123.0,O14920,1,97.31,97.38636363636364,9,5.356974121765964,97.21444444444444
IKKB,A360S,360.0,O14920,1,95.56,93.94818181818182,9,5.825038772678217,95.93888888888888
IKKB,E81Q,81.0,O14920,1,92.38,92.7909090909091,6,5.825098270573355,92.59499999999998
IKKB,P228T,228.0,O14920,1,84.43999999999998,89.36999999999999,7,5.475966043230001,89.01857142857143
PWP2A,E495Q,495.0,Q96N64,1,41.91,41.64181818181819,4,5.404825157149908,41.9475
PWP2A,P207S,207.0,Q96N64,1,59.97000000000001,57.537272727272736,4,4.898646529059857,57.865
PWP2A,D323H,323.0,Q96N64,1,75.62,71.23545454545456,6,5.117499497260433,73.51166666666667
PWP2A,S408L,408.0,Q96N64,1,44.16,41.63818181818181,4,5.322606551019154,40.9425
NBN,E36D,36.0,O60934,1,86.06,90.5290909090909,5,5.093144767504552,90.026
CNOT3,P274S,274.0,O75175,1,36.28,36.97545454545455,4,5.227286080614837,36.8825
CNOT3,I571V,571.0,O75175,1,37.66,34.50727272727273,4,5.5758428711390655,33.3675
CNOT3,E567K,567.0,O75175,1,31.950000000000003,32.10545454545454,4,5.422484495513839,31.865000000000002
CNOT3,E557Q,557.0,O75175,1,33.25,35.951818181818176,4,4.862768148660713,33.69
CNOT3,E42K,42.0,O75175,1,87.88,88.50636363636364,8,5.181653708862791,88.6875
CNOT3,E20K,20.0,O75175,1,95.88,96.24545454545455,8,5.213145986822469,96.41499999999999
CNOT3,P594L,594.0,O75175,1,55.90999999999998,51.437272727272735,6,5.382216341525141,52.91166666666667
CNOT3,D285N,285.0,O75175,1,38.31,38.72727272727273,4,5.353029643167433,40.345
CNOT3,D285H,285.0,O75175,1,38.31,38.72727272727273,4,5.353029643167433,40.345
CNOT3,Q215H,215.0,O75175,1,86.19,88.12636363636365,6,5.830192508355271,88.14666666666666
CNOT3,Q30E,30.0,O75175,1,93.81,92.78454545454547,8,5.195612237596485,92.82875
CNOT3,S545Y,545.0,O75175,1,48.62,46.16090909090909,8,5.317125637601176,46.58125
CNOT3,R635Q,635.0,O75175,1,93.0,94.42454545454547,8,5.679160097462452,95.11625000000001
EZH2,P479A,479.0,Q15910,1,47.21999999999999,51.24818181818181,5,5.184069757869681,51.88199999999999
EZH2,K545T,545.0,Q15910,1,93.25,93.38000000000001,5,5.694834549219206,94.66
EZH2,E225G,225.0,Q15910,1,90.31,88.40363636363637,10,5.397434680228704,89.164
EZH2,S596F,596.0,Q15910,1,91.06,91.19272727272728,6,5.0257723056296575,89.22833333333334
EZH2,S596C,596.0,Q15910,1,91.06,91.19272727272728,6,5.0257723056296575,89.22833333333334
EZH2,T462P,462.0,Q15910,1,92.62,92.40454545454544,10,5.862507788440027,90.97599999999998
TBX3,Y149C,149.0,O15119,1,97.12,95.74909090909091,14,5.67671398481433,95.60214285714285
TBX3,E122K,122.0,O15119,1,98.56,96.69818181818182,12,6.12256805779139,97.96916666666668
TBX3,N211T,211.0,O15119,1,92.75,85.70454545454545,12,5.836704535079254,93.0575
TBX3,N212I,212.0,O15119,1,89.19,82.74181818181818,9,5.633061695077749,87.68777777777778
TBX3,N297S,297.0,O15119,1,93.75,93.29545454545455,10,5.764860450794339,94.118
TBX3,W113R,113.0,O15119,1,98.30999999999997,97.41363636363636,11,5.527782331634538,97.4309090909091
TBX3,V105E,105.0,O15119,1,97.75,93.13636363636364,9,5.753890442184495,96.83222222222223
TBX3,L112R,112.0,O15119,1,97.38,97.50454545454544,8,5.41023353139026,97.42
TBX3,H187Y,187.0,O15119,1,94.05999999999999,90.34727272727272,11,6.024199984108623,94.5
TBX3,R304W,304.0,O15119,1,91.0,76.62,10,5.8271490253274285,80.11600000000001
TBX3,M245T,245.0,O15119,1,97.38,95.95454545454544,10,5.618960235515723,97.569
DAXX,A313S,313.0,Q9UER7,1,98.25,97.94272727272728,12,5.403206316755242,98.12083333333332
DAXX,P168H,168.0,Q9UER7,1,41.75,40.22,4,5.367944286715715,39.772499999999994
DAXX,L467P,467.0,Q9UER7,1,44.19,40.77272727272727,6,5.578229490431341,41.67666666666667
DAXX,D481A,481.0,Q9UER7,1,35.97,39.67545454545455,4,5.424918691254794,40.7175
DAXX,D729N,729.0,Q9UER7,1,48.47,45.331818181818186,5,4.986206447726715,48.41600000000001
DAXX,E15K,15.0,Q9UER7,1,50.47,44.72090909090909,4,5.1815900997581945,45.23
DAXX,E546Q,546.0,Q9UER7,1,39.22,40.86454545454546,4,5.3116482831953356,43.6475
DAXX,F236Y,236.0,Q9UER7,1,98.0,97.29,10,5.612382810105992,97.14500000000001
DAXX,R318Q,318.0,Q9UER7,1,98.12000000000002,97.9309090909091,8,5.248309558105788,97.90625
DAXX,R371W,371.0,Q9UER7,1,98.19000000000001,97.68090909090911,8,5.10014673546826,97.6
DAXX,G604A,604.0,Q9UER7,1,37.91,36.057272727272725,4,5.391756013085848,36.2975
DAXX,V9L,9.0,Q9UER7,1,43.660000000000004,45.26,4,4.8971871374958695,45.72
DAXX,S405C,405.0,Q9UER7,1,42.94,47.01454545454546,4,5.182867020145613,43.775
DAXX,P537L,537.0,Q9UER7,1,40.75,40.99181818181818,4,5.3226250930311565,42.7975
DAXX,N276S,276.0,Q9UER7,1,97.25,92.77181818181818,9,5.6736972657413,95.42333333333335
DAXX,M381R,381.0,Q9UER7,1,97.12,96.6690909090909,8,5.124386162889282,96.9675
DAXX,L143M,143.0,Q9UER7,1,45.72,49.28999999999999,4,4.9030013369694485,41.1475
DAXX,F567S,567.0,Q9UER7,1,32.81,37.10727272727273,4,4.794450696617429,35.82
DAXX,A539P,539.0,Q9UER7,1,39.81,41.847272727272724,4,5.473371281343362,42.375
DAXX,S429F,429.0,Q9UER7,1,34.72,38.77090909090909,4,5.419042241904609,37.0025
DAXX,T151N,151.0,Q9UER7,1,37.46999999999999,37.912727272727274,4,5.334295591163556,37.22
DAXX,V348I,348.0,Q9UER7,1,96.06000000000002,96.09,7,5.7909882322898225,95.76714285714286
SUZ12,V479F,479.0,Q15022,1,91.56000000000002,91.03454545454544,9,5.893792556330017,91.19444444444444
SUZ12,L529V,529.0,Q15022,1,85.44,86.13636363636364,6,5.688036846977947,79.64
LAR4B,P391A,391.0,Q92615,1,40.71999999999999,38.68090909090909,4,5.067074863762241,38.1025
LAR4B,S585L,585.0,Q92615,1,44.31,40.30090909090909,4,5.034402038771674,42.232499999999995
KPCB,E265G,265.0,P05771,1,91.38,93.62727272727274,11,5.651053003868278,92.26363636363635
KPCB,E511K,511.0,P05771,1,97.12,97.02090909090909,13,6.181001828424053,96.46461538461539
KPCB,K268N,268.0,P05771,1,90.25,93.69545454545454,6,5.346272399381561,92.63833333333332
KPCB,A269T,269.0,P05771,1,91.38,93.67818181818183,7,5.550511322301924,93.92999999999998
KPCB,A509V,509.0,P05771,1,97.69,96.73181818181818,11,5.993744337019615,97.4309090909091
KPCB,D237H,237.0,P05771,1,88.06,93.20909090909093,10,6.280286631423133,91.819
KPCB,D365N,365.0,P05771,1,85.94,91.48727272727272,7,6.08808714362165,90.87285714285713
KPCB,G124A,124.0,P05771,1,88.12,91.65818181818182,6,5.45216552187016,90.54166666666667
KPCB,I594M,594.0,P05771,1,93.5,89.20545454545454,9,5.372602293700226,89.99555555555555
KPCB,K276M,276.0,P05771,1,92.19,93.75,14,6.021782298008065,91.96357142857143
KPCB,K309N,309.0,P05771,1,40.62,42.309090909090905,7,5.0164722335962795,44.58714285714286
KPCB,F353L,353.0,P05771,1,82.5,87.50727272727272,8,5.520825436172011,88.09375
KPCB,E281Q,281.0,P05771,1,90.06,92.36909090909091,7,5.653833415197121,92.49857142857145
KPCB,E612Q,612.0,P05771,1,89.88,91.83090909090909,8,5.5883701099484835,92.455
KPCB,V196I,196.0,P05771,1,98.62,96.60272727272728,13,6.079348251223104,98.24153846153845
KPCB,V419L,419.0,P05771,1,95.12,93.5281818181818,12,5.610612749722514,94.16666666666667
KPCB,R592C,592.0,P05771,1,87.69000000000001,87.82545454545453,7,4.952291631706358,89.49285714285715
KPCB,R465H,465.0,P05771,1,97.44000000000001,97.1309090909091,12,6.087841701983422,96.43083333333334
KPCB,R583H,583.0,P05771,1,96.12000000000002,90.90363636363637,16,6.141443980116653,93.895
GEPH,L30I,30.0,Q9NQX3,1,89.94,92.25545454545454,7,5.542402623853881,91.94571428571427
HS90A,I643F,643.0,P07900,1,96.38,94.69818181818182,12,5.761182990245213,95.22833333333335
BAP1,S172I,172.0,Q92560,1,98.06,92.76727272727274,15,5.836628951336395,96.68866666666666
BAP1,P190H,190.0,Q92560,1,95.68999999999998,93.98909090909092,13,6.0892018730072595,94.4276923076923
BAP1,R208W,208.0,Q92560,1,90.38,90.5690909090909,8,5.193250430286156,90.96125
BAP1,Y189F,189.0,Q92560,1,94.75,94.00636363636364,8,5.697947184027458,92.5
BAP1,A217T,217.0,Q92560,1,65.94,69.91272727272725,7,5.42746319156344,72.35285714285715
BAP1,E20D,20.0,Q92560,1,96.56,97.03454545454547,9,5.318680356995564,97.00777777777778
BAP1,E498K,498.0,Q92560,1,39.78,38.29545454545455,4,5.307967707059516,37.2125
BAP1,G472R,472.0,Q92560,1,36.16,36.27363636363636,4,5.388004187980702,37.9125
BAP1,R610K,610.0,Q92560,1,32.0,33.46,4,5.131839439898831,34.21
CPEB3,P90R,90.0,Q8NE35,1,49.06,41.78999999999999,4,5.4669999101525635,43.0075
CPEB3,G366R,366.0,Q8NE35,1,33.16,35.29727272727273,4,5.523144437486917,35.805
CPEB3,M7L,7.0,Q8NE35,1,44.78,42.43636363636364,4,5.498789877615236,45.2975
SKI,E390K,390.0,P12755,1,35.81,33.64272727272728,4,5.08176165590243,32.4875
CTCF,H284Y,284.0,P49711,1,82.38,81.37636363636362,9,5.466333473005618,81.54333333333334
CTCF,Y226C,226.0,P49711,1,34.279999999999994,35.693636363636365,4,5.116168104606478,35.275
CTCF,S402L,402.0,P49711,1,87.56,86.88,6,5.065620757276664,86.67666666666666
CTCF,F351L,351.0,P49711,1,87.19000000000001,86.53636363636363,10,5.611118554998415,87.758
CTCF,P640S,640.0,P49711,1,47.56,51.354545454545466,4,5.104913104859033,50.56999999999999
CTCF,R377C,377.0,P49711,1,85.75,86.53272727272726,10,5.675879938966128,86.462
CTCF,G261S,261.0,P49711,1,47.88,55.49272727272728,4,5.3212306817661466,50.5075
CTCF,H288Y,288.0,P49711,1,78.25,79.0190909090909,7,5.60558142092335,77.79714285714284
CTCF,H288D,288.0,P49711,1,78.25,79.0190909090909,7,5.60558142092335,77.79714285714284
CTCF,H284Q,284.0,P49711,1,82.38,81.37636363636362,9,5.466333473005618,81.54333333333334
CTCF,R342C,342.0,P49711,1,87.69000000000001,86.63181818181819,12,5.494514943946052,86.04166666666667
CTCF,F228S,228.0,P49711,1,34.44,35.392727272727264,4,5.024832296977651,36.6725
CTCF,R283C,283.0,P49711,1,80.5,82.21727272727273,8,5.334936299507623,82.3375
CTCF,R292G,292.0,P49711,1,81.19000000000001,81.04545454545455,9,5.411481144818649,82.94444444444446
CTCF,R479H,479.0,P49711,1,83.75,83.58454545454546,13,6.142341228675952,83.08153846153846
CTCF,S354F,354.0,P49711,1,88.44,87.78090909090909,5,5.646538702110986,88.404
CTCF,H312D,312.0,P49711,1,87.5,87.0509090909091,8,5.230725998701468,87.16375
CTCF,H288R,288.0,P49711,1,78.25,79.0190909090909,7,5.60558142092335,77.79714285714284
CTCF,H477Y,477.0,P49711,1,81.75,83.24363636363636,11,5.823723566681292,81.00545454545454
CTCF,E2V,2.0,P49711,1,37.22,40.037142857142854,3,4.391675199531808,40.48
CTCF,E376K,376.0,P49711,1,85.69,86.4590909090909,7,5.46493960136533,85.74000000000001
CTCF,Y523D,523.0,P49711,1,85.25,84.78909090909092,10,5.612139955528478,86.44300000000001
CTCF,R371P,371.0,P49711,1,87.75,86.43181818181819,11,5.662732534352546,86.04545454545455
CTCF,R283H,283.0,P49711,1,80.5,82.21727272727273,8,5.334936299507623,82.3375
CTCF,R368H,368.0,P49711,1,85.5,86.83545454545454,10,5.780586390645581,86.713
CTCF,R304S,304.0,P49711,1,84.69000000000001,85.94363636363636,10,6.087271580259867,84.194
CTCF,R320S,320.0,P49711,1,85.62,86.29454545454546,10,5.556399605920883,86.913
CTCF,P378A,378.0,P49711,1,85.68999999999998,86.79454545454546,8,5.910522492445115,86.78875
CTCF,P276R,276.0,P49711,1,85.12,84.09636363636363,9,6.024350696467478,80.23333333333333
CTCF,Q44K,44.0,P49711,1,37.56,35.74727272727272,4,5.263967557326448,35.665
CTCF,Q232E,232.0,P49711,1,32.72,35.33,4,5.244023105072019,36.03
CTCF,Q106P,106.0,P49711,1,33.44,35.87909090909091,4,5.175105795412173,36.2
CTCF,G261A,261.0,P49711,1,47.88,55.49272727272728,4,5.3212306817661466,50.5075
CTCF,H284P,284.0,P49711,1,82.38,81.37636363636362,9,5.466333473005618,81.54333333333334
CTCF,H284N,284.0,P49711,1,82.38,81.37636363636362,9,5.466333473005618,81.54333333333334
CTCF,R277P,277.0,P49711,1,84.30999999999999,84.22727272727273,8,5.557293700421665,85.09375
CTCF,K20R,20.0,P49711,1,44.09,38.059999999999995,4,5.195742859902394,38.9225
CTCF,K365R,365.0,P49711,1,85.69,87.13181818181819,9,5.507709263674371,87.14666666666668
CTCF,K344E,344.0,P49711,1,84.44,85.90909090909092,7,5.326306648057403,86.37571428571428
CTCF,K258E,258.0,P49711,1,37.53,46.33,4,5.122687995145687,44.025
CTCF,H345P,345.0,P49711,1,87.44000000000001,85.85272727272726,8,5.688957043376438,86.13374999999999
CTCF,H284R,284.0,P49711,1,82.38,81.37636363636362,9,5.466333473005618,81.54333333333334
CTCF,V630I,630.0,P49711,1,39.839999999999996,42.377272727272725,4,5.479387416617442,40.2425
CTCF,Y386C,386.0,P49711,1,89.0,88.39727272727272,6,5.269715122530278,89.27
CTCF,V50L,50.0,P49711,1,34.75,35.223636363636366,4,5.2284038685557475,34.7725
CTCF,D443H,443.0,P49711,1,83.81,84.18,6,5.818377125565552,84.10333333333334
CTCF,D443N,443.0,P49711,1,83.81,84.18,6,5.818377125565552,84.10333333333334
CTCF,D581G,581.0,P49711,1,55.12,58.88545454545454,4,4.758842892683544,57.9375
CTCF,C557S,557.0,P49711,1,86.38,79.61818181818181,13,5.926470276219288,83.64384615384614
CTCF,C268Y,268.0,P49711,1,85.88,79.15727272727273,11,5.971487552969486,82.21727272727271
CTCF,A387V,387.0,P49711,1,89.5,87.83454545454545,10,5.649699545459452,87.925
CTCF,E35A,35.0,P49711,1,35.41,34.39636363636363,4,5.2413382929260655,33.8025
CTCF,E104K,104.0,P49711,1,36.06,34.85909090909092,4,5.1282625466626826,36.4525
CTCF,E234D,234.0,P49711,1,36.09,35.71818181818182,4,5.1528152538716405,33.4225
CTCF,R389S,389.0,P49711,1,86.69000000000001,87.81181818181818,12,6.213422202840817,86.53083333333332
CTCF,E584Q,584.0,P49711,1,40.28,45.67181818181819,4,5.1221662529574274,42.695
CTCF,S224F,224.0,P49711,1,32.69,34.974545454545456,4,5.113187235681988,34.8125
CTCF,E687K,687.0,P49711,1,41.94,45.16,5,5.394418822862322,42.839999999999996
CTCF,E682K,682.0,P49711,1,48.38,50.03272727272727,7,5.744229548687742,49.76285714285715
BRD3,A138P,138.0,Q15059,1,95.12,94.39090909090909,6,5.024205456087512,95.78000000000002
BRD3,A138V,138.0,Q15059,1,95.12,94.39090909090909,6,5.024205456087512,95.78000000000002
P85A,E635K,635.0,P27986,1,94.12,91.31181818181817,10,5.489505645176057,92.27499999999999
P85A,D560Y,560.0,P27986,1,88.62,92.25363636363636,9,5.378745274952771,92.15777777777778
P85A,K379E,379.0,P27986,1,92.75,90.85727272727273,8,5.526797947874935,93.17125
P85A,I133M,133.0,P27986,1,92.94,92.20545454545454,9,5.316619781197603,92.14666666666666
P85A,L647V,647.0,P27986,1,95.31,92.10636363636362,13,5.860847606394565,93.1823076923077
P85A,L370R,370.0,P27986,1,95.19,86.81818181818181,12,5.748666226126098,94.16083333333336
P85A,L573P,573.0,P27986,1,90.94,87.8809090909091,12,5.69638382933634,89.58833333333332
P85A,D560H,560.0,P27986,1,88.62,92.25363636363636,9,5.378745274952771,92.15777777777778
P85A,E205K,205.0,P27986,1,89.12,88.62363636363638,9,5.456490421311271,89.5
P85A,R562P,562.0,P27986,1,94.25,90.43636363636364,9,5.50642442682324,90.9088888888889
HS90B,S45C,45.0,P08238,1,91.12,93.24909090909091,13,6.059614913895112,87.61
HS90B,R682L,682.0,P08238,1,84.30999999999999,86.72818181818181,8,5.143467068626832,86.6175
HS90B,L711V,711.0,P08238,1,41.44,37.1390909090909,4,5.134158961819315,36.405
HS90B,R456L,456.0,P08238,1,97.19000000000001,97.04636363636364,9,5.766182328333642,96.71555555555557
HS90B,S665C,665.0,P08238,1,92.06,91.34,10,5.980800392625541,93.437
HS90B,T599P,599.0,P08238,1,91.56000000000002,88.13636363636364,10,5.849624802612687,87.91199999999999
HS90B,K552M,552.0,P08238,1,92.5,92.12636363636364,8,5.156200804286708,92.04875
HS90B,I250V,250.0,P08238,1,45.59,39.48636363636363,4,5.241900058976044,37.0475
HS90B,E11K,11.0,P08238,1,63.309999999999995,69.82454545454544,4,5.118149230004188,69.44749999999999
HS90B,E471Q,471.0,P08238,1,95.88,96.01181818181819,8,5.211068429208086,96.34375
SPN90,D123N,123.0,Q9NZQ3,1,38.97,37.58,4,5.332312257279028,40.2125
SPN90,E88Q,88.0,Q9NZQ3,1,85.88,84.66363636363636,7,5.358142492358397,86.69428571428571
ACSL3,A483G,483.0,O95573,1,97.12,96.71,16,6.2320644434341474,97.283125
ACSL3,H345L,345.0,O95573,1,98.38,98.60727272727273,10,5.609044613331636,98.22999999999999
ACSL3,C504G,504.0,O95573,1,97.62,97.69454545454545,16,6.093654800309589,97.778125
EXT2,S257C,257.0,Q93063,1,96.44,95.11363636363636,11,6.268299392111313,96.34545454545456
EXT2,S290C,290.0,Q93063,1,81.56,81.99909090909091,5,5.346201673785167,78.836
EXT2,G195V,195.0,Q93063,1,89.38,92.92000000000002,9,5.77770518753373,91.82555555555557
EXT2,C96S,96.0,Q93063,1,89.44,83.93636363636364,13,6.159178213444758,90.1146153846154
EXT2,A238V,238.0,Q93063,1,85.12,90.68181818181819,9,5.703689581120819,91.62555555555555
EXT2,L188W,188.0,Q93063,1,98.19,97.23272727272727,11,5.992938911734709,97.70545454545454
EXT2,R86T,86.0,Q93063,1,91.38,91.21636363636365,11,5.8452922641498954,92.20909090909092
EXT2,V69F,69.0,Q93063,1,90.88,84.8009090909091,8,5.5895213318573935,90.60125
EXT2,V154I,154.0,Q93063,1,98.18999999999998,95.59727272727274,11,5.755258521152739,97.27363636363638
EXT2,S53L,53.0,Q93063,1,39.19,38.52272727272727,5,5.4403867696882084,36.638
EXT2,R182Q,182.0,Q93063,1,94.94000000000001,95.02272727272727,10,6.013977565430294,95.369
EXT2,R166H,166.0,Q93063,1,92.94000000000001,93.10090909090908,8,5.592756319837669,89.28
EXT2,Q258H,258.0,Q93063,1,95.06,94.80636363636363,10,6.320829242231663,94.54400000000001
UBP44,S292N,292.0,Q9H0E7,1,96.88,96.25090909090909,11,5.7733385048268175,95.45
UBP44,G359R,359.0,Q9H0E7,1,26.12,31.422727272727272,4,5.210504143068464,28.5
UBP44,D89N,89.0,Q9H0E7,1,80.5,80.36272727272727,10,6.215673026351147,79.36200000000001
UBP44,R582H,582.0,Q9H0E7,1,74.25,81.23909090909092,5,5.758020253836499,77.124
FBXW7,S582L,582.0,Q969H0,1,97.81,96.73272727272727,10,5.604403449819827,97.823
FBXW7,R479Q,479.0,Q969H0,1,98.75,98.80272727272727,13,5.894576299535013,98.73615384615385
FBXW7,R465H,465.0,Q969H0,1,98.75,98.61363636363636,15,6.188278172651582,98.75133333333333
FBXW7,H460R,460.0,Q969H0,1,98.75,98.68272727272728,12,6.314288058843654,98.73083333333331
FBXW7,E177Q,177.0,Q969H0,1,34.34,32.58454545454546,4,5.3504693636661935,32.3825
FBXW7,M268I,268.0,Q969H0,1,85.31,83.85727272727273,8,5.086436609027696,84.28875
FBXW7,Q306K,306.0,Q969H0,1,94.88,94.32999999999998,9,5.863386123182315,94.27111111111111
FBXW7,Q277E,277.0,Q969H0,1,65.44,76.16454545454545,6,5.205647262191514,70.49833333333333
FBXW7,D591N,591.0,Q969H0,1,95.56,97.5281818181818,4,5.077264945226933,98.03
FBXW7,D258H,258.0,Q969H0,1,90.94,90.70545454545454,6,5.060370636780348,90.74166666666667
FBXW7,C533F,533.0,Q969H0,1,98.56,98.43636363636364,11,6.049034854873972,98.61363636363636
FBXW7,A289P,289.0,Q969H0,1,96.0,95.78909090909092,12,5.654995470570687,94.67666666666668
FBXW7,A626D,626.0,Q969H0,1,97.62,97.89272727272727,14,5.922128631323463,93.31285714285714
FBXW7,R505H,505.0,Q969H0,1,98.69000000000001,98.5790909090909,16,6.325169212098075,98.68312499999999
FBXW7,R689W,689.0,Q969H0,1,92.69000000000001,96.38636363636364,10,6.714483506160309,95.981
FBXW7,R465C,465.0,Q969H0,1,98.75,98.61363636363636,15,6.188278172651582,98.75133333333333
FBXW7,R441L,441.0,Q969H0,1,98.80999999999999,98.80818181818181,13,5.7869162984044085,98.73230769230769
FBXW7,R505C,505.0,Q969H0,1,98.69000000000001,98.5790909090909,16,6.325169212098075,98.68312499999999
FBXW7,E136K,136.0,Q969H0,1,35.97,37.39545454545454,4,5.434219994132107,38.095
FBXW7,C453F,453.0,Q969H0,1,98.56,98.20454545454545,11,6.035648758970972,98.47818181818182
FBXW7,H137Y,137.0,Q969H0,1,39.470000000000006,37.53727272727273,4,5.445074688122563,37.5875
FBXW7,I85S,85.0,Q969H0,1,29.89,33.48363636363637,4,5.46211461039358,32.4875
FBXW7,E97Q,97.0,Q969H0,1,36.41,36.029090909090904,4,5.0957384960682806,34.9775
FBXW7,N82Y,82.0,Q969H0,1,30.83,34.08090909090909,4,5.534907984442077,33.902499999999996
FBXW7,R13L,13.0,Q969H0,1,30.389999999999997,30.017272727272726,4,5.332915545460305,30.777499999999996
FBXW7,Q95R,95.0,Q969H0,1,35.84,35.31545454545455,4,5.2413076916929295,35.5875
FBXW7,S86L,86.0,Q969H0,1,32.72,33.29363636363637,4,5.451832184015884,32.7675
FBXW7,A502V,502.0,Q969H0,1,98.56,98.60181818181817,11,5.758306487156229,95.63636363636364
FBXW7,R479L,479.0,Q969H0,1,98.75,98.80272727272727,13,5.894576299535013,98.73615384615385
FBXW7,R513G,513.0,Q969H0,1,98.5,98.42727272727274,11,5.844192063326562,98.23454545454545
FBXW7,S398F,398.0,Q969H0,1,98.75,98.55636363636364,16,5.711435908164194,98.4175
FBXW7,T196A,196.0,Q969H0,1,31.5,32.79,4,5.212878611414091,32.292500000000004
FBXW7,Y545C,545.0,Q969H0,1,98.44000000000001,98.3909090909091,16,6.4133621199516,97.61562500000001
FBXW7,R213K,213.0,Q969H0,1,34.0,33.619090909090914,6,5.484357722770642,34.2
FBXW7,R357K,357.0,Q969H0,1,96.5,96.51636363636364,10,5.576915841393696,93.76200000000001
FBXW7,Q631H,631.0,Q969H0,1,98.5,97.61363636363635,11,6.17692160689102,98.36454545454545
FBXW7,Q277P,277.0,Q969H0,1,65.44,76.16454545454545,6,5.205647262191514,70.49833333333333
FBXW7,Q264R,264.0,Q969H0,1,90.56,88.08999999999999,8,5.056289874190919,88.14625000000001
FBXW7,D362N,362.0,Q969H0,1,97.44,97.23272727272727,8,5.171404632138507,97.28
FBXW7,D399H,399.0,Q969H0,1,98.31,98.64727272727272,13,5.90859740909031,98.45153846153848
FBXW7,D642G,642.0,Q969H0,1,97.25,98.37999999999998,15,6.211540732991653,97.52
FBXW7,E177K,177.0,Q969H0,1,34.34,32.58454545454546,4,5.3504693636661935,32.3825
FBXW7,H495Y,495.0,Q969H0,1,98.69000000000001,98.44363636363637,10,5.808850078248912,98.58099999999999
FBXW7,L301P,301.0,Q969H0,1,97.69,96.77363636363634,11,5.4597545414667845,96.84181818181816
FBXW7,N432S,432.0,Q969H0,1,94.69,96.82909090909092,8,5.643501230722994,96.1875
FBXW7,N542I,542.0,Q969H0,1,98.31,98.35727272727273,10,5.699559664507623,98.461
FBXW7,H379Y,379.0,Q969H0,1,97.69000000000001,97.44363636363636,11,6.106355763534515,97.58000000000001
FBXW7,G391D,391.0,Q969H0,1,93.0,97.44272727272727,5,5.644799280216795,95.262
FBXW7,G477S,477.0,Q969H0,1,98.81,98.51181818181817,18,6.162238444141092,98.78611111111111
FBXW7,H174R,174.0,Q969H0,1,32.69,32.942727272727275,4,5.194085301289141,33.0525
BCL6,D17V,17.0,P41182,1,71.75,70.54272727272728,8,5.1021548086642685,71.02
BCL6,P473L,473.0,P41182,1,35.5,30.35272727272727,4,5.216676678573148,29.9625
BCL6,P223L,223.0,P41182,1,34.16,31.1009090909091,4,5.2976607001287,31.424999999999997
BCL6,A313V,313.0,P41182,1,31.78,32.35545454545455,4,5.260122895194425,34.775
BCL6,P239L,239.0,P41182,1,38.44,31.70818181818182,4,5.247441814153163,32.155
BCL6,Q388E,388.0,P41182,1,26.64,29.689090909090908,8,5.932564743170969,53.38875
BCL6,R158W,158.0,P41182,1,26.219999999999995,28.258181818181814,4,5.495597050847006,27.8375
BCL6,R618C,618.0,P41182,1,88.55999999999999,88.77727272727273,8,5.239050145359657,88.93625
BCL6,S3L,3.0,P41182,1,28.77,32.166250000000005,4,5.239429423540221,30.9125
BCL6,T476M,476.0,P41182,1,29.449999999999996,30.58636363636363,4,5.192054806852588,29.745
BCL6,P237L,237.0,P41182,1,35.59,30.66909090909091,4,5.502262586654228,32.1375
BCL6,N21K,21.0,P41182,1,79.62,78.11363636363636,8,5.11651950913122,78.6175
BCL6,L490F,490.0,P41182,1,26.92,27.984545454545447,4,5.378099704121523,28.165
BCL6,C520Y,520.0,P41182,1,83.25,74.79181818181819,10,5.760823408668851,79.32400000000001
BCL6,E507G,507.0,P41182,1,25.14,30.29454545454545,4,5.27935975597885,28.0425
BCL6,E529G,529.0,P41182,1,82.88,82.28909090909089,9,5.634422979050714,79.36666666666666
BCL6,K326N,326.0,P41182,1,31.64,31.364545454545453,4,5.349777457969759,31.63
ACSL6,G136R,136.0,Q9UKU0,1,98.62,97.98181818181818,16,5.6352393489724,98.22187500000001
NPT2B,A22T,22.0,O95436,1,27.619999999999997,29.514545454545452,5,5.605465345838047,28.546000000000003
NPT2B,D67G,67.0,O95436,1,55.59,56.00454545454545,6,5.675923028625014,57.218333333333334
NPT2B,L104I,104.0,O95436,1,84.25,87.26818181818182,10,5.41114042016337,85.03299999999999
PATZ1,G295V,295.0,Q9HBE1,1,78.5,79.90363636363635,5,5.169569586436547,82.262
PATZ1,C385S,385.0,Q9HBE1,1,89.25,85.48818181818183,12,5.811625515475586,86.54083333333334
PATZ1,L144V,144.0,Q9HBE1,1,91.25,90.13636363636364,9,5.239017201663858,89.78555555555555
PATZ1,R214W,214.0,Q9HBE1,1,37.12,37.312727272727265,4,5.453963859344103,38.33
TFE2,R525W,525.0,P15923,1,41.720000000000006,45.098181818181814,4,5.293556655665908,43.92
TFE2,G421D,421.0,P15923,1,39.66,42.483636363636364,4,5.213973209264797,41.43
TFE2,A212T,212.0,P15923,1,38.81,42.07363636363636,4,5.271295555387565,43.64
TFE2,A161T,161.0,P15923,1,36.56,40.3890909090909,4,5.440814022838046,41.015
TFE2,D218E,218.0,P15923,1,39.88,41.32727272727272,4,5.201657142886667,40.2675
TFE2,G267V,267.0,P15923,1,34.81,36.092727272727274,4,5.320565721405161,36.1075
TFE2,G470D,470.0,P15923,1,39.16,41.53454545454545,4,5.46889336170569,41.68
TFE2,L418P,418.0,P15923,1,47.0,42.641818181818174,4,5.342607629128713,43.015
TFE2,Q169E,169.0,P15923,1,39.69,41.549090909090914,4,5.348025487889364,41.04
HTF4,S295P,295.0,Q99081,1,38.03,40.32363636363636,4,4.775633624202213,39.015
HTF4,R585T,585.0,Q99081,1,98.69000000000001,98.49363636363636,8,5.200298635282448,98.54625
HTF4,G251E,251.0,Q99081,1,47.09,42.301818181818184,4,5.519598280591008,44.0075
HTF4,E113D,113.0,Q99081,1,40.59,40.553636363636365,4,5.4052994340005975,40.7275
HTF4,D273G,273.0,Q99081,1,39.84,38.95454545454545,4,5.120852583864102,39.83
P63,R360T,360.0,Q9H3D4,1,90.75,88.01727272727273,8,5.255257982307831,89.19624999999999
P63,R266T,266.0,Q9H3D4,1,95.75,93.53454545454547,11,6.006148119478647,95.8581818181818
P63,R243W,243.0,Q9H3D4,1,95.55999999999999,94.23909090909092,14,6.070901958108332,94.76785714285714
P63,A227T,227.0,Q9H3D4,1,98.31,97.38727272727274,12,5.840007695852855,97.81666666666668
P63,A273S,273.0,Q9H3D4,1,95.88,93.32999999999998,10,5.668779374377259,95.051
P63,E24K,24.0,Q9H3D4,1,23.67,26.34818181818182,4,4.94709188267438,26.69
P63,K392E,392.0,Q9H3D4,1,33.28,39.50454545454545,4,5.2437978168105355,37.5675
P63,V478L,478.0,Q9H3D4,1,29.78,30.00090909090909,5,5.62233064378494,30.574
P63,P218L,218.0,Q9H3D4,1,93.88,95.71090909090908,7,6.048759377526969,95.10857142857142
P63,P161S,161.0,Q9H3D4,1,52.27999999999999,58.15363636363636,7,6.083140939385136,59.82142857142857
P63,P65S,65.0,Q9H3D4,1,35.88,42.95636363636363,5,5.066792804749913,38.507999999999996
P63,S189L,189.0,Q9H3D4,1,89.0,90.32363636363635,4,4.822618667032019,90.5125
P63,V23I,23.0,Q9H3D4,1,24.580000000000002,26.19636363636364,4,5.030640354016297,25.870000000000005
P63,Y290F,290.0,Q9H3D4,1,96.19000000000001,95.08636363636364,8,5.462248973532722,96.205
P63,T494N,494.0,Q9H3D4,1,28.41,31.68454545454546,4,5.510089819157784,35.97
FOXP1,S290T,290.0,Q9H334,1,31.670000000000005,34.45272727272727,4,5.208534829815523,35.6175
FOXP1,P42A,42.0,Q9H334,1,42.69,44.02909090909091,4,5.105145853059196,43.29
FOXP1,E314Q,314.0,Q9H334,1,83.62,85.30181818181819,9,5.7737207950047065,86.96
FOXP1,Q177L,177.0,Q9H334,1,77.31,72.58181818181816,8,5.131392870760314,72.7175
FOXP1,G39E,39.0,Q9H334,1,37.47,39.70454545454546,4,5.388625728218502,41.1325
FOXP1,A15V,15.0,Q9H334,1,39.06,38.75272727272728,4,5.215486732659755,39.7475
FOXP1,D88Y,88.0,Q9H334,1,37.34,34.13999999999999,4,5.436609658556731,34.975
FOXP1,R514C,514.0,Q9H334,1,97.30999999999999,95.88727272727273,8,5.2705677728710425,96.11875
FOXP1,Q118K,118.0,Q9H334,1,52.22,56.854545454545466,6,5.409024889417093,53.598333333333336
FOXP1,W534R,534.0,Q9H334,1,97.30999999999997,92.1581818181818,13,5.824936204520591,95.43230769230769
FOXP1,V630M,630.0,Q9H334,1,40.589999999999996,36.985454545454544,4,5.266119566554703,36.4675
FOXP1,P407A,407.0,Q9H334,1,42.089999999999996,43.14272727272727,4,5.5654350664098935,42.26
FOXP1,D441E,441.0,Q9H334,1,38.19,44.42090909090909,5,5.554206914419449,43.376
FOXP1,D451H,451.0,Q9H334,1,62.53,59.897272727272735,8,5.4038924044131464,59.85124999999999
FOXP1,R504G,504.0,Q9H334,1,87.55999999999999,91.26181818181819,5,5.313745370882147,90.738
FOXP1,A532E,532.0,Q9H334,1,93.81,92.23818181818181,9,5.531024816943446,92.81222222222222
FOXP1,E674K,674.0,Q9H334,1,47.19,43.864444444444445,4,5.348431417876169,45.29
FOXP1,S292T,292.0,Q9H334,1,32.34,37.09909090909091,4,5.079069393950016,34.935
BTK,E108K,108.0,Q06187,1,85.81,93.14272727272727,5,5.6555912365653285,89.888
BTK,E439K,439.0,Q06187,1,82.0,80.52727272727273,8,5.718258209034755,81.5775
BTK,E45K,45.0,Q06187,1,70.31,80.0,4,4.754847416843456,74.0
BTK,I443T,443.0,Q06187,1,78.75,77.44818181818181,9,5.56107032369265,77.88111111111112
BTK,S514L,514.0,Q06187,1,90.94,92.91909090909091,7,5.3609881302912274,92.38285714285713
BTK,S55A,55.0,Q06187,1,94.94,92.62,8,5.433613406974745,94.78125
BTK,A159T,159.0,Q06187,1,90.81,91.6809090909091,7,5.495277469878668,90.11571428571428
BTK,D274N,274.0,Q06187,1,62.16,78.33818181818182,7,5.5397517726170955,78.38285714285715
BTK,S180Y,180.0,Q06187,1,34.0,31.90272727272728,4,4.746569952130818,30.747500000000002
BTK,R48G,48.0,Q06187,1,74.69000000000001,80.70454545454545,7,5.379708306824198,78.28571428571429
BTK,R332H,332.0,Q06187,1,92.12,86.7790909090909,9,5.9639770460026575,92.1888888888889
BTK,M278K,278.0,Q06187,1,78.25,78.8372727272727,10,6.153233612767858,83.60499999999999
BTK,M228I,228.0,Q06187,1,84.56,88.10727272727273,7,5.611469699995482,84.74142857142856
BTK,K60E,60.0,Q06187,1,93.62,94.02181818181818,10,5.939080204685197,91.118
BTK,K17T,17.0,Q06187,1,67.31,74.39727272727272,5,5.464990453633931,68.838
BTK,E65D,65.0,Q06187,1,95.81,94.00363636363636,10,6.120892787780912,95.58599999999998
BTK,E298K,298.0,Q06187,1,87.38,88.86363636363637,8,5.688692438557418,88.80375000000001
BTK,E193K,193.0,Q06187,1,33.34,36.813636363636355,4,5.359491544487755,37.3975
FOXO3,D199N,199.0,O43524,1,72.88,77.1590909090909,6,5.937502829094899,76.125
FOXO3,R211W,211.0,O43524,1,97.30999999999999,95.83454545454546,9,5.59195398631357,96.10333333333334
TRAF7,G35E,35.0,Q6Q0C0,1,31.44,29.194545454545445,13,6.27531088893544,77.91230769230768
TRAF7,V41F,41.0,Q6Q0C0,1,22.16,25.62909090909091,4,5.085345678380819,23.4925
TRAF7,A648V,648.0,Q6Q0C0,1,97.25,94.76090909090908,18,5.91054927689746,83.43277777777777
LMNA,D325N,325.0,P02545,1,95.19,94.55636363636363,8,5.116944644349845,94.7575
LMNA,D272Y,272.0,P02545,1,96.0,94.98363636363638,8,5.1102062268065165,95.28999999999999
LMNA,R190Q,190.0,P02545,1,95.44000000000001,95.96636363636365,8,5.0962846497311585,95.89125
LMNA,E84K,84.0,P02545,1,97.19,97.08000000000001,8,5.137076633891175,97.01625
LMNA,A500S,500.0,P02545,1,92.69,93.58454545454546,13,5.698892770115667,92.58153846153847
SDHA,E154K,154.0,P31040,1,98.81,98.75636363636364,10,5.4095476489434615,98.764
SDHA,D49N,49.0,P31040,1,64.25,68.17636363636365,9,5.667176163412915,74.91666666666667
SDHA,Q294E,294.0,P31040,1,98.88,98.77454545454545,14,6.08357817650442,98.80499999999998
SDHA,R465W,465.0,P31040,1,98.87999999999998,98.79181818181819,12,5.543917561796825,98.82000000000001
ELF4,S347F,347.0,Q99607,1,33.53,38.38636363636363,4,5.38061240902721,38.54
ELF4,T327P,327.0,Q99607,1,50.03000000000001,48.44090909090908,4,5.408321770463358,48.4075
ELF4,K240T,240.0,Q99607,1,95.81,94.79636363636361,11,5.5490444584863505,95.58636363636366
ELF4,E308K,308.0,Q99607,1,37.94,47.21818181818182,5,5.587251516123475,45.924
DDX3X,D455Y,455.0,O00571,1,94.81,94.74272727272728,9,5.410970170965774,94.6511111111111
DDX3X,G453S,453.0,O00571,1,93.94,94.24272727272727,9,5.3149406286308984,94.10888888888888
DDX3X,R294T,294.0,O00571,1,92.94000000000001,95.76,7,6.076438133921465,94.42857142857143
DDX3X,Q27H,27.0,O00571,1,34.38,32.63272727272727,4,5.3552672251292694,33.2025
DDX3X,G635S,635.0,O00571,1,36.09,36.96272727272727,4,5.523775372515461,35.795
DDX3X,A68V,68.0,O00571,1,34.88,37.63999999999999,4,5.40277570179594,38.54
DDX3X,Y104C,104.0,O00571,1,43.84000000000001,41.06818181818182,4,5.422326169811537,40.9225
DDX3X,I179T,179.0,O00571,1,93.88,92.3809090909091,10,5.985400420134502,93.20000000000002
DDX3X,P142L,142.0,O00571,1,93.12,92.12363636363636,6,5.766999458040796,92.895
DDX3X,D350N,350.0,O00571,1,88.06,89.58,12,5.902823472786616,86.61
DDX3X,S293Y,293.0,O00571,1,94.88,95.52727272727272,13,6.182249305540637,93.81692307692309
DDX3X,L559I,559.0,O00571,1,86.5,87.32363636363635,10,5.611919851861437,82.94399999999999
DDX3X,V321L,321.0,O00571,1,98.43999999999998,95.88545454545455,16,6.111665414262564,96.29249999999999
DDX3X,H472Y,472.0,O00571,1,89.30999999999999,88.1190909090909,12,5.833746076696563,84.42416666666666
DDX3X,E547D,547.0,O00571,1,91.19,93.06272727272727,5,5.242914290204858,92.138
DDX3X,D441H,441.0,O00571,1,78.19,86.89818181818181,6,5.9521014606648555,85.46166666666666
DDX3X,G316V,316.0,O00571,1,90.25,94.23181818181818,8,5.813305779271907,93.2025
DDX3X,G625R,625.0,O00571,1,37.44,39.78999999999999,4,5.285001693395901,38.32
DDX3X,G636E,636.0,O00571,1,34.5,36.473636363636366,4,5.48975192396439,35.515
DDX3X,G595S,595.0,O00571,1,34.88,39.43272727272727,4,4.974708958678508,36.2275
DDX3X,D164N,164.0,O00571,1,69.62,71.59727272727272,7,5.54867099474653,74.16714285714286
DDX3X,P141L,141.0,O00571,1,93.62,92.18636363636364,5,5.517260676438211,93.512
DDX3X,D441Y,441.0,O00571,1,78.19,86.89818181818181,6,5.9521014606648555,85.46166666666666
DDX3X,G439R,439.0,O00571,1,80.5,86.84090909090911,5,5.136873859525233,82.126
DDX3X,G439S,439.0,O00571,1,80.5,86.84090909090911,5,5.136873859525233,82.126
DDX3X,G635E,635.0,O00571,1,36.09,36.96272727272727,4,5.523775372515461,35.795
DDX3X,G624R,624.0,O00571,1,36.91,39.63363636363636,4,5.390769940325803,38.405
EWS,R321L,321.0,Q01844,1,41.56,40.42727272727273,4,4.767261743039415,38.8825
MTG8,P418H,418.0,Q06455,1,47.81,44.51909090909091,4,5.36144635390516,44.4525
MTG8,H299N,299.0,Q06455,1,39.529999999999994,43.402727272727276,4,5.264091316326759,42.1475
MTG8,A471V,471.0,Q06455,1,97.5,97.46545454545453,8,5.131559394919412,97.4375
MTG8,A200T,200.0,Q06455,1,84.75,85.04545454545455,12,5.2389708409986,84.16583333333332
MTG8,D322N,322.0,Q06455,1,45.53,42.03818181818181,4,5.270251311119305,41.875
MTG8,D313Y,313.0,Q06455,1,32.94,40.53727272727273,4,5.282356833124698,38.585
MTG8,A460V,460.0,Q06455,1,96.38,96.60818181818182,8,5.142345096800767,96.74125000000001
MTG8,A437V,437.0,Q06455,1,48.09,50.71909090909091,5,5.7614796540318425,47.7
MTG8,E256D,256.0,Q06455,1,31.720000000000002,37.77181818181818,4,5.332954985716697,38.8425
MTG8,F71L,71.0,Q06455,1,41.220000000000006,39.13999999999999,4,5.366782135347668,38.295
MTG8,R488L,488.0,Q06455,1,96.62000000000002,96.80000000000001,8,5.145349730899438,96.92125
MTG8,Q285K,285.0,Q06455,1,41.5,41.94909090909091,4,5.38830420744268,42.80500000000001
MTG8,Q193H,193.0,Q06455,1,87.31,86.71090909090908,10,5.485634268987895,86.80799999999999
MTG8,P588L,588.0,Q06455,1,50.21999999999999,42.944545454545455,4,5.381580525510452,39.485
MTG8,H166D,166.0,Q06455,1,90.69000000000001,91.76727272727271,10,5.636040195640844,90.68199999999999
MTG8,R520H,520.0,Q06455,1,88.12,88.41909090909093,7,5.3163187311336015,89.29428571428572
MTG8,V441M,441.0,Q06455,1,67.38,65.57363636363635,6,5.836388058340979,72.79666666666667
MTG8,T248N,248.0,Q06455,1,43.78000000000001,42.53272727272727,4,5.446129560728532,43.6625
MTG8,S49F,49.0,Q06455,1,41.44,42.10181818181818,4,5.397363763415191,38.17
MTG8,H262N,262.0,Q06455,1,39.81,39.05,4,5.32975643174476,39.0775
PICAL,E249K,249.0,Q13492,1,92.25,91.84181818181818,8,5.248409287043313,92.055
PICAL,A296T,296.0,Q13492,1,78.62,73.72181818181818,6,4.967277938614353,78.345
FUBP1,G26V,26.0,Q96AE4,1,38.72,48.07545454545454,5,5.031693353864982,50.66799999999999
FUBP1,G292A,292.0,Q96AE4,1,87.0,88.07363636363635,10,5.17485830472922,88.494
FUBP1,E617Q,617.0,Q96AE4,1,71.06,68.33909090909091,8,5.188262404914763,68.83375000000001
FUBP1,R430H,430.0,Q96AE4,1,87.62,86.93636363636364,12,5.668099623294521,84.20666666666666
MYB,G34R,34.0,P10242,1,44.81,50.39090909090908,4,4.952457519826456,48.9075
MYB,C130R,130.0,P10242,1,96.88,96.18272727272729,13,5.865705757041768,96.35153846153847
MYB,Y110H,110.0,P10242,1,96.19000000000001,96.41636363636363,10,6.119347834424964,96.24600000000001
MYB,V103A,103.0,P10242,1,97.43999999999998,97.0909090909091,11,5.666885737158345,97.17727272727274
MYB,R102G,102.0,P10242,1,96.80999999999999,97.05090909090909,9,5.419287657495862,96.78444444444443
MYB,I181V,181.0,P10242,1,97.5,96.85272727272728,13,5.972616233247591,97.12153846153845
MYB,H135Y,135.0,P10242,1,95.94000000000001,96.27272727272727,10,5.905340351176781,96.43700000000001
MYB,E306K,306.0,P10242,1,84.69,81.5109090909091,8,5.114780048936664,82.08875
MYB,N404K,404.0,P10242,1,40.22,39.81363636363636,7,5.289618378347382,39.854285714285716
MYB,L403V,403.0,P10242,1,41.66,40.85,7,5.222062442005224,42.22428571428572
MYB,P566L,566.0,P10242,1,45.589999999999996,42.23363636363636,4,5.303045186816107,42.5025
MYB,E609A,609.0,P10242,1,32.56,39.66909090909091,4,5.449515932245482,43.065
MYB,T590K,590.0,P10242,1,35.5,39.124545454545455,4,5.468952396192009,40.035
NRG1,S152F,152.0,Q02297,1,43.62,41.65545454545454,4,5.18493641744716,44.2725
NRG1,R18Q,18.0,Q02297,1,41.44,43.19545454545455,4,5.512494677554846,43.8125
NRG1,S107T,107.0,Q02297,1,94.62,94.56181818181821,10,5.686313476453618,94.425
NRG1,V114M,114.0,Q02297,1,93.25,91.31363636363636,13,5.880000763708742,91.00076923076925
NRG1,R155I,155.0,Q02297,1,40.279999999999994,42.488181818181815,4,5.02166689257022,41.485
TPOR,A134S,134.0,P40238,1,88.62,86.31090909090909,10,6.087367364328507,88.86100000000002
KSYK,R520C,520.0,P43405,1,63.44000000000001,57.947272727272725,8,5.422902353978103,63.2425
KSYK,V55M,55.0,P43405,1,98.25,95.65818181818182,14,5.996140086128216,97.87571428571428
KSYK,D8N,8.0,P43405,1,58.78,64.61818181818181,9,5.863311406457246,67.14111111111112
KSYK,E164K,164.0,P43405,1,79.19,80.81272727272727,7,5.518074199624253,84.59714285714287
KSYK,I471M,471.0,P43405,1,98.31,97.18727272727273,11,5.689289049339496,97.21
KSYK,E623G,623.0,P43405,1,98.0,95.9209090909091,12,5.479190836400558,96.88083333333334
KSYK,Y28D,28.0,P43405,1,97.75,96.83636363636361,9,5.398617600833824,97.0911111111111
KSYK,S295L,295.0,P43405,1,28.31,29.872727272727275,4,5.245735098199622,30.2425
KSYK,G532E,532.0,P43405,1,44.91,55.846363636363634,4,4.951303752733596,51.2875
KSYK,E600G,600.0,P43405,1,93.44,96.1190909090909,7,5.382727992067461,96.2042857142857
KSYK,A146G,146.0,P43405,1,96.44,94.55181818181819,12,5.98190466241877,94.48500000000001
RAD21,P286T,286.0,O60216,1,37.31,37.725454545454554,4,5.3941043266126645,38.7875
RAD21,D262N,262.0,O60216,1,38.56,41.42909090909091,4,5.449388154868846,41.8525
RAD21,V41L,41.0,O60216,1,90.5,88.3509090909091,9,5.444776632633132,88.88
HNF1A,G181E,181.0,P20823,1,48.31,55.973636363636366,10,5.9964988159564045,66.477
HNF1A,R131Q,131.0,P20823,1,92.88,92.95000000000002,7,5.214712153791149,94.03571428571429
HNF1A,R321C,321.0,P20823,1,36.90999999999999,39.23909090909091,4,5.512456630418883,37.9225
HNF1A,S19P,19.0,P20823,1,83.81,85.29545454545455,6,5.049660169292695,86.15666666666668
HNF1A,T178A,178.0,P20823,1,80.18999999999998,69.62363636363635,10,5.886802295893299,73.13000000000002
HNF1A,K273E,273.0,P20823,1,95.19,94.69363636363637,8,5.151166597024513,94.44624999999999
HNF1A,P353T,353.0,P20823,1,45.06,38.0790909090909,4,4.939983450355475,34.9875
HNF1A,A174V,174.0,P20823,1,85.56,84.34636363636363,8,5.22952183660364,85.555
HNF1A,G34E,34.0,P20823,1,49.12,52.8290909090909,5,5.417637698080138,45.306
HNF1A,H126Q,126.0,P20823,1,90.94000000000001,93.06454545454545,8,5.5866458713162,92.29124999999999
HNF1A,I186V,186.0,P20823,1,37.97,38.31363636363636,5,5.770881722434088,35.312
HNF1A,K120N,120.0,P20823,1,96.25,95.6590909090909,10,5.469295789143831,96.09299999999999
HNF1A,L16V,16.0,P20823,1,88.88,86.43272727272728,9,5.3457653880377585,85.99333333333333
HNF1A,R168C,168.0,P20823,1,91.69000000000001,92.38181818181818,9,5.487083791958889,92.02888888888889
HNF1A,Y218C,218.0,P20823,1,96.62,95.54545454545455,10,5.443053073585849,95.525
HNF1A,V448A,448.0,P20823,1,40.96999999999999,36.82909090909091,4,5.15794811161031,36.0625
HNF1A,V259F,259.0,P20823,1,95.88,93.70454545454545,10,6.124726539434503,95.85499999999999
HNF1A,T346I,346.0,P20823,1,41.12,40.12818181818182,4,5.439177172762267,41.545
HNF1A,T260M,260.0,P20823,1,96.12,94.56818181818181,8,5.5996046449687515,96.38374999999999
HNF1A,T285M,285.0,P20823,1,77.56000000000002,71.87909090909092,7,5.115763147229281,72.62142857142858
HNF1A,A251T,251.0,P20823,1,85.56,86.18727272727273,13,6.079576491147351,86.24307692307693
HNF1A,R220S,220.0,P20823,1,94.05999999999999,95.13000000000001,6,5.279170820319253,95.3
HNF1A,R229Q,229.0,P20823,1,96.44000000000001,95.88727272727273,12,5.542510638169264,96.19333333333333
HNF1A,E230K,230.0,P20823,1,96.5,95.9781818181818,10,5.485571997799813,96.15
HNF1A,P379L,379.0,P20823,1,52.02999999999999,43.91727272727273,4,5.136244544187699,48.0075
HNF1A,P379H,379.0,P20823,1,52.02999999999999,43.91727272727273,4,5.136244544187699,48.0075
HNF1A,K222Q,222.0,P20823,1,93.62,94.88000000000001,9,6.037053136818335,95.30444444444444
SHOT1,A488V,488.0,A0MZ66,1,60.220000000000006,61.55999999999999,7,5.3237300133180225,64.30857142857143
SHOT1,A488T,488.0,A0MZ66,1,60.220000000000006,61.55999999999999,7,5.3237300133180225,64.30857142857143
SHOT1,Q325H,325.0,A0MZ66,1,94.5,94.0109090909091,8,5.154692776464104,93.78
SHOT1,L262V,262.0,A0MZ66,1,73.0,70.10454545454546,7,5.008696189739513,73.57000000000001
KEAP1,R320Q,320.0,Q14145,1,85.88,73.88,9,5.9201469865657534,84.25777777777779
KEAP1,C613F,613.0,Q14145,1,82.12,79.30181818181819,10,5.903873654029697,81.345
KEAP1,M110L,110.0,Q14145,1,90.88,87.86454545454545,10,5.5145695717418475,86.1
FANCG,S171G,171.0,O15287,1,50.94,67.43454545454546,5,5.536924292830003,63.15
CRTC3,S72N,72.0,Q6UUV7,1,50.28,54.24909090909092,6,5.145368529127383,56.69833333333333
CRTC3,R70Q,70.0,Q6UUV7,1,57.529999999999994,57.651818181818186,7,5.209231125051274,58.145714285714284
TF7L2,P101S,101.0,Q9NQB0,1,52.19,48.06272727272728,4,5.343120782742891,44.8375
TF7L2,P99L,99.0,Q9NQB0,1,54.44,46.88999999999999,4,5.275724069027327,47.2575
TF7L2,V224I,224.0,Q9NQB0,1,50.96999999999999,44.11636363636364,6,5.877442629796179,41.64
TF7L2,F211L,211.0,Q9NQB0,1,37.90999999999999,41.87272727272727,4,5.436815122550901,45.4075
TF7L2,S138F,138.0,Q9NQB0,1,52.720000000000006,52.51636363636363,8,5.394904621495489,52.842499999999994
TF7L2,H311Y,311.0,Q9NQB0,1,44.06,49.11909090909091,4,5.690840643854449,50.897499999999994
TF7L2,H410N,410.0,Q9NQB0,1,95.25,94.22727272727273,10,5.4586401529596165,93.813
TF7L2,K346N,346.0,Q9NQB0,1,49.81,63.00818181818181,6,5.673668262068518,61.156666666666666
TF7L2,A419T,419.0,Q9NQB0,1,83.94,82.17636363636365,7,5.816816749687793,83.21428571428571
TF7L2,R404Q,404.0,Q9NQB0,1,97.55999999999999,96.7781818181818,8,5.148219936000846,96.75
TF7L2,P300L,300.0,Q9NQB0,1,50.31,48.58727272727273,4,5.426238365865318,50.18749999999999
LEF1,E29K,29.0,Q9UJU2,1,53.75,53.77363636363636,4,4.905787383792859,51.6025
LEF1,V178I,178.0,Q9UJU2,1,52.02999999999999,45.17181818181819,4,5.360850780242717,43.7225
REL,E90K,90.0,Q04864,1,96.81,93.7218181818182,11,5.95061125595712,96.32363636363635
BIRC3,Y338F,338.0,Q13489,1,63.80999999999998,65.71545454545453,8,5.540370205341159,67.5775
BIRC3,D497H,497.0,Q13489,1,90.5,91.59636363636363,10,5.6068773030700285,90.55
BIRC3,E47Q,47.0,Q13489,1,89.44,87.89272727272727,9,5.753229610172036,87.82555555555557
BIRC3,T470S,470.0,Q13489,1,94.93999999999998,94.26181818181819,7,5.36427073427985,94.47428571428573
BIRC3,S137C,137.0,Q13489,1,29.72,29.708181818181814,4,5.572495908336871,29.315
BIRC3,C588F,588.0,Q13489,1,84.25,82.69363636363636,13,6.022796321972739,81.55230769230768
BIRC3,E478Q,478.0,Q13489,1,90.81,92.02272727272727,9,5.3368544864674785,90.99888888888889
BIRC3,E84K,84.0,Q13489,1,90.06,89.44181818181818,7,4.9885453027396816,90.27428571428572
BIRC3,G503E,503.0,Q13489,1,90.88,92.61454545454545,10,5.716549448606974,91.31200000000001
BIRC3,L189V,189.0,Q13489,1,95.31,93.6081818181818,14,5.9334380806142395,93.38428571428572
FNBP1,E229K,229.0,Q96RU3,1,96.94,96.77272727272727,8,5.13504139063927,96.85125
MEN1,H204Y,204.0,O00255,1,81.5,86.01636363636362,4,5.100616073978507,82.3275
MEN1,M563I,563.0,O00255,1,93.12,93.97000000000001,7,5.531744366191751,93.98142857142855
MEN1,L36F,36.0,O00255,1,98.75,98.55818181818181,9,5.581470467599394,98.71666666666665
MEN1,L89R,89.0,O00255,1,98.25,98.02363636363636,11,5.773970314534095,98.29090909090907
MEN1,L272R,272.0,O00255,1,98.69000000000001,98.73818181818181,12,5.983494172379135,98.73833333333333
MEN1,S258L,258.0,O00255,1,97.56,97.80636363636364,9,5.436702277647715,97.87444444444444
MEN1,R108P,108.0,O00255,1,95.87999999999998,95.26636363636364,8,5.436043646762528,94.72625
MEN1,Q398E,398.0,O00255,1,33.81,48.16090909090909,4,5.0765009960816645,36.082499999999996
MEN1,P534A,534.0,O00255,1,39.81,39.835454545454546,4,4.831200996783052,38.97
MEN1,L605V,605.0,O00255,1,41.12,38.55727272727273,7,5.529497088859231,40.50428571428571
MEN1,R490Q,490.0,O00255,1,37.56,45.15909090909091,4,5.4517653648043805,44.015
MEN1,K562M,562.0,O00255,1,94.06,94.39636363636365,9,5.535046258329043,94.33999999999999
MEN1,C170Y,170.0,O00255,1,98.06,98.21090909090908,11,5.895499493215028,97.44818181818181
MEN1,D362H,362.0,O00255,1,97.5,97.42454545454547,8,5.140535644567873,97.49000000000001
MEN1,L570P,570.0,O00255,1,94.12,93.3627272727273,10,6.156346979229951,94.393
MEN1,V220M,220.0,O00255,1,98.55999999999997,97.88545454545452,13,6.306994523179069,97.74
MEN1,S606Y,606.0,O00255,1,43.78,38.263,7,5.874919439665123,38.825714285714284
MEN1,R485Q,485.0,O00255,1,44.81,42.32727272727273,4,5.341929206260724,43.197500000000005
MEN1,S601Y,601.0,O00255,1,40.59,40.78818181818181,8,5.725222053651658,40.56875
MEN1,L570Q,570.0,O00255,1,94.12,93.3627272727273,10,6.156346979229951,94.393
MEN1,K229I,229.0,O00255,1,98.69000000000001,98.57363636363635,9,5.903869143615274,98.76555555555557
MEN1,I365V,365.0,O00255,1,98.25,98.13545454545455,10,5.627354704607122,98.06800000000001
MEN1,G174A,174.0,O00255,1,98.88,98.34181818181818,15,6.280013433088514,98.43933333333335
MEN1,E200K,200.0,O00255,1,81.25,86.58545454545455,6,5.754070333885264,83.36333333333333
MEN1,E184K,184.0,O00255,1,98.88,97.5909090909091,14,5.894171826564446,98.68857142857142
MEN1,A289E,289.0,O00255,1,95.75,97.75636363636363,6,5.188207251408091,97.78166666666668
MEN1,A284E,284.0,O00255,1,98.75,98.29545454545455,13,5.51015235072056,98.52846153846153
MEN1,V352F,352.0,O00255,1,98.31,96.50545454545455,15,6.1359347995241755,97.39933333333332
MEN1,S606C,606.0,O00255,1,43.78,38.263,7,5.874919439665123,38.825714285714284
MEN1,T530I,530.0,O00255,1,36.25,39.18454545454545,4,5.166740476334575,37.885
MEN1,R319W,319.0,O00255,1,98.75,98.7218181818182,9,5.746840423053443,98.70111111111112
MEN1,P554A,554.0,O00255,1,96.62,95.85181818181817,9,6.329901065284369,97.04777777777778
MEN1,S183C,183.0,O00255,1,98.75,98.0,14,6.022016848994606,98.34000000000002
MEN1,S160F,160.0,O00255,1,98.81,98.44363636363636,11,5.643098064744763,98.59727272727272
MEN1,P494A,494.0,O00255,1,60.44,43.802727272727275,4,5.6352777350253636,44.295
MEN1,P549A,549.0,O00255,1,93.68999999999998,79.86636363636364,11,6.120932325739608,89.12818181818183
MEN1,S601C,601.0,O00255,1,40.59,40.78818181818181,8,5.725222053651658,40.56875
DDX5,D49Y,49.0,P17844,1,77.25,80.37636363636362,4,4.723960701334493,79.8925
DDX5,A66G,66.0,P17844,1,89.62,90.43181818181819,7,5.200632020530656,90.15142857142857
DDX5,E72K,72.0,P17844,1,91.81,92.10181818181816,8,5.1882753848781915,92.01625
DDX5,G141A,141.0,P17844,1,74.75,86.80727272727273,8,5.723070485347625,82.14125
LPP,C416Y,416.0,Q93052,1,93.0,87.05181818181819,14,5.646328914706752,90.8757142857143
LPP,G308R,308.0,Q93052,1,38.75,42.624545454545455,4,5.177850641660038,43.07
LPP,P4R,4.0,Q93052,1,54.84000000000002,43.78,4,5.096066534026766,41.6275
LPP,S151C,151.0,Q93052,1,47.81,41.92636363636364,4,5.390259705291891,45.66499999999999
LPP,S85C,85.0,Q93052,1,47.19,48.42272727272727,4,5.319183554468167,43.9675
KAT7,R44C,44.0,O95251,1,42.19,38.40727272727272,6,5.643567174754239,49.07833333333334
KAT7,P170S,170.0,O95251,1,36.839999999999996,34.11181818181819,4,5.211238916101337,34.3125
KAT7,S45F,45.0,O95251,1,40.97,37.601818181818174,5,4.927723742932462,39.82
GDS1,Q601L,601.0,P52306,1,91.81,88.83181818181818,8,5.189364971510526,90.5
RPN1,Y387C,387.0,P04843,1,91.55999999999999,94.25727272727272,4,4.89507705634256,93.14
PPM1D,S54L,54.0,O15297,1,52.06,50.122727272727275,4,5.332301380613876,50.81000000000001
PPM1D,F283L,283.0,O15297,1,88.12,93.78909090909089,6,5.367306974699415,92.81333333333333
PPM1D,R93H,93.0,O15297,1,46.68999999999999,55.371818181818185,4,4.854794942063974,45.43
NF2L2,G31E,31.0,Q16236,1,64.5,69.53363636363638,6,5.210253956173838,70.30166666666666
NF2L2,S137L,137.0,Q16236,1,31.670000000000005,35.369090909090914,4,5.416996242641006,34.56
COE1,R129H,129.0,Q9UH73,1,98.0,97.52818181818184,13,6.0302598858656316,97.40461538461538
2AAA,R183W,183.0,P30153,1,97.69000000000001,97.60909090909091,11,5.428254812958823,97.64272727272729
2AAA,S256F,256.0,P30153,1,98.06,97.97000000000001,7,5.339796520754713,97.99857142857141
2AAA,D440H,440.0,P30153,1,94.0,92.72636363636364,9,5.489784961918023,93.02000000000001
2AAA,D8E,8.0,P30153,1,54.22,58.28181818181818,5,5.124159926806689,63.00599999999999
2AAA,E118D,118.0,P30153,1,97.12,97.39181818181818,10,6.0024238098519245,97.024
2AAA,E297D,297.0,P30153,1,98.31,98.35545454545453,8,5.5857807314332595,98.46625
IF2B2,S38Y,38.0,Q9Y6M1,1,79.56,84.95454545454547,7,5.930076711114479,84.83142857142857
IF2B2,A41S,41.0,Q9Y6M1,1,89.62,85.09727272727274,12,5.7718056124949255,86.75083333333335
MERL,Q125H,125.0,P35240,1,98.44,98.12545454545453,10,5.184007313127491,97.98799999999999
MERL,S156R,156.0,P35240,1,94.19,93.95545454545454,5,5.179029939840096,93.45
MERL,E182Q,182.0,P35240,1,94.69,95.52363636363636,8,5.494814034786014,94.7125
MERL,E404K,404.0,P35240,1,87.31,85.43,8,5.136095048223742,85.96625
MERL,D201N,201.0,P35240,1,96.62,95.98909090909092,10,5.8369370518664185,97.45599999999999
MERL,E215D,215.0,P35240,1,93.12,95.6309090909091,10,5.910945941438699,90.881
MERL,R200W,200.0,P35240,1,96.80999999999999,95.70454545454545,10,5.584696844260925,96.83099999999999
MERL,I273F,273.0,P35240,1,91.69,89.88636363636364,12,5.874456920541971,91.83916666666666
MERL,H195P,195.0,P35240,1,94.75,94.93363636363637,12,6.271106739272579,95.87166666666667
MERL,E564Q,564.0,P35240,1,89.06,85.66999999999999,8,5.183689873518087,86.35875
MERL,E555K,555.0,P35240,1,94.44,94.29636363636364,9,5.7322684635446715,94.47333333333333
MERL,E386K,386.0,P35240,1,93.38,92.20454545454544,8,5.2185488079233835,92.38875
MERL,E372K,372.0,P35240,1,93.25,91.88636363636364,8,5.144722366636783,92.08625
MERL,E355K,355.0,P35240,1,93.44,92.14818181818181,8,5.15369541070057,92.2425
MERL,E463K,463.0,P35240,1,92.62,91.5909090909091,8,5.117661488173812,91.7425
PTN11,E69K,69.0,Q06124,1,92.62,92.06363636363636,9,6.349929493074056,92.00111111111111
PTN11,E69D,69.0,Q06124,1,92.62,92.06363636363636,9,6.349929493074056,92.00111111111111
PTN11,A72T,72.0,Q06124,1,96.0,92.56272727272727,14,6.218420505141421,95.70071428571428
PTN11,W6C,6.0,Q06124,1,91.55999999999997,81.64181818181818,12,5.583815126464173,89.58333333333333
PTN11,V14M,14.0,Q06124,1,96.38,92.93818181818182,6,4.987568940201552,95.67666666666666
PTN11,T73S,73.0,Q06124,1,94.68999999999998,93.78363636363635,12,6.020993353285675,94.48916666666666
PTN11,N58S,58.0,Q06124,1,91.19,92.67818181818183,13,6.07819203150221,92.58307692307692
PTN11,D146Y,146.0,Q06124,1,92.5,90.52818181818182,11,5.540344080634506,90.44909090909091
PTN11,I56F,56.0,Q06124,1,95.94,92.71727272727274,12,5.561675711730801,94.10166666666669
PTN11,G13D,13.0,Q06124,1,94.38,92.64818181818181,7,5.6178302144114545,94.01857142857143
PTN11,E76K,76.0,Q06124,1,93.5,94.28454545454544,10,5.55001853467107,93.91299999999998
PTN11,A72V,72.0,Q06124,1,96.0,92.56272727272727,14,6.218420505141421,95.70071428571428
PTN11,F285S,285.0,Q06124,1,98.55999999999999,98.06090909090909,13,5.8162884300413245,97.84538461538463
PTN11,N308S,308.0,Q06124,1,98.88,95.56818181818181,14,5.676273568708579,98.63928571428573
PTN11,R220H,220.0,Q06124,1,85.12,83.9718181818182,9,5.721120776138396,84.85444444444444
PTN6,T216A,216.0,P29350,1,90.68999999999998,91.59727272727272,10,6.2866457378869445,93.00699999999999
PTN6,G243S,243.0,P29350,1,87.19,76.50454545454544,11,5.623276905765433,85.2390909090909
ESR1,K303R,303.0,P03372,1,53.41,57.91181818181819,4,4.817709073695715,52.865
ESR1,D538G,538.0,P03372,1,93.5,92.04454545454546,6,5.152074854877754,93.25999999999999
ESR1,Y537S,537.0,P03372,1,92.5,91.7609090909091,9,5.948637429700534,93.91555555555556
ESR1,E380Q,380.0,P03372,1,93.0,93.85818181818182,10,5.524763573353907,91.207
ESR1,Y537C,537.0,P03372,1,92.5,91.7609090909091,9,5.948637429700534,93.91555555555556
ESR1,Y537N,537.0,P03372,1,92.5,91.7609090909091,9,5.948637429700534,93.91555555555556
ESR1,L536H,536.0,P03372,1,90.19,91.58454545454546,8,5.865343455041019,92.39625000000001
ESR1,L536P,536.0,P03372,1,90.19,91.58454545454546,8,5.865343455041019,92.39625000000001
ESR1,S463P,463.0,P03372,1,41.62,48.30272727272727,7,5.880300249653916,46.901428571428575
ESR1,L536R,536.0,P03372,1,90.19,91.58454545454546,8,5.865343455041019,92.39625000000001
ESR1,A546D,546.0,P03372,1,87.0,78.21363636363637,9,5.39618937249168,80.55000000000001
ESR1,V418E,418.0,P03372,1,92.12,90.6709090909091,11,6.041957430591523,91.18272727272728
ESR1,V478L,478.0,P03372,1,93.06000000000002,91.54636363636362,12,5.779079532419199,91.74083333333333
ESR1,S329Y,329.0,P03372,1,96.44,94.88727272727273,12,6.2567333351091285,96.63
ESR1,K481N,481.0,P03372,1,96.38,95.25090909090909,9,5.272859654510061,95.16777777777776
ESR1,L536Q,536.0,P03372,1,90.19,91.58454545454546,8,5.865343455041019,92.39625000000001
ESR1,P147Q,147.0,P03372,1,39.46999999999999,37.55090909090909,4,5.385792770654219,39.97
ESR1,H524L,524.0,P03372,1,94.05999999999999,93.55454545454545,10,5.561998553171508,93.242
ESR1,F461V,461.0,P03372,1,45.40999999999999,51.61818181818182,9,6.04947290372223,50.43888888888889
ESR1,G160D,160.0,P03372,1,35.25,40.80909090909091,4,5.2402298096397,40.1225
ESR1,G442R,442.0,P03372,1,97.56,97.47727272727273,7,5.613782444978537,98.05285714285715
ESR1,E542G,542.0,P03372,1,93.69,91.46,9,5.519691462133071,86.27333333333334
ESR1,K252N,252.0,P03372,1,76.5,73.81727272727274,6,5.820803643634654,81.955
ESR1,L540Q,540.0,P03372,1,95.12,92.67000000000002,12,5.850080071474896,94.56833333333333
ESR1,M421V,421.0,P03372,1,92.69,92.98363636363638,10,5.657766920132823,92.05699999999999
ESR1,E471D,471.0,P03372,1,64.81,67.98636363636365,8,5.41708671787773,73.10624999999999
ESR1,L370F,370.0,P03372,1,88.19,90.53545454545453,9,5.748744003902627,87.75777777777778
ESR1,L466Q,466.0,P03372,1,46.44,50.67818181818182,7,5.67031256454929,48.368571428571435
ESR1,G344D,344.0,P03372,1,94.25,94.89181818181818,10,5.451224121029617,93.53
ESR1,Y537H,537.0,P03372,1,92.5,91.7609090909091,9,5.948637429700534,93.91555555555556
ESR1,Y537D,537.0,P03372,1,92.5,91.7609090909091,9,5.948637429700534,93.91555555555556
ESR1,N532K,532.0,P03372,1,91.19,90.62454545454544,7,5.2068466427003965,90.11428571428573
ESR1,Q17H,17.0,P03372,1,43.38,39.16545454545455,7,5.088630571620174,39.98285714285714
ESR1,A58T,58.0,P03372,1,33.56,31.85,4,5.389106164851816,30.6475
ESR1,A65V,65.0,P03372,1,35.28,33.47909090909091,4,5.446388653180694,34.6875
ESR1,N69K,69.0,P03372,1,36.5,35.349090909090904,4,5.3225669226756,34.3975
ESR1,F97L,97.0,P03372,1,36.44,36.88636363636363,4,5.268681962429656,36.6
ESR1,G145D,145.0,P03372,1,43.78,38.33454545454545,4,5.138256689517908,39.2575
ESR1,S47T,47.0,P03372,1,27.329999999999995,30.94818181818182,4,5.435313041612214,31.305
ESR1,M396V,396.0,P03372,1,97.19,97.17000000000002,11,5.651532558686194,97.42000000000002
ESR1,M388L,388.0,P03372,1,98.31,98.15272727272728,12,5.868141608277933,97.79583333333335
ESR1,L549P,549.0,P03372,1,55.88,62.21909090909091,6,5.214248377829252,71.56833333333333
ESR1,N156T,156.0,P03372,1,39.38,38.61909090909091,4,5.27291368564225,39.8675
ESR1,M522I,522.0,P03372,1,94.31,94.45818181818181,10,5.58068792825331,94.68499999999999
ESR1,M437I,437.0,P03372,1,96.31,97.09636363636363,6,5.004128762147289,96.90666666666668
ESR1,L497R,497.0,P03372,1,96.06,96.64181818181818,7,5.576136213886069,96.86571428571429
ESR1,K299R,299.0,P03372,1,33.12,40.93272727272728,4,4.8041822549164745,37.555
ESR1,K531E,531.0,P03372,1,91.75,90.63545454545455,6,4.979734997002484,90.96833333333332
ESR1,L453F,453.0,P03372,1,95.94,87.5781818181818,13,5.996488906447466,94.11076923076924
ESR1,S576L,576.0,P03372,1,40.22,37.21818181818181,4,5.267794877449074,38.9375
ESR1,V422A,422.0,P03372,1,93.56000000000002,93.7218181818182,11,5.783489060567177,92.30272727272728
ESR1,N407I,407.0,P03372,1,96.5,96.58000000000001,7,5.616729628354862,96.75857142857141
ESR1,R233G,233.0,P03372,1,94.25,95.6490909090909,9,5.632665516095752,95.73777777777778
ESR1,P222S,222.0,P03372,1,91.88,89.96727272727274,6,6.098487769346104,92.41833333333334
ESR1,R477Q,477.0,P03372,1,92.38,89.06363636363636,9,5.382067789229791,90.18888888888888
ESR1,R503W,503.0,P03372,1,97.44000000000001,96.86454545454545,8,5.124998301605328,96.95375
ESR1,S338G,338.0,P03372,1,92.12,91.90363636363637,8,5.570006698072467,91.99875
ESR1,S282C,282.0,P03372,1,41.94,39.900000000000006,4,5.527538437758581,39.2725
ESR1,R555H,555.0,P03372,1,36.529999999999994,37.149090909090916,4,4.8128288711042835,32.1125
ESR1,A283V,283.0,P03372,1,37.59,39.692727272727275,4,5.441049449656341,39.79
ESR1,G420D,420.0,P03372,1,89.75,91.71090909090908,8,6.09086213968587,92.94624999999999
ESR1,G274R,274.0,P03372,1,40.84,39.61272727272728,4,5.373636394935204,42.9225
ESR1,D411H,411.0,P03372,1,94.38,93.1309090909091,9,5.4707194680838915,93.39
ESR1,A593D,593.0,P03372,1,40.81,41.7425,4,5.332583115603809,43.47
ESR1,A546T,546.0,P03372,1,87.0,78.21363636363637,9,5.39618937249168,80.55000000000001
ESR1,E523Q,523.0,P03372,1,93.62,93.99181818181818,8,5.225863234920886,94.1075
ESR1,E471V,471.0,P03372,1,64.81,67.98636363636365,8,5.41708671787773,73.10624999999999
A1CF,R236I,236.0,Q9NQ94,1,92.80999999999999,92.5181818181818,10,5.465462943035581,93.544
A1CF,G128E,128.0,Q9NQ94,1,91.12,88.02727272727273,12,5.914200930763866,87.77666666666669
A1CF,A195V,195.0,Q9NQ94,1,93.44,89.88181818181818,10,5.370071986681004,91.15
A1CF,C130Y,130.0,Q9NQ94,1,89.31,87.15818181818182,9,5.72879484595207,91.19444444444444
A1CF,E108K,108.0,Q9NQ94,1,93.62,92.76727272727273,13,5.845382713858322,92.5153846153846
A1CF,V164A,164.0,Q9NQ94,1,94.38,92.9490909090909,8,5.694938226734813,94.27250000000001
A1CF,Y119N,119.0,Q9NQ94,1,91.0,90.12545454545453,9,5.517305814261868,91.63222222222221
A1CF,G472A,472.0,Q9NQ94,1,77.56,83.60818181818182,8,5.335194519419943,82.96875
A1CF,G410A,410.0,Q9NQ94,1,33.66,33.085454545454546,4,5.564466116771272,33.375
A1CF,D424E,424.0,Q9NQ94,1,35.03,34.85272727272727,4,5.15683936982931,35.910000000000004
A1CF,D416E,416.0,Q9NQ94,1,29.97,31.539090909090906,4,5.416303769988717,31.9925
FIP1,G111E,111.0,Q6UN15,1,45.56,46.91090909090909,4,5.126697016660893,45.865
FIP1,S279C,279.0,Q6UN15,1,45.44,41.37,4,5.319140020710157,42.9225
EZRI,P472L,472.0,P15311,1,36.22,36.95272727272727,4,5.465853766868465,35.945
EZRI,K380N,380.0,P15311,1,83.12,82.38545454545455,8,5.155525260605612,82.1325
EZRI,I260V,260.0,P15311,1,92.12,95.05,8,5.482715133464144,93.545
EZRI,S249F,249.0,P15311,1,95.31,94.76727272727273,11,5.8421285483385645,90.86272727272727
IKZF1,G128R,128.0,Q13422,1,79.06,78.60272727272728,8,5.39223627018894,78.3275
IKZF1,N93H,93.0,Q13422,1,42.16,38.346363636363634,4,4.733708963892681,37.93
IKZF1,E300Q,300.0,Q13422,1,52.41,52.05909090909092,7,5.250125394021637,53.368571428571435
IKZF1,C150Y,150.0,Q13422,1,69.5,71.28545454545456,5,4.981730296039537,70.05199999999999
IKZF1,A187T,187.0,Q13422,1,65.88,64.96636363636362,9,5.46418600832095,65.28444444444445
IKZF1,E170D,170.0,Q13422,1,56.940000000000005,62.86454545454546,6,5.619938014959608,61.125
IKZF1,E387Q,387.0,Q13422,1,31.059999999999995,30.86727272727273,4,5.239221296864251,30.005000000000003
IKZF1,D473N,473.0,Q13422,1,78.56,77.91363636363637,8,5.63447425068441,78.6625
IKZF1,D86H,86.0,Q13422,1,34.47,38.657272727272726,8,5.709470039530647,39.5325
IKZF1,E356D,356.0,Q13422,1,25.8,28.38181818181818,4,5.342240229785353,30.209999999999994
IKZF1,S258I,258.0,Q13422,1,46.78,43.53090909090909,7,5.310894913985072,43.43714285714286
IKZF1,I164N,164.0,Q13422,1,68.81,66.90727272727273,9,5.507575867690342,67.81666666666666
IKZF1,C178S,178.0,Q13422,1,61.19,63.108181818181826,5,4.917829749798214,63.158
IKZF1,A268E,268.0,Q13422,1,49.41,48.57636363636364,8,5.2284850926946005,48.515
IKZF1,D367E,367.0,Q13422,1,26.42,28.915454545454544,4,5.299371484611032,30.490000000000002
IKZF1,M230L,230.0,Q13422,1,36.88,41.50363636363636,6,5.344129823963304,43.68166666666667
IKZF1,L411H,411.0,Q13422,1,27.3,28.837272727272726,4,4.874605933062745,28.22
IKZF1,E401D,401.0,Q13422,1,31.779999999999998,31.794545454545457,4,4.810267465028696,32.6475
IKZF1,E443D,443.0,Q13422,1,31.91,35.25181818181818,5,5.611700672277089,32.486000000000004
IKZF1,E465K,465.0,Q13422,1,73.31,75.73818181818183,6,5.489898010379382,74.615
IKZF1,E339K,339.0,Q13422,1,27.78,32.621818181818185,4,5.234120384347878,33.1325
IKZF1,S345I,345.0,Q13422,1,27.5,30.10272727272727,4,4.948787658917673,29.8225
IKZF1,T291M,291.0,Q13422,1,40.81,36.404545454545456,4,5.293415741186239,32.9425
IKZF1,R208L,208.0,Q13422,1,58.30999999999999,60.711818181818174,8,5.628475434862765,59.0075
IKZF1,A181E,181.0,Q13422,1,61.84000000000001,63.1709090909091,10,5.73090186825795,63.794000000000004
IKZF1,D290N,290.0,Q13422,1,29.11,34.91545454545455,4,5.35712607804322,36.07
IKZF1,E300K,300.0,Q13422,1,52.41,52.05909090909092,7,5.250125394021637,53.368571428571435
IKZF3,T13I,13.0,Q9UKT9,1,26.16,30.090909090909086,4,5.384072243383624,30.415000000000003
IKZF3,A20S,20.0,Q9UKT9,1,24.33,27.83727272727273,4,5.31878646791996,29.83
IKZF3,R138Q,138.0,Q9UKT9,1,90.62,87.57999999999998,11,5.463068825095079,87.41000000000001
IKZF3,E63K,63.0,Q9UKT9,1,24.64,28.14727272727272,4,5.218515734582037,27.1325
IKZF3,A188V,188.0,Q9UKT9,1,83.31,80.46545454545456,9,5.481530961899736,81.29111111111109
FLCN,Q31E,31.0,Q8NFG4,1,31.09,41.67636363636364,5,5.417449922042339,38.05800000000001
FLCN,E132K,132.0,Q8NFG4,1,89.0,88.84636363636365,9,5.979748849482575,92.70222222222223
FLCN,E209A,209.0,Q8NFG4,1,94.31,91.34,8,5.152551686715982,92.0625
ZN384,A327T,327.0,Q8TF68,1,78.38,81.9718181818182,11,6.503721301595228,75.24272727272727
ZN384,F12L,12.0,Q8TF68,1,32.62,37.306363636363635,4,4.995073470232223,38.6875
ZN384,E290D,290.0,Q8TF68,1,82.0,83.70363636363636,7,6.03756330295717,83.16857142857144
TBL1R,I34V,34.0,Q9BZK7,1,91.25,91.20454545454544,12,6.045842373548386,92.52999999999999
SH2B3,M317T,317.0,Q9UQQ2,1,33.12,32.652727272727276,4,5.277162770988032,33.3275
TFE3,E572K,572.0,P19532,1,62.16,58.61888888888888,4,5.124272078966068,62.195
TGFR2,N435S,435.0,P37173,1,85.88,87.51181818181819,7,5.610646286036279,86.39285714285714
5NTC,S4F,4.0,P49902,1,71.5,61.31222222222222,6,5.093496388459509,61.86333333333334
FANCC,E178K,178.0,Q00597,1,79.12,75.34818181818183,7,5.359406171130752,80.88285714285715
FANCC,E62Q,62.0,Q00597,1,82.94,83.23272727272729,7,5.208087417518132,82.88285714285715
FANCC,D84G,84.0,Q00597,1,67.38,76.35909090909091,7,5.442145710345684,76.15142857142857
FANCC,R179G,179.0,Q00597,1,79.25,78.44181818181818,8,5.165419502229955,79.32625
FANCC,R174Q,174.0,Q00597,1,62.75,62.297272727272734,10,6.174123003495969,63.747
FANCC,K73R,73.0,Q00597,1,91.0,87.47636363636364,11,5.623306075095812,87.02818181818182
FANCC,G168E,168.0,Q00597,1,47.72,52.1409090909091,6,5.825097131027701,51.29500000000001
FANCC,I89N,89.0,Q00597,1,85.88,83.0409090909091,12,5.7716741017052895,86.37583333333335
FANCC,S540N,540.0,Q00597,1,77.81,80.1309090909091,6,5.122567708832951,80.165
FANCC,D381N,381.0,Q00597,1,73.38,69.70727272727272,7,5.336380064577667,78.52714285714286
FANCC,D7Y,7.0,Q00597,1,69.38,66.2009090909091,8,5.349589659968585,65.93125
FANCC,V200G,200.0,Q00597,1,92.88,90.11454545454545,10,5.60004334953072,89.43199999999999
FANCC,T420P,420.0,Q00597,1,92.0,86.88545454545455,6,5.158726585861498,91.15499999999999
FANCC,R361W,361.0,Q00597,1,79.75,84.75545454545454,5,4.967942378658686,84.762
FANCC,I80F,80.0,Q00597,1,81.19,76.46090909090911,13,6.12857168417538,78.9176923076923
FANCC,F395L,395.0,Q00597,1,93.80999999999999,91.5,9,5.482205803467812,92.27222222222223
PERF,K161N,161.0,P14222,1,94.88,93.41545454545454,11,5.724007446158229,93.4718181818182
ASPC1,L252Q,252.0,Q9BZE9,1,39.59,39.82363636363637,4,5.13690666293733,40.9525
ASPC1,V35A,35.0,Q9BZE9,1,91.43999999999998,90.2,11,5.813073729024731,90.10818181818182
ASPC1,S62Y,62.0,Q9BZE9,1,83.94,87.54545454545455,11,5.825967000259239,86.28999999999999
SMAD4,Q256L,256.0,Q13485,1,34.06,33.56000000000001,4,5.350706925411839,34.8525
SMAD4,V350G,350.0,Q13485,1,98.75,98.11272727272727,13,6.049693642872043,98.55384615384615
SMAD4,E330K,330.0,Q13485,1,98.56,98.30090909090909,14,6.0667880613571175,98.18285714285712
SMAD4,A118V,118.0,Q13485,1,96.19,94.90272727272728,12,5.8618610404415605,95.69166666666666
SMAD4,A454V,454.0,Q13485,1,82.75,83.87454545454544,10,5.348072554292768,80.29400000000001
SMAD4,G508D,508.0,Q13485,1,96.56,95.58545454545455,14,6.689622011257566,97.22857142857144
SMAD4,K428N,428.0,Q13485,1,98.31,94.38090909090907,13,5.76730722246565,96.49538461538462
SMAD4,R361L,361.0,Q13485,1,98.44000000000001,95.9509090909091,10,5.640220297911968,96.477
SMAD4,R361H,361.0,Q13485,1,98.44000000000001,95.9509090909091,10,5.640220297911968,96.477
SMAD4,G386D,386.0,Q13485,1,98.5,98.4090909090909,13,5.627016630863057,98.50076923076925
SMAD4,A459T,459.0,Q13485,1,78.56,77.67,9,5.36029377750178,75.1211111111111
SMAD4,C363R,363.0,Q13485,1,98.38,96.76272727272726,13,5.723598250766892,97.18769230769232
SMAD4,G510E,510.0,Q13485,1,91.94,95.05181818181819,13,6.195626575938255,92.81769230769231
SMAD4,R361C,361.0,Q13485,1,98.44000000000001,95.9509090909091,10,5.640220297911968,96.477
SMAD4,W524C,524.0,Q13485,1,98.80999999999997,98.42545454545456,14,6.039091485930312,98.47285714285714
SMAD4,H541Y,541.0,Q13485,1,87.30999999999999,81.66545454545455,7,5.4186903723276645,84.86714285714285
SMAD4,Q249P,249.0,Q13485,1,37.31,36.16,4,5.462943338439719,35.8075
SMAD4,H132Y,132.0,Q13485,1,97.30999999999999,93.56818181818181,13,6.244976808442191,96.15384615384616
SMAD4,L109R,109.0,Q13485,1,92.62,90.34090909090911,10,5.719608601746698,91.36300000000001
SMAD4,S5C,5.0,Q13485,1,35.03,49.665000000000006,4,4.915798617308167,41.335
MUTYH,G35V,35.0,Q9UIF7,1,31.36,34.84454545454546,4,5.0454243727292,34.64
MUTYH,N42I,42.0,Q9UIF7,1,31.59,34.909090909090914,4,5.113704306213394,35.61
MUTYH,P48S,48.0,Q9UIF7,1,37.44,35.418181818181814,4,5.33263847663015,34.875
CHK2,H13N,13.0,O96017,1,38.720000000000006,34.656363636363636,4,5.090983389808617,34.26
CHK2,E188K,188.0,O96017,1,96.69,93.24363636363637,12,5.833432295615915,95.19416666666667
CHK2,R3Q,3.0,O96017,1,34.470000000000006,38.463750000000005,4,5.349252818368565,38.3
CHK2,E239K,239.0,O96017,1,85.56,85.65454545454546,12,5.585081777454588,85.75083333333333
CHK2,V198L,198.0,O96017,1,97.06000000000002,94.81363636363636,12,5.908123346901452,95.87583333333333
CHK2,W93S,93.0,O96017,1,90.94000000000003,88.50090909090909,10,5.8310985757299,89.90700000000001
CHK2,D77H,77.0,O96017,1,45.47,42.44454545454546,4,5.152758819634553,42.365
CHK2,R3W,3.0,O96017,1,34.470000000000006,38.463750000000005,4,5.349252818368565,38.3
CHK2,L96I,96.0,O96017,1,97.25,92.56272727272727,12,5.683912247756184,95.70916666666666
CHK2,P21S,21.0,O96017,1,45.31,34.74090909090909,4,5.153612440236852,33.557500000000005
CHK2,L191V,191.0,O96017,1,97.62,95.21000000000002,13,6.034903554073082,96.4423076923077
CHK2,R145W,145.0,O96017,1,98.05999999999999,94.66909090909093,12,5.792362087327445,97.61916666666667
CHK2,M381I,381.0,O96017,1,48.47,51.53181818181818,8,5.2149514339318985,51.067499999999995
CHK2,E457K,457.0,O96017,1,97.81,97.16,6,5.168072667121831,97.92833333333333
CHK2,I157T,157.0,O96017,1,80.69,80.80727272727273,10,5.870923088253846,84.28699999999999
CHK2,F310C,310.0,O96017,1,92.38,90.53363636363635,9,5.244919267375102,92.22111111111113
CHK2,E308Q,308.0,O96017,1,93.62,92.28999999999999,12,5.7096420988838545,93.56833333333333
CHK2,D203E,203.0,O96017,1,86.81,83.8290909090909,12,5.858218013077696,87.33833333333335
CHK2,I276N,276.0,O96017,1,80.44,82.34636363636363,8,5.341507837330306,82.5075
CHK2,S379F,379.0,O96017,1,52.40999999999999,51.86363636363637,10,5.297140792761345,52.425
CHK2,R382T,382.0,O96017,1,56.34000000000001,52.73636363636363,8,5.040767621166233,51.56375
CHK2,S379C,379.0,O96017,1,52.40999999999999,51.86363636363637,10,5.297140792761345,52.425
CHK2,R346C,346.0,O96017,1,85.25,88.31363636363636,9,6.111287363152227,82.66555555555556
CHK2,G414E,414.0,O96017,1,98.19,96.76636363636364,13,5.589677712734273,97.56769230769231
CHK2,G414R,414.0,O96017,1,98.19,96.76636363636364,13,5.589677712734273,97.56769230769231
CHK2,H345R,345.0,O96017,1,88.25,88.44999999999999,13,6.320642785331999,81.22307692307692
CHK2,L396V,396.0,O96017,1,79.12,72.87272727272726,10,6.128586690989004,80.035
CHK2,Q433E,433.0,O96017,1,84.25,85.94909090909091,5,5.741921503898239,84.612
CHK2,K492N,492.0,O96017,1,98.31,98.01181818181819,9,5.477642584795636,98.08333333333333
IL21R,P187L,187.0,Q9HBE5,1,93.56000000000002,94.68181818181819,8,5.712471645496832,94.25125
IL21R,D53N,53.0,Q9HBE5,1,90.44,90.45454545454544,8,5.6335306502924345,88.75625
IL21R,A168V,168.0,Q9HBE5,1,92.31,93.33454545454546,4,4.845047492257702,91.28
IL21R,A7V,7.0,Q9HBE5,1,61.40999999999999,57.55636363636365,7,5.333165207773056,58.30285714285715
IL21R,E108Q,108.0,Q9HBE5,1,93.31,90.6009090909091,10,5.931201798950564,92.44399999999999
IL21R,E61K,61.0,Q9HBE5,1,87.94,89.38545454545455,5,4.8720669008650646,87.612
IL21R,K256N,256.0,Q9HBE5,1,66.94,69.07090909090908,7,5.127664147299553,70.27142857142857
IL21R,R139H,139.0,Q9HBE5,1,97.30999999999999,96.39181818181818,10,5.927383224459146,97.085
IL21R,V374L,374.0,Q9HBE5,1,31.610000000000007,36.95181818181818,4,5.26985673250568,37.1875
IL21R,A115T,115.0,Q9HBE5,1,97.5,97.47636363636362,11,5.657699759867984,97.03363636363638
ACV1B,S419F,419.0,P36896,1,90.38,93.48272727272727,9,5.907048507870659,92.61666666666666
ACV1B,G407R,407.0,P36896,1,98.81,98.80727272727272,13,5.627489332702161,98.65384615384616
ACV1B,D268E,268.0,P36896,1,92.62,90.60636363636365,13,6.002862427547955,86.70153846153845
ACV1B,D163N,163.0,P36896,1,45.72,46.42818181818182,7,5.5933411298538465,47.71714285714285
ACV1B,E63D,63.0,P36896,1,76.5,78.51636363636364,9,5.868709849708541,76.0
ACV1B,R201H,201.0,P36896,1,67.88,74.03181818181818,11,6.002273008185953,79.2590909090909
ACV1B,P134L,134.0,P36896,1,86.88,84.44909090909091,8,5.390254939896768,84.8275
ACV1B,V125G,125.0,P36896,1,65.88,60.307272727272725,6,5.0739160981337745,66.08833333333332
ACV1B,I141L,141.0,P36896,1,93.5,92.14272727272727,8,5.131250980000854,92.2975
ACV1B,H64Y,64.0,P36896,1,80.30999999999999,80.30636363636363,8,5.631105767531533,79.28875
ACV1B,V203M,203.0,P36896,1,84.0,79.04363636363637,10,5.703224660943819,81.67300000000002
ACV1B,T300A,300.0,P36896,1,96.5,97.01,9,5.442468569799613,96.02666666666667
ACV1B,M304I,304.0,P36896,1,98.12,97.41363636363636,12,5.514954001097368,97.44166666666668
ACV1B,A311T,311.0,P36896,1,98.75,98.60272727272728,14,5.890646547306453,98.60214285714285
ACV1B,A352P,352.0,P36896,1,97.12,96.32909090909092,9,5.476640985503507,97.61111111111111
ACV1B,D396V,396.0,P36896,1,95.56,94.44272727272727,6,4.917685612122837,95.73
ACV1B,E412D,412.0,P36896,1,98.75,98.48272727272727,14,6.136119952179876,98.44214285714284
ACVR1,S290L,290.0,Q04771,1,97.75,97.36454545454544,12,5.428295599938387,97.82333333333332
ACVR1,I262M,262.0,Q04771,1,98.06,94.5409090909091,11,5.521048023565186,96.11363636363636
ACVR1,R224S,224.0,Q04771,1,97.69000000000001,91.79,14,5.854453214024241,96.17
ACVR1,E45K,45.0,Q04771,1,83.12,82.39181818181818,7,5.537528864185246,84.16
ACVR1,V65I,65.0,Q04771,1,88.18999999999998,87.11909090909093,8,5.514394907353244,87.68
ACVR1,N100D,100.0,Q04771,1,93.31,90.52909090909091,14,5.982497091791783,92.09857142857143
BMR1A,D90N,90.0,P36894,1,78.56,84.60818181818182,6,5.972880367713258,79.55166666666666
BMR1A,R284C,284.0,P36894,1,93.80999999999999,95.26181818181819,11,6.4058927088172615,93.58545454545455
CDC73,P72L,72.0,Q6P1J9,1,93.75,92.87818181818182,6,5.095971234046612,93.65333333333332
CDC73,R91Q,91.0,Q6P1J9,1,92.44000000000001,92.5109090909091,9,5.423952463522862,92.5411111111111
CDC73,V179L,179.0,Q6P1J9,1,75.62,71.52454545454545,7,5.598315920514271,72.34714285714286
CDC73,S178L,178.0,Q6P1J9,1,78.19,68.37363636363635,8,5.875154694951197,67.8925
CDC73,R234Q,234.0,Q6P1J9,1,77.88,69.19,5,5.208852287647531,70.962
CDC73,Q166E,166.0,Q6P1J9,1,41.38,46.93,5,5.389550568026399,48.338
CDC73,Q119P,119.0,Q6P1J9,1,51.25,49.01090909090909,7,5.314048574532602,66.1542857142857
CDC73,I189F,189.0,Q6P1J9,1,78.94,78.60181818181819,8,5.183043856453557,79.5925
CDC73,I185M,185.0,Q6P1J9,1,80.56,80.52090909090909,8,5.184966919648955,81.24875
SMRD1,Q229H,229.0,Q96GM5,1,57.88000000000001,69.53181818181818,4,5.1264966736810305,66.9675
SMRD1,L133V,133.0,Q96GM5,1,84.69,77.40545454545453,10,6.48837085576547,83.156
SMRD1,K232R,232.0,Q96GM5,1,92.38,81.03999999999999,10,5.646445068494068,91.125
SMRD1,C339R,339.0,Q96GM5,1,94.25,94.21454545454547,12,5.816114239514337,94.12333333333335
SMRD1,P12S,12.0,Q96GM5,1,40.56,38.059999999999995,4,5.083935040690263,38.0375
PSIP1,W82C,82.0,O75475,1,96.94000000000003,96.63545454545452,9,5.482500075024786,96.49222222222221
PSIP1,Q295E,295.0,O75475,1,46.44,46.58636363636364,4,5.111579952525407,45.3625
PSIP1,E109Q,109.0,O75475,1,44.53,40.42909090909091,4,5.124607867551816,40.57
MITF,T254M,254.0,O75030,1,46.25,44.02909090909091,4,4.917122803610141,44.9925
MITF,E234Q,234.0,O75030,1,72.75,71.8509090909091,8,5.201200054953124,71.35875
MITF,R217Q,217.0,O75030,1,47.81000000000001,48.28636363636363,7,5.354192318691749,49.441428571428574
MITF,T105P,105.0,O75030,1,36.839999999999996,37.26909090909091,6,6.109918780154533,37.016666666666666
MITF,S51F,51.0,O75030,1,51.56,55.5609090909091,6,5.381044750993106,56.37166666666667
MITF,P286S,286.0,O75030,1,59.38,56.90545454545454,6,5.213441417363369,57.905
MITF,K128N,128.0,O75030,1,78.06,73.65272727272726,6,5.204636725792164,80.14666666666666
MITF,N284K,284.0,O75030,1,53.44,55.849090909090926,6,5.368445023741938,57.083333333333336
MITF,L275P,275.0,O75030,1,49.66,50.66818181818182,4,5.106112226264454,47.03999999999999
MITF,R136W,136.0,O75030,1,87.25,85.2790909090909,8,5.111875825242298,85.76625
FUS,D5Y,5.0,P35637,1,48.38,49.82899999999999,4,5.158861070023504,51.6875
FUS,G15R,15.0,P35637,1,46.12,47.83,4,5.2334800667074015,46.195
NAB2,S6P,6.0,Q15742,1,55.56,49.343636363636364,4,5.453278455176969,55.290000000000006
RUNX1,R142K,142.0,Q01196,1,97.25,98.30727272727272,5,5.623399699715134,98.14
RUNX1,H78Y,78.0,Q01196,1,98.69000000000001,98.3409090909091,10,5.625294274218797,98.27499999999999
RUNX1,A107P,107.0,Q01196,1,98.81,98.40272727272728,13,6.039014742651117,98.60076923076923
RUNX1,K83N,83.0,Q01196,1,98.44,98.0009090909091,8,5.838022566882593,98.60125
RUNX1,S73F,73.0,Q01196,1,98.06,97.49454545454546,11,5.6689757787767,97.24454545454546
RUNX1,R174Q,174.0,Q01196,1,95.87999999999998,93.49545454545455,5,5.320136064630892,95.776
RUNX1,R197L,197.0,Q01196,1,78.55999999999999,76.20454545454545,9,5.562746812281522,75.13888888888889
RUNX1,R177P,177.0,Q01196,1,91.5,85.77363636363636,4,5.069555994839465,88.19
RUNX1,D171G,171.0,Q01196,1,97.06,97.06272727272727,8,5.832768055269199,97.86
RUNX1,K167N,167.0,Q01196,1,98.81,98.2209090909091,15,6.071854596729848,98.41733333333335
RUNX1,L183V,183.0,Q01196,1,70.25,65.82727272727273,4,5.090316845381044,62.43
RUNX1,A33V,33.0,Q01196,1,49.81,44.050000000000004,4,5.264495118552206,42.5625
RUNX1,K90N,90.0,Q01196,1,98.06,96.87000000000002,10,5.400247556300761,97.939
RUNX1,G141R,141.0,Q01196,1,97.94,98.31272727272727,11,6.2356861202623,98.17090909090908
RUNX1,G95R,95.0,Q01196,1,92.69,96.80181818181819,9,5.809140607702204,84.33999999999999
RUNX1,L117P,117.0,Q01196,1,98.81,98.43272727272728,12,5.986894517846409,98.64583333333333
RUNX1,N112S,112.0,Q01196,1,97.44,98.22818181818182,11,5.922718244556461,98.2
RUNX1,L117R,117.0,Q01196,1,98.81,98.43272727272728,12,5.986894517846409,98.64583333333333
RUNX1,L134P,134.0,Q01196,1,98.75,98.47636363636366,13,6.01356430516786,98.38384615384615
RUNX1,L312R,312.0,Q01196,1,50.47,41.46,4,5.5253004533737,38.4925
RUNX1,G141E,141.0,Q01196,1,97.94,98.31272727272727,11,6.2356861202623,98.17090909090908
RUNX1,G141A,141.0,Q01196,1,97.94,98.31272727272727,11,6.2356861202623,98.17090909090908
RUNX1,E111G,111.0,Q01196,1,97.44,98.22818181818182,7,5.8124843669376185,98.10857142857142
RUNX1,F70L,70.0,Q01196,1,97.12000000000002,97.18272727272728,12,5.770740967165918,96.87083333333334
RUNX1,F70Y,70.0,Q01196,1,97.12000000000002,97.18272727272728,12,5.770740967165918,96.87083333333334
RUNX1,G108D,108.0,Q01196,1,98.62,98.3290909090909,14,5.927295283658451,98.35357142857141
RUNX1,S73C,73.0,Q01196,1,98.06,97.49454545454546,11,5.6689757787767,97.24454545454546
RUNX1,T169R,169.0,Q01196,1,98.43999999999998,97.89818181818181,13,5.966111722442732,98.23461538461537
RUNX1,V91E,91.0,Q01196,1,98.18999999999998,96.49454545454546,11,5.69127614071834,97.79545454545455
RUNX1,W79C,79.0,Q01196,1,98.69000000000003,98.3809090909091,14,6.155626087999353,98.22785714285715
RUNX1,Y162H,162.0,Q01196,1,98.5,98.42000000000002,12,5.98704324640871,98.09916666666668
RUNX1,S50G,50.0,Q01196,1,86.38,70.93272727272728,7,5.362704590762151,81.85428571428572
RUNX1,S26G,26.0,Q01196,1,47.75,47.59909090909091,4,5.457213405929115,45.65
RUNX1,R80L,80.0,Q01196,1,98.55999999999999,98.43818181818183,11,5.426783142338068,98.18181818181819
RUNX1,P76R,76.0,Q01196,1,97.88,98.19909090909091,8,6.040286812360853,98.41499999999999
RUNX1,P76S,76.0,Q01196,1,97.88,98.19909090909091,8,6.040286812360853,98.41499999999999
RUNX1,R139Q,139.0,Q01196,1,98.62000000000002,98.30727272727273,12,6.165870805409572,98.40666666666668
RUNX1,R174G,174.0,Q01196,1,95.87999999999998,93.49545454545455,5,5.320136064630892,95.776
RUNX1,R177Q,177.0,Q01196,1,91.5,85.77363636363636,4,5.069555994839465,88.19
CR3L2,G7R,7.0,Q70SY1,1,40.53,43.618181818181824,4,5.1418360621005235,43.1
CR3L2,K155Q,155.0,Q70SY1,1,34.78,40.72636363636364,4,5.48136986148813,40.8825
CR3L2,I125M,125.0,Q70SY1,1,42.25,40.73363636363637,4,5.250349059116187,42.655
AVR2A,H314D,314.0,P27037,1,91.94000000000001,92.31272727272727,11,5.889944018899869,92.13727272727272
KLF4,M10K,10.0,O43474,1,46.69,43.96909090909091,4,5.297905018399677,42.305
KLF4,G320S,320.0,O43474,1,34.72,38.70363636363636,4,5.3198599516587155,39.305
KLF4,N186Y,186.0,O43474,1,29.66,35.32,5,5.393804072766568,34.61
ETV1,R187C,187.0,P50549,1,45.15999999999999,44.26090909090909,5,5.63617805503343,45.436
ETV1,S78N,78.0,P50549,1,40.19,44.852727272727286,4,5.188334388976907,43.3675
ETV1,E473K,473.0,P50549,1,49.56,47.834999999999994,4,5.529267822319008,45.805
ETV1,E455K,455.0,P50549,1,45.06,45.58454545454545,4,5.163558621211573,43.2525
ETV1,S100G,100.0,P50549,1,38.91,42.23454545454545,4,5.271406365155946,41.4225
ETV1,N136K,136.0,P50549,1,45.84,48.51,4,5.471290695646716,50.11500000000001
ETV1,D162Y,162.0,P50549,1,45.09,48.602727272727265,4,5.394489557488789,48.735
ETV1,G114A,114.0,P50549,1,47.88,42.35818181818182,4,5.2504603557266964,44.875
ETV5,D66N,66.0,P41161,1,54.5,60.09,4,4.856142725689677,58.64
ETV5,P258R,258.0,P41161,1,59.52999999999999,48.23909090909091,4,5.431415821384519,52.61000000000001
ETV5,M313I,313.0,P41161,1,44.56,40.10545454545454,4,5.207602351747534,40.835
ETV5,F191L,191.0,P41161,1,39.220000000000006,47.15272727272727,4,5.168711878610563,47.2325
FUMH,S11W,11.0,P07954,1,40.38,40.406363636363636,4,5.353703793811924,40.212500000000006
NFIB,R39C,39.0,O00712,1,93.0,94.37545454545456,8,5.191085699023292,94.35249999999999
NFIB,D288H,288.0,O00712,1,48.44,48.19909090909091,4,5.24761617374364,47.085
NFIB,N238S,238.0,O00712,1,33.19,42.83,4,5.129913307595444,38.8475
NFIB,S194R,194.0,O00712,1,40.47,46.42,4,5.141588699792369,40.14
ABI1,S119L,119.0,Q8IZP0,1,91.81,93.72545454545455,4,5.112377896907854,92.95
ABI1,H122Y,122.0,Q8IZP0,1,93.25,92.78727272727272,5,5.264512398497074,92.798
PAX3,L258F,258.0,P23760,1,93.62,95.5,10,6.0145392028683675,95.751
PAX3,R56H,56.0,P23760,1,97.55999999999999,96.25,11,5.646124882984226,95.72272727272728
PAX3,S193N,193.0,P23760,1,59.40999999999999,57.96000000000001,7,5.347351983041714,59.807142857142864
PAX3,V148M,148.0,P23760,1,89.18999999999998,88.66090909090909,11,5.867785102145478,86.87545454545453
PAX3,M460I,460.0,P23760,1,54.94,44.73272727272727,4,5.402115466881499,44.71
PAX3,T383P,383.0,P23760,1,41.44,43.16636363636364,4,5.2126646071751335,41.6225
PAX3,S364Y,364.0,P23760,1,46.12,42.17636363636364,4,5.248882643079873,40.557500000000005
PAX3,R273T,273.0,P23760,1,91.0,89.50090909090909,8,5.208493542961025,90.47
PAX3,H329D,329.0,P23760,1,41.970000000000006,42.23909090909091,4,5.44067451012468,41.5325
PAX3,H288Y,288.0,P23760,1,53.970000000000006,53.368181818181824,8,5.817875582773606,52.44
PAX3,G292R,292.0,P23760,1,55.12,51.33545454545455,4,4.940048474580731,47.235
PAX7,R74Q,74.0,P23759,1,97.62000000000002,97.30636363636364,10,5.673623377003242,97.043
SHPS1,P280T,280.0,P78324,1,97.12,95.56636363636363,11,6.393956821811386,96.6190909090909
SHPS1,S128R,128.0,P78324,1,86.19,91.67545454545454,5,5.078495209335634,89.86
SHPS1,R145H,145.0,P78324,1,95.87999999999998,96.87636363636365,13,5.996196981676862,95.21153846153847
SHPS1,Q260E,260.0,P78324,1,90.44,86.77363636363636,9,5.842603036868958,89.31777777777776
SHPS1,G109S,109.0,P78324,1,97.25,95.7790909090909,10,5.602107495991641,96.69300000000001
SHPS1,V222I,222.0,P78324,1,96.43999999999998,95.87363636363638,12,5.868407416735156,95.54166666666667
SHPS1,A390V,390.0,P78324,1,94.5,93.62454545454547,8,5.140924465657495,93.945
SHPS1,S455T,455.0,P78324,1,43.41,43.26363636363636,4,5.06367592227167,44.8675
WWTR1,F299V,299.0,Q9GZV5,1,55.34000000000001,47.974545454545456,4,4.921337224343671,53.22
WWTR1,R63C,63.0,Q9GZV5,1,55.529999999999994,51.11636363636364,5,5.388547554931842,49.886
WWTR1,P11L,11.0,Q9GZV5,1,73.12,75.79545454545453,6,5.794389426982278,77.25
WWTR1,M288I,288.0,Q9GZV5,1,44.41,43.370000000000005,4,5.528809994121874,42.28
PLAG1,D264Y,264.0,Q6DJT9,1,42.12,37.655454545454546,4,5.164800976324939,38.8275
RGS7,R44H,44.0,P49802,1,93.37999999999998,93.2,8,5.4773820420152575,95.0175
RGS7,L360V,360.0,P49802,1,97.88,96.7909090909091,10,5.796893143456374,97.626
RGS7,W197C,197.0,P49802,1,98.44000000000003,98.03999999999998,10,5.524155379223117,98.05600000000001
RGS7,E336K,336.0,P49802,1,98.19,97.68181818181819,12,5.842653994136463,97.69166666666668
RGS7,F362L,362.0,P49802,1,98.44000000000001,97.90454545454546,12,5.893418331648713,97.84499999999998
RGS7,K431E,431.0,P49802,1,97.69,97.05636363636363,10,5.545259795372376,97.136
RGS7,L297R,297.0,P49802,1,97.06,96.09636363636363,7,5.740191943542216,96.80285714285715
RGS7,L399F,399.0,P49802,1,93.38,94.70454545454545,9,6.056018602569177,95.09666666666666
RGS7,M430I,430.0,P49802,1,97.0,96.87454545454544,11,5.5885253257962395,97.01181818181819
RGS7,M430K,430.0,P49802,1,97.0,96.87454545454544,11,5.5885253257962395,97.01181818181819
RGS7,P123L,123.0,P49802,1,93.31000000000002,92.30181818181818,11,6.030944099449325,90.04545454545455
RGS7,R219S,219.0,P49802,1,59.279999999999994,67.83818181818182,8,5.743443851860774,65.80875
TMPS2,Q270H,270.0,O15393,1,96.69,94.61363636363636,15,6.240186099308395,96.116
TMPS2,V65I,65.0,O15393,1,34.97,36.196363636363635,4,5.437898462292425,33.91
TMPS2,I285V,285.0,O15393,1,98.25,96.4190909090909,14,5.806305534835786,97.21428571428571
TMPS2,N249S,249.0,O15393,1,59.94,64.58272727272727,7,5.601585692942872,65.60714285714286
TMPS2,P301T,301.0,O15393,1,92.93999999999998,94.46727272727271,6,5.636001267486665,93.84499999999998
MDM2,D11N,11.0,Q00987,1,42.19,42.51727272727273,4,5.221727612539858,43.1175
MDM2,S159G,159.0,Q00987,1,43.56,41.52727272727273,4,5.381280453994791,39.85
MDM2,Q135E,135.0,Q00987,1,40.69,38.30636363636365,4,5.376916776644963,37.35
MDM2,L81I,81.0,Q00987,1,95.31,95.8690909090909,9,6.038804067816154,95.66000000000001
MDM2,E285K,285.0,Q00987,1,51.44,54.83454545454545,6,5.872446484239531,52.60833333333333
MDM2,E310K,310.0,Q00987,1,89.88,89.7390909090909,8,5.6077510685924885,90.6725
PRCC,A487S,487.0,Q92733,1,90.88,89.90799999999999,8,5.435532606131654,89.66499999999999
PRCC,R482C,482.0,Q92733,1,90.88,90.08636363636363,8,5.061306834210633,90.03875
M21D2,Q311E,311.0,Q8IYB1,1,96.12,96.59545454545454,9,5.473484316270158,96.49222222222221
MDM4,Q26E,26.0,O15151,1,88.12,74.13727272727272,10,5.734267473708261,83.875
MDM4,I24M,24.0,O15151,1,56.38,62.83272727272727,6,5.605534067064376,62.88666666666666
MDM4,E83K,83.0,O15151,1,94.69,94.76090909090908,10,5.730181506712915,94.618
MDM4,D100G,100.0,O15151,1,90.62,90.55636363636364,8,5.125213491429397,91.17125
SUFU,P326S,326.0,Q9UMX1,1,32.75,30.750909090909094,4,5.1068042498818516,30.0125
SUFU,S172L,172.0,Q9UMX1,1,96.94,97.37454545454544,13,6.291234152488978,97.4430769230769
SUFU,H209Y,209.0,Q9UMX1,1,91.69000000000001,94.62909090909089,8,5.096308065292179,94.42
SUFU,I235V,235.0,Q9UMX1,1,98.81,98.2218181818182,14,6.077659383114589,98.41999999999997
SUFU,R299Q,299.0,Q9UMX1,1,43.88,46.56909090909091,6,5.598239949942439,58.21
SUFU,S162F,162.0,Q9UMX1,1,90.69,92.83636363636363,7,5.67696857939073,93.85571428571428
SUFU,T396A,396.0,Q9UMX1,1,96.06000000000002,92.20909090909093,11,5.54313982922039,93.94272727272728
SUFU,V323G,323.0,Q9UMX1,1,30.17000000000001,32.85909090909092,4,5.217945192891335,27.689999999999998
SUFU,C204Y,204.0,Q9UMX1,1,98.31,97.20454545454545,11,5.537299913409661,97.53272727272726
SUFU,E283K,283.0,Q9UMX1,1,46.19,53.20909090909092,6,5.699314832222375,49.463333333333345
DDX6,E318K,318.0,P26196,1,96.81,97.43727272727274,6,5.3076144527617855,97.50999999999999
DDX6,G201A,201.0,P26196,1,88.81,92.27818181818182,8,5.859178338372097,92.78999999999999
DDX6,I400L,400.0,P26196,1,89.5,86.80727272727273,8,5.857969823788948,89.33625
DDX6,M368I,368.0,P26196,1,93.12,92.49545454545454,8,5.746723079921056,92.12
U2AFM,A95G,95.0,Q15696,1,97.31,96.43181818181819,8,5.145830030692467,96.41375
AKT2,E17K,17.0,P31751,1,65.0,75.1290909090909,7,5.916625688757479,70.10571428571428
AKT1,L52R,52.0,P31749,1,63.28,66.29363636363637,11,6.058423002094154,74.69454545454546
AKT1,D323G,323.0,P31749,1,70.25,84.52181818181818,12,6.473086231737873,76.99166666666666
AKT1,C77F,77.0,P31749,1,75.12,71.52272727272727,13,5.9529795058753,76.67384615384616
AKT1,D44N,44.0,P31749,1,54.22,62.51545454545453,6,5.265628216702856,57.026666666666664
AKT1,L52H,52.0,P31749,1,63.28,66.29363636363637,11,6.058423002094154,74.69454545454546
AKT1,Q79K,79.0,P31749,1,52.59,66.15727272727273,7,5.459343726828489,58.64571428571429
AKT1,F55Y,55.0,P31749,1,80.38,74.87272727272727,7,5.59206987519452,81.56285714285714
AKT1,F217L,217.0,P31749,1,91.25,91.35818181818182,12,5.858527754813372,87.06333333333333
AKT1,E91D,91.0,P31749,1,93.19,92.9209090909091,7,6.227609164700249,93.45714285714287
AKT1,E135Q,135.0,P31749,1,25.97,27.46,4,4.8629832648795865,26.49
AKT1,V4G,4.0,P31749,1,78.38,77.2011111111111,7,5.643977077479961,80.76285714285713
AKT1,T291I,291.0,P31749,1,93.31000000000002,91.19818181818181,9,5.700328520990167,94.21555555555557
AKT1,S381L,381.0,P31749,1,98.12,97.97181818181816,8,5.2548935169744695,98.32875
AKT1,M63I,63.0,P31749,1,90.75,87.33454545454545,8,5.756068967827803,90.4125
AKT1,P141L,141.0,P31749,1,34.0,47.77363636363636,5,5.48719167647059,47.488
AKT1,N324S,324.0,P31749,1,70.62,84.71454545454547,10,5.743868316238459,79.096
AKT1,I19M,19.0,P31749,1,57.41,75.30818181818182,9,5.792307235443949,77.2188888888889
AKT1,E234V,234.0,P31749,1,94.31,94.01545454545455,14,5.901186925485655,93.625
AKT1,E322K,322.0,P31749,1,81.31,84.5381818181818,7,5.300178565784699,81.7757142857143
AKT1,W80C,80.0,P31749,1,50.27999999999999,65.2309090909091,4,4.8879580376695815,51.7
AKT1,E85K,85.0,P31749,1,81.81,73.98181818181818,8,5.474370896698893,80.54875000000001
AKT1,V4L,4.0,P31749,1,78.38,77.2011111111111,7,5.643977077479961,80.76285714285713
AKT1,V185D,185.0,P31749,1,82.06000000000002,84.01545454545455,9,5.468890754033364,82.6711111111111
AKT1,T21A,21.0,P31749,1,74.68999999999998,75.83090909090907,6,5.159659640461147,74.85000000000001
AKT1,T101A,101.0,P31749,1,95.25,94.5281818181818,8,5.129978083755503,94.58625
AKT1,L62R,62.0,P31749,1,90.5,87.40272727272728,10,5.934791673305258,90.41100000000002
AKT1,M446I,446.0,P31749,1,69.0,67.31,6,5.936098230529811,76.17666666666666
AKT1,Q59L,59.0,P31749,1,80.56,84.53363636363636,9,6.131436834254062,81.80777777777777
AKT1,W80R,80.0,P31749,1,50.27999999999999,65.2309090909091,4,4.8879580376695815,51.7
AKT1,A139T,139.0,P31749,1,30.7,36.93545454545455,4,5.028450741387385,29.44
AKT1,D127N,127.0,P31749,1,27.91,30.799090909090907,4,5.05973591905582,31.560000000000002
AKT1,D292E,292.0,P31749,1,86.62,90.38545454545455,6,5.737206121273998,88.92666666666666
AKT3,E295Q,295.0,Q9Y243,1,82.88,74.9081818181818,10,6.025180254123078,84.993
AKT3,D282N,282.0,Q9Y243,1,94.5,96.48181818181818,9,6.018836741321696,95.17333333333335
AKT3,F207L,207.0,Q9Y243,1,98.05999999999999,93.6990909090909,12,5.889372433912963,97.43249999999999
AKT3,H140P,140.0,Q9Y243,1,49.09000000000001,53.60181818181818,4,4.902896286414903,49.47749999999999
AKT3,S257C,257.0,Q9Y243,1,98.5,98.02909090909093,13,6.099472068957676,98.06384615384617
AKT3,S474F,474.0,Q9Y243,1,75.5,62.28181818181818,8,5.7990789312670445,81.00625
AKT3,L151F,151.0,Q9Y243,1,88.62,87.61363636363636,9,6.028542717243386,88.21555555555557
AKT3,R85K,85.0,Q9Y243,1,81.0,76.73272727272727,11,6.099157147117484,80.0790909090909
AKT3,R464G,464.0,Q9Y243,1,40.029999999999994,47.8609090909091,6,5.585019167297101,46.48333333333334
AKT3,R247C,247.0,Q9Y243,1,97.69000000000001,97.80727272727273,9,5.247572157569336,97.60444444444445
AKT3,P466T,466.0,Q9Y243,1,60.22000000000001,54.98909090909092,5,5.055830374101118,58.938
AKT3,P310A,310.0,Q9Y243,1,86.5,82.78363636363636,8,5.9851695502829845,87.375
AKT3,L200F,200.0,Q9Y243,1,87.62,87.52909090909091,10,5.542116696701281,87.526
AKT3,G265R,265.0,Q9Y243,1,92.25,93.80090909090909,7,5.42075818319578,92.58142857142857
AKT3,E84K,84.0,Q9Y243,1,79.06,72.63,9,5.719192166986268,76.72555555555556
AKT3,E132Q,132.0,Q9Y243,1,26.25,27.36909090909091,4,4.873711593480875,26.085
AKT3,A373G,373.0,Q9Y243,1,98.25,97.34,10,5.479676569156004,97.88
AKT1,E17K,17.0,P31749,1,66.88,76.43272727272728,7,5.897338741360708,71.25857142857143
AKT2,R176S,176.0,P31751,1,94.12000000000002,93.77181818181818,7,5.518945318920546,93.99857142857142
AKT2,R170L,170.0,P31751,1,93.62000000000002,92.07363636363637,12,5.603906193543456,92.32833333333333
AKT2,E405Q,405.0,P31751,1,97.38,97.69363636363637,8,5.617495523150772,97.70374999999999
AKT2,I289M,289.0,P31751,1,97.88,93.5909090909091,13,5.96600663141737,97.14384615384614
AKT2,L155F,155.0,P31751,1,86.81,86.86818181818181,9,6.018791982640476,86.98222222222222
GATA3,M293K,293.0,P23771,1,91.69,92.9709090909091,6,5.142013093604245,93.80166666666666
GATA3,S137L,137.0,P23771,1,46.66,45.49545454545454,4,5.477518783604448,43.2975
GATA3,S93F,93.0,P23771,1,41.88,45.27363636363636,4,5.190470919663541,44.96
GATA3,L190P,190.0,P23771,1,40.72,42.8890909090909,4,5.152652424657566,44.93
GATA3,M293R,293.0,P23771,1,91.69,92.9709090909091,6,5.142013093604245,93.80166666666666
GATA3,R9C,9.0,P23771,1,53.40999999999999,51.32272727272727,4,5.000208879919188,51.28750000000001
GATA3,S121F,121.0,P23771,1,34.72,42.68727272727272,4,5.319006736368396,42.0
GATA3,R306Q,306.0,P23771,1,63.470000000000006,67.5890909090909,5,5.139837683725867,70.53200000000001
GATA3,Q73L,73.0,P23771,1,50.91,44.97545454545454,4,5.293490897703416,42.865
GATA3,R306L,306.0,P23771,1,63.470000000000006,67.5890909090909,5,5.139837683725867,70.53200000000001
GATA3,R364T,364.0,P23771,1,85.12,80.00727272727273,4,5.190375053516407,80.53
GATA3,R366Q,366.0,P23771,1,71.55999999999999,75.26818181818182,4,5.064841612109021,75.465
GATA3,M356I,356.0,P23771,1,95.88,94.5409090909091,6,5.468488633038274,96.34499999999998
GATA3,M356V,356.0,P23771,1,95.88,94.5409090909091,6,5.468488633038274,96.34499999999998
GATA3,R364G,364.0,P23771,1,85.12,80.00727272727273,4,5.190375053516407,80.53
GATA3,D48N,48.0,P23771,1,45.25,46.306363636363635,4,4.715388112501312,47.17
GATA3,D179G,179.0,P23771,1,48.03,43.40454545454545,4,5.5753694522567425,44.602500000000006
GATA3,D179E,179.0,P23771,1,48.03,43.40454545454545,4,5.5753694522567425,44.602500000000006
GATA3,A70D,70.0,P23771,1,39.22,42.50545454545455,4,5.389153790378425,42.49
GATA3,D48Y,48.0,P23771,1,45.25,46.306363636363635,4,4.715388112501312,47.17
GATA3,D48V,48.0,P23771,1,45.25,46.306363636363635,4,4.715388112501312,47.17
GATA3,K195R,195.0,P23771,1,37.62,42.628181818181815,4,5.15938888016527,42.5475
GATA3,P223Q,223.0,P23771,1,63.34000000000002,54.033636363636376,4,5.20566902432398,53.195
GATA3,P191H,191.0,P23771,1,51.03000000000001,42.90090909090909,4,5.071249536505898,43.1975
GATA3,P16H,16.0,P23771,1,48.28000000000001,46.76636363636364,4,5.1734823843725,47.415
GATA3,P163S,163.0,P23771,1,59.88,53.60272727272727,4,5.139911928518386,53.4125
GATA3,L347R,347.0,P23771,1,97.75,97.66545454545454,6,5.144817613402625,97.75
GATA3,K119M,119.0,P23771,1,37.16,42.903636363636366,4,5.175989739913984,43.2425
GATA3,I122T,122.0,P23771,1,44.78,42.74999999999999,4,5.523725518351131,40.8975
GATA3,H91R,91.0,P23771,1,42.44,45.279999999999994,4,5.295534289577088,43.8625
GATA3,H59R,59.0,P23771,1,48.65999999999999,52.76181818181819,4,5.15862888544188,55.959999999999994
GATA3,H281R,281.0,P23771,1,93.19000000000001,93.56636363636363,9,5.954769971689111,92.71333333333334
GATA3,H27Y,27.0,P23771,1,48.75,45.185454545454554,4,5.195481992692514,45.3275
GATA3,G57D,57.0,P23771,1,50.25,52.20727272727272,6,5.463700196670639,49.845
GATA3,P42K,42.0,P23771,1,44.46999999999999,43.279090909090904,4,5.221316193007673,43.08749999999999
GATA3,S118F,118.0,P23771,1,44.53,42.49454545454546,4,5.214241627603939,44.79
GATA3,W96L,96.0,P23771,1,48.40999999999998,44.94,4,5.409576290089619,46.1775
GATA3,S67W,67.0,P23771,1,39.53,44.29545454545455,4,5.293818042573622,41.61
GATA3,S402F,402.0,P23771,1,49.06,48.36181818181819,4,4.767179586851738,47.555
GATA3,S34A,34.0,P23771,1,40.28,42.95090909090909,4,4.964037588739966,43.9075
GATA3,S212A,212.0,P23771,1,44.84,44.31363636363637,4,5.325908262642555,43.67
GATA3,S138F,138.0,P23771,1,43.5,44.662727272727274,4,5.357430998084169,42.1975
GATA3,S126Y,126.0,P23771,1,47.38,42.62090909090909,4,5.549083328971534,43.42
GATA3,R364S,364.0,P23771,1,85.12,80.00727272727273,4,5.190375053516407,80.53
GATA3,R305Q,305.0,P23771,1,66.88,69.51545454545453,5,5.497385208068225,71.93800000000002
GATA3,R305L,305.0,P23771,1,66.88,69.51545454545453,5,5.497385208068225,71.93800000000002
GATA3,R202C,202.0,P23771,1,43.19,42.49727272727273,4,5.378650185425376,43.1175
GATA3,P95S,95.0,P23771,1,47.75,44.96363636363636,4,5.1724706722394656,46.555
GATA3,P88L,88.0,P23771,1,47.0,44.74545454545455,4,5.041697581883456,45.2375
GATA3,P42L,42.0,P23771,1,44.46999999999999,43.279090909090904,4,5.221316193007673,43.08749999999999
GATA2,D184N,184.0,P23769,1,39.28,45.44,4,5.091222560399701,48.83749999999999
GATA2,S122T,122.0,P23769,1,46.28,41.79,4,5.160966963289127,41.6725
GATA2,S192F,192.0,P23769,1,44.31,43.93818181818182,4,5.2487094786516755,43.57
GATA2,T176M,176.0,P23769,1,57.88,54.367272727272734,4,5.182843993860787,65.5725
GATA2,P470T,470.0,P23769,1,53.52999999999999,51.58818181818181,4,5.163901989618518,52.6175
GATA2,S139C,139.0,P23769,1,42.72,45.87545454545455,4,5.446794627428613,45.525
GATA2,T303I,303.0,P23769,1,91.5,92.72181818181818,8,5.67398703679808,93.56125
GATA2,S54T,54.0,P23769,1,45.75,42.97181818181818,5,5.339383889500601,43.308
GATA2,Q328H,328.0,P23769,1,91.0,89.7109090909091,7,5.68389878734815,92.5
GATA2,M84L,84.0,P23769,1,43.06,44.32545454545455,4,5.380046110624733,43.685
GATA2,D43Y,43.0,P23769,1,45.88,46.46181818181819,5,5.57291325433591,48.980000000000004
CASP8,D9N,9.0,Q14790,1,92.06,91.05181818181818,9,5.563525504114916,91.12555555555555
CASP8,I167M,167.0,Q14790,1,85.62,86.82272727272726,9,5.82231714192354,86.69333333333333
CASP8,V112M,112.0,Q14790,1,88.88,88.32363636363637,8,5.467860090828129,88.5075
CASP8,L54S,54.0,Q14790,1,88.69,87.54454545454544,13,6.003597706421307,89.38384615384615
CASP8,I38F,38.0,Q14790,1,90.25,89.5109090909091,9,5.721987047278877,90.17333333333333
CASP8,E12K,12.0,Q14790,1,92.38,91.8709090909091,8,5.764102892224719,92.5475
CASP8,D73E,73.0,Q14790,1,91.12,90.84,6,5.030872913954785,90.39666666666666
CASP8,R71S,71.0,Q14790,1,91.44000000000001,91.61272727272727,9,5.547289936253294,91.78999999999999
CASP8,R47G,47.0,Q14790,1,91.0,91.06181818181818,9,5.421450451176539,91.09666666666665
CASP8,I167L,167.0,Q14790,1,85.62,86.82272727272726,9,5.82231714192354,86.69333333333333
CASP8,I151V,151.0,Q14790,1,88.88,86.78363636363638,10,6.124138020318512,87.843
CASP8,I144T,144.0,Q14790,1,88.69,88.89818181818181,8,5.166582077864952,89.40625
CASP8,S115L,115.0,Q14790,1,82.62,86.7609090909091,6,5.121573238066703,85.855
CASP8,R233W,233.0,Q14790,1,96.37999999999998,96.45636363636363,14,5.775953791896959,96.29571428571428
CASP8,N176K,176.0,Q14790,1,89.19,87.31181818181818,8,5.086098075568122,87.77250000000001
CASP8,E110K,110.0,Q14790,1,90.5,89.56272727272727,7,5.475390762055279,90.72428571428573
CASP8,S211L,211.0,Q14790,1,39.94,36.74909090909092,4,5.258822456114547,37.6025
CASP8,E335K,335.0,Q14790,1,90.31,92.13000000000001,8,5.413661453840922,91.905
CASP8,E280Q,280.0,Q14790,1,98.0,97.53363636363638,11,5.973304504916812,97.50181818181818
CASP8,E276K,276.0,Q14790,1,95.62,97.37454545454547,8,5.596467296687467,95.265
ERG,G105S,105.0,P11308,1,43.22,42.971818181818186,4,5.060249218529152,42.0075
ERG,M33I,33.0,P11308,1,51.09,43.39363636363636,4,5.468117658265634,45.0775
ERG,L296H,296.0,P11308,1,61.44,57.525454545454544,9,5.401011118799412,61.864444444444445
ERG,L320H,320.0,P11308,1,93.5,92.36454545454545,9,5.507294583402258,92.99333333333334
ERG,P128S,128.0,P11308,1,69.94,65.0490909090909,9,6.012755943152796,73.02444444444444
ERG,S420L,420.0,P11308,1,40.47,43.019090909090906,4,5.206066339972277,43.605
ERG,E239K,239.0,P11308,1,35.38,36.89,4,5.3315151446874385,37.3125
ERG,E353K,353.0,P11308,1,95.44,95.04090909090907,9,5.32231939662272,94.60555555555555
ERG,Y417F,417.0,P11308,1,41.15999999999999,43.10363636363636,4,5.065482919725136,45.165
ERG,Y194H,194.0,P11308,1,80.19000000000001,76.49,8,5.111229150691664,77.97
ERG,V127E,127.0,P11308,1,61.25,60.406363636363636,9,6.107441172374777,75.55777777777777
ERG,L313H,313.0,P11308,1,95.19,88.25545454545455,9,6.04429316464121,94.20777777777776
ERG,L290H,290.0,P11308,1,48.81,45.51727272727272,5,5.3200994126600145,47.39
ERG,K148N,148.0,P11308,1,84.0,85.4890909090909,8,5.359344132033148,85.58625
ERG,H220N,220.0,P11308,1,39.529999999999994,40.14636363636363,9,5.913553714738548,40.14666666666667
TFEB,V130M,130.0,P19484,1,43.25,41.278181818181814,4,5.361592735440684,39.4125
CCDC6,S52A,52.0,Q16204,1,72.75,67.87181818181817,6,5.14685936726514,74.08333333333333
FOXA1,S250F,250.0,P55317,1,76.38,76.29181818181817,10,5.633015279517588,76.293
FOXA1,I176V,176.0,P55317,1,93.56,93.29636363636361,7,5.206824499445545,94.75
FOXA1,F266L,266.0,P55317,1,63.94000000000001,59.96727272727273,8,6.25077491759942,75.3975
FOXA1,D226N,226.0,P55317,1,89.88,93.99545454545454,10,6.121951550779179,84.00399999999999
FOXA1,D226G,226.0,P55317,1,89.88,93.99545454545454,10,6.121951550779179,84.00399999999999
FOXA1,I176M,176.0,P55317,1,93.56,93.29636363636361,7,5.206824499445545,94.75
FOXA1,Y175C,175.0,P55317,1,95.69000000000001,93.04,9,5.698886303794492,94.9311111111111
FOXA1,L309F,309.0,P55317,1,47.28,47.07636363636363,4,5.581869662475354,48.3425
FOXA1,C227R,227.0,P55317,1,91.44,93.80272727272727,9,5.618273162620395,84.43111111111112
FOXA1,E255K,255.0,P55317,1,59.66,62.224545454545456,7,5.485231073834155,60.660000000000004
FOXA1,E24K,24.0,P55317,1,43.28,42.99363636363636,6,5.474559783392237,42.08833333333333
FOXA1,H247Y,247.0,P55317,1,91.05999999999999,85.73181818181818,10,5.6138180428276,86.937
FOXA1,G462A,462.0,P55317,1,45.88,49.2109090909091,4,5.005665125594751,46.6475
FOXA1,D226V,226.0,P55317,1,89.88,93.99545454545454,10,6.121951550779179,84.00399999999999
FOXA1,R262H,262.0,P55317,1,63.0,60.95,7,5.983084152271653,60.402857142857144
FOXA1,S242F,242.0,P55317,1,95.81,91.79454545454546,10,5.824228194229692,95.263
FOXA1,T180I,180.0,P55317,1,94.0,94.43818181818182,10,5.621045519958734,91.43100000000001
FOXA1,Y243C,243.0,P55317,1,96.88,92.21454545454546,12,5.711280888358389,95.745
FOXA1,M253K,253.0,P55317,1,61.44,66.10545454545455,8,5.877716453691059,65.3325
FOXA1,N35Y,35.0,P55317,1,36.34,41.34909090909091,4,5.275290159077829,40.5175
NONO,T56S,56.0,Q15233,1,69.81,62.121818181818185,4,5.100319911071476,68.80250000000001
NONO,E361K,361.0,Q15233,1,77.94,75.18,8,5.040458275983976,75.53999999999999
NONO,G98R,98.0,Q15233,1,84.25,90.44363636363636,9,6.0478262727523555,91.76444444444444
NONO,R304H,304.0,Q15233,1,85.69000000000001,90.22272727272728,8,5.114987277870534,89.92375
SMAD2,T92M,92.0,Q15796,1,31.59,29.387272727272727,4,5.188497391462402,29.482499999999998
SMAD2,R330S,330.0,Q15796,1,98.19000000000001,98.22727272727273,8,5.529405826495621,98.2575
SMAD2,W40G,40.0,Q15796,1,89.38000000000001,87.7009090909091,10,5.575729928921543,86.18999999999998
SMAD2,K53N,53.0,Q15796,1,90.56,90.28454545454547,9,5.368260475835968,89.96555555555557
SMAD2,P360L,360.0,Q15796,1,97.25,97.38636363636364,13,6.006006463391193,96.17384615384616
SMAD2,S467L,467.0,Q15796,1,70.69,84.115,3,5.226652886405401,87.60666666666667
SMAD2,R334K,334.0,Q15796,1,97.62000000000002,97.85272727272728,12,6.061804968549815,98.19166666666666
MYCN,D114N,114.0,P04198,1,42.44,54.85090909090909,7,5.537908803178231,57.83714285714285
MYCN,E273K,273.0,P04198,1,62.09,61.93,4,5.143325774441055,58.9125
LS14A,V129G,129.0,Q8ND56,1,47.03000000000001,46.42272727272728,4,5.395776667008314,48.7975
GOPC,L98F,98.0,Q9HD26,1,82.88,86.00181818181818,8,5.112436725717013,86.50125
GOPC,Q122R,122.0,Q9HD26,1,82.69,82.0281818181818,8,5.129552141411158,82.18625
RARA,P407L,407.0,P10276,1,94.0,91.96545454545455,8,5.774086575427714,93.805
RARA,V50L,50.0,P10276,1,39.78000000000001,38.99272727272727,4,5.377707224746688,40.2175
RARA,D288G,288.0,P10276,1,93.62,96.07363636363638,8,6.216558022510797,92.52375
RARA,D346H,346.0,P10276,1,97.19,96.70454545454545,7,5.265617034909384,96.83
RARA,F310S,310.0,P10276,1,98.44000000000001,97.94454545454545,11,5.816344861656294,97.90545454545455
RARA,D341Y,341.0,P10276,1,93.88,95.58545454545455,6,5.89696487919096,95.87333333333333
RARA,R276W,276.0,P10276,1,95.37999999999998,96.07363636363635,10,5.576028070576811,95.593
RARA,I273F,273.0,P10276,1,97.62,97.16545454545454,11,5.80913408950523,97.22818181818182
RARA,L220V,220.0,P10276,1,95.31,93.79636363636364,12,6.175077261626498,94.7925
RARA,S287L,287.0,P10276,1,92.81,96.06181818181818,10,6.401449168888014,94.375
RARA,R385Q,385.0,P10276,1,96.12000000000002,96.78454545454544,9,5.321180476096076,96.94666666666666
IL7RA,Q26E,26.0,P16871,1,43.34,44.57090909090909,4,5.019253087888839,42.01
IL7RA,D210N,210.0,P16871,1,89.62,95.47727272727273,10,5.740209847160496,95.01700000000001
IL7RA,Q192H,192.0,P16871,1,93.31,95.13636363636364,11,5.964219519081142,95.13545454545455
IL7RA,K120T,120.0,P16871,1,97.06,95.46454545454547,8,5.508650088719774,96.90625
IL7RA,K110N,110.0,P16871,1,93.94,93.73272727272727,13,5.663034376046527,93.05769230769228
IL7RA,S13C,13.0,P16871,1,47.78,45.785454545454556,4,5.368348501597017,45.05
IDHC,R132L,132.0,O75874,1,96.55999999999999,95.10727272727273,14,5.627755862206913,95.845
IDHC,R132C,132.0,O75874,1,96.55999999999999,95.10727272727273,14,5.627755862206913,95.845
IDHC,L88F,88.0,O75874,1,97.88,96.25181818181818,11,6.083034923036066,97.00636363636364
IDHC,E17K,17.0,O75874,1,96.75,97.35909090909091,10,5.700356849315386,96.0
IDHC,R132H,132.0,O75874,1,96.55999999999999,95.10727272727273,14,5.627755862206913,95.845
IDHC,R132G,132.0,O75874,1,96.55999999999999,95.10727272727273,14,5.627755862206913,95.845
IDHC,G263V,263.0,O75874,1,96.25,97.22727272727273,10,5.245308956179771,96.214
IDHC,T327A,327.0,O75874,1,95.06000000000002,95.57454545454544,12,6.429975287146384,95.43166666666667
IDHC,D79N,79.0,O75874,1,94.0,95.87545454545456,7,5.45039193936619,95.74285714285713
IDHC,D160E,160.0,O75874,1,95.94,96.19272727272727,4,4.723630543774281,95.3925
IDHC,K151N,151.0,O75874,1,97.94,97.57454545454544,9,5.8552208738099125,97.80666666666667
IDHC,A179D,179.0,O75874,1,97.81,96.28454545454547,9,5.965156845393575,97.20222222222222
IDHC,E84Q,84.0,O75874,1,97.44,96.74,8,5.251369305248687,96.86875
IDHC,I189V,189.0,O75874,1,97.19,96.30090909090909,13,5.982528884493023,96.63000000000002
IDHC,K217N,217.0,O75874,1,96.88,96.98727272727274,9,5.386926412260864,96.83111111111111
IDHC,K81N,81.0,O75874,1,96.38,95.98363636363636,7,5.33773968954656,96.11571428571428
IDHC,L201V,201.0,O75874,1,97.81,97.17000000000002,11,5.821474599344129,97.28454545454547
IDHC,L250R,250.0,O75874,1,98.25,97.8409090909091,10,5.522159257581494,97.39200000000001
IDHC,M259I,259.0,O75874,1,96.25,96.7681818181818,9,5.858269538544025,95.86888888888888
IDHC,R222C,222.0,O75874,1,98.5,98.21,9,5.449290683387847,98.22111111111111
IDHC,R338T,338.0,O75874,1,98.0,98.24000000000001,11,5.662742473452782,98.06909090909093
IDHC,T98N,98.0,O75874,1,92.0,91.52636363636363,11,5.7403218873633755,92.59363636363636
IDHC,V125G,125.0,O75874,1,93.25,94.93090909090907,8,5.9579701465749455,95.0775
IDHC,Y235C,235.0,O75874,1,98.30999999999999,98.47272727272728,10,5.66525568093639,98.46400000000001
IDHP,R172G,172.0,P48735,1,95.87999999999998,94.39727272727272,15,5.790613138186267,94.69533333333332
ETV6,S16L,16.0,P41212,1,47.62,49.876363636363635,4,5.28260681091121,48.2975
ETV6,E261K,261.0,P41212,1,37.31,42.51909090909091,4,5.18235060685819,41.945
EKI1,D217N,217.0,Q9HBU6,1,94.44,94.37454545454544,9,5.749508196315854,94.96444444444445
IRF4,E390Q,390.0,Q15306,1,63.91,73.41272727272725,9,6.0329554712967965,77.37555555555555
IRF4,P88A,88.0,Q15306,1,93.06000000000002,92.84545454545456,5,5.5864666933583695,93.112
PAX5,V26G,26.0,Q02548,1,94.5,93.75,8,5.632383822653364,92.18875
PAX5,V132I,132.0,Q02548,1,96.38,93.91454545454545,9,5.453996934548857,95.43666666666667
PAX5,I184N,184.0,Q02548,1,77.0,73.65,9,5.7987915576388325,74.78777777777776
PAX5,S86Y,86.0,Q02548,1,89.12,85.85636363636364,4,5.189185004907117,85.0125
PAX5,Y72C,72.0,Q02548,1,97.62,96.89636363636365,11,5.312068306781817,96.69818181818182
PAX5,E121Q,121.0,Q02548,1,94.38,93.58000000000001,7,5.458821702104087,93.75
PAX5,N136D,136.0,Q02548,1,96.25,94.2781818181818,9,5.2716900187576385,94.80555555555556
PAX5,F110L,110.0,Q02548,1,96.5,95.58000000000001,6,5.184298150524817,96.13666666666666
PAX5,S174L,174.0,Q02548,1,49.88,49.76727272727272,5,5.463275081425282,48.33
PAX5,G290R,290.0,Q02548,1,40.81,43.766363636363636,4,5.510194639248802,43.725
PAX5,A322T,322.0,Q02548,1,48.84,49.55,4,5.140821683534913,50.1225
PAX5,A279T,279.0,Q02548,1,45.66,44.432727272727284,4,5.328115166279634,42.235
PAX5,G272D,272.0,Q02548,1,39.88,42.10272727272727,4,5.230354422811136,40.85
PAX5,P294S,294.0,Q02548,1,45.56,42.72545454545455,4,5.40231241585186,44.225
PAX5,S265L,265.0,Q02548,1,39.47,39.800909090909094,5,5.579693183544368,38.844
PAX8,P280S,280.0,Q06710,1,43.28000000000001,41.23909090909091,4,5.433843323571376,39.7575
PAX8,K151N,151.0,Q06710,1,37.41,40.24727272727273,4,5.444731688533168,40.415
PAX8,E258K,258.0,Q06710,1,41.44,39.41181818181819,4,5.337866405777705,39.5525
PAX8,A38D,38.0,Q06710,1,97.19,96.93636363636365,12,5.792333900556783,96.91583333333334
PAX8,T85P,85.0,Q06710,1,85.75,82.16545454545454,8,5.609846140801661,80.7825
PAX8,S193N,193.0,Q06710,1,46.19,50.23000000000001,4,5.263670455082915,43.555
WT1,P135A,135.0,P19544,1,36.88,32.59363636363637,4,5.235366364089012,29.8175
MP2K1,K57E,57.0,Q02750,1,90.94,90.30181818181819,9,5.430784429008811,90.61777777777777
EED,E27D,27.0,O75530,1,29.529999999999998,33.23363636363637,4,4.976342259482818,34.835
EED,K77R,77.0,O75530,1,65.69,64.73454545454545,5,5.3031860690096515,68.446
EED,D142N,142.0,O75530,1,97.88,97.89727272727274,6,5.145210167512206,98.165
EED,R120T,120.0,O75530,1,98.62000000000002,98.70363636363636,12,5.799447122309132,98.24916666666665
EED,E394Q,394.0,O75530,1,77.06,84.59545454545453,5,5.81411807853793,81.462
EED,I251T,251.0,O75530,1,98.94,98.5690909090909,13,5.88363037795824,98.73153846153848
EED,S259C,259.0,O75530,1,98.69,98.67181818181817,14,6.149493603141564,98.58571428571427
MYC,I116N,116.0,P01106,1,61.75,63.23,8,5.122437167313938,63.097500000000004
MYC,G285E,285.0,P01106,1,47.38,50.44636363636364,4,5.12962410495091,48.805
MYC,I262M,262.0,P01106,1,35.31,47.23636363636363,4,5.269989496340189,54.8675
PBX1,G21S,21.0,P40424,1,38.38,42.10999999999999,4,5.420781881742771,43.875
PBX1,L22R,22.0,P40424,1,42.84,41.61272727272726,4,5.561371985264005,41.4875
PBX1,D149V,149.0,P40424,1,88.25,83.30181818181818,8,5.169671031506515,83.89125
PBX1,M73I,73.0,P40424,1,90.94,89.1581818181818,6,5.049030441232128,90.41666666666667
PBX1,N258Y,258.0,P40424,1,92.94,94.05727272727273,5,4.834380007000201,93.226
PBX1,S325L,325.0,P40424,1,38.94,44.86818181818182,4,5.255762381883923,44.72
PBX1,R290W,290.0,P40424,1,93.80999999999999,93.81272727272727,8,5.181065639608153,94.16499999999999
STK11,F354L,354.0,Q15831,1,45.029999999999994,45.95636363636363,4,4.965694650480282,46.2875
STK11,P221L,221.0,Q15831,1,98.12,97.06181818181817,12,6.163473689317418,97.9375
STK11,M392I,392.0,Q15831,1,29.48,30.292727272727276,4,5.054022105154836,29.295
STK11,L140P,140.0,Q15831,1,97.81,96.59,13,5.863422500271756,96.97615384615385
STK11,F157Y,157.0,Q15831,1,98.80999999999999,98.62545454545453,9,5.286785005852536,98.67444444444443
STK11,E199K,199.0,Q15831,1,94.19,92.73363636363636,9,5.899656949184844,95.47222222222223
STK11,E165Q,165.0,Q15831,1,98.75,98.36363636363636,9,5.344546923144627,98.47888888888889
STK11,D355N,355.0,Q15831,1,46.22,45.050000000000004,4,4.720330784426803,45.0225
STK11,D194N,194.0,Q15831,1,92.88,95.12545454545456,8,6.291842978638973,94.67875000000001
ELK4,F424L,424.0,P28324,1,48.84000000000001,51.72727272727273,4,5.140879918612507,53.61999999999999
ELK4,P231Q,231.0,P28324,1,46.06,41.79090909090909,4,5.363958123249613,41.1575
DDB2,G79S,79.0,Q92466,1,92.25,91.49545454545454,7,5.385125106808518,91.80571428571429
DDB2,R18H,18.0,Q92466,1,21.94,27.336363636363636,4,4.87299796361163,25.03
DDB2,M240V,240.0,Q92466,1,93.31,94.9890909090909,10,5.817952689126755,91.025
CLP1,R132H,132.0,Q92989,1,98.19000000000001,98.16545454545457,11,5.693445481387202,97.89181818181818
KCNJ5,G393R,393.0,P48544,1,33.81,33.550909090909094,4,5.2437930705813365,33.64
KCNJ5,G264S,264.0,P48544,1,93.19,94.12454545454544,7,5.043312811931055,93.70571428571428
KCNJ5,F343L,343.0,P48544,1,90.5,91.75,6,5.257400063226579,90.49166666666667
KCNJ5,D123Y,123.0,P48544,1,87.12,87.46090909090908,6,4.984638494469419,85.13666666666666
KCNJ5,E45K,45.0,P48544,1,42.19,49.66727272727273,5,5.329942837329594,44.0
MP2K4,S184L,184.0,P45985,1,95.88,95.8809090909091,13,5.72315424799667,96.22615384615385
MP2K4,R134W,134.0,P45985,1,83.25,84.78454545454547,9,5.705035206572995,82.3488888888889
MP2K4,H227D,227.0,P45985,1,91.05999999999999,90.17090909090909,12,6.279426697494551,86.53666666666668
MP2K4,D289N,289.0,P45985,1,95.75,93.83000000000001,14,6.006839162657862,93.53071428571427
MP2K4,D197G,197.0,P45985,1,96.31,97.4590909090909,7,5.356730703082851,97.23
MP2K4,D186G,186.0,P45985,1,95.81,96.37090909090908,10,5.575097150035497,96.578
MP2K4,R287H,287.0,P45985,1,95.94000000000001,87.9890909090909,11,5.685432612687267,93.40363636363637
MP2K4,S16R,16.0,P45985,1,35.44,37.548181818181824,4,5.274005150441193,36.42
MP2K4,Y358C,358.0,P45985,1,98.12,97.29545454545455,12,6.146855957465877,97.455
MP2K4,P268S,268.0,P45985,1,88.93999999999998,80.5409090909091,5,5.531028766644754,86.476
CASP9,P101A,101.0,P55211,1,37.81,41.584545454545456,4,4.9509009855988735,34.42
GATA1,S155L,155.0,P15976,1,46.78,44.80181818181818,4,5.403987243164622,44.2975
GATA1,G165S,165.0,P15976,1,40.56,44.298181818181824,4,5.340214252671587,47.7425
GATA1,E39Q,39.0,P15976,1,45.28,45.47272727272727,4,5.399393280474385,46.72249999999999
GATA1,K315N,315.0,P15976,1,48.41,51.22818181818182,5,5.499131157094267,54.164
GATA1,G325R,325.0,P15976,1,43.62,45.229090909090914,4,5.179637371708317,43.17
SMCE1,G24R,24.0,Q969G3,1,33.66,38.75181818181818,4,4.9210326875359085,37.9175
SMCE1,S147L,147.0,Q969G3,1,91.62,89.55727272727272,8,5.135361393377503,89.25874999999999
SMCE1,S87I,87.0,Q969G3,1,93.94,93.25636363636364,6,5.124280799841157,93.27166666666666
SMCE1,R201H,201.0,Q969G3,1,93.19000000000001,92.43909090909091,8,5.150974760630508,92.50874999999999
SMCE1,S157I,157.0,Q969G3,1,81.0,81.98909090909092,8,5.131782232605172,82.39875
SMCE1,S217L,217.0,Q969G3,1,72.81,76.68545454545456,7,5.307119308159949,74.90857142857143
SMCE1,P63S,63.0,Q969G3,1,86.43999999999998,85.36999999999999,6,5.448614205961593,87.75
CCNE1,S25L,25.0,P24864,1,33.78,32.63636363636363,4,5.144472234866862,32.3
CCNE1,R27C,27.0,P24864,1,30.279999999999994,32.787272727272736,4,5.166247104627954,33.3175
CD209,T105N,105.0,Q9NNX6,1,80.81000000000002,79.70363636363638,8,5.145998114356882,80.53875
CD209,E103Q,103.0,Q9NNX6,1,82.38,80.0509090909091,11,5.523542301144295,78.93727272727274
PTEN,R130Q,130.0,P60484,1,98.37999999999998,95.94909090909091,17,6.558091535330198,96.80117647058823
PTEN,C124S,124.0,P60484,1,94.25,95.47000000000001,14,5.793069620982328,95.70857142857142
PTEN,H93R,93.0,P60484,1,94.38,97.20363636363636,8,6.337223419245738,97.1725
PTEN,R130G,130.0,P60484,1,98.37999999999998,95.94909090909091,17,6.558091535330198,96.80117647058823
PTEN,D92H,92.0,P60484,1,93.62,97.25454545454545,8,6.274910446081217,95.95375
PTEN,H61R,61.0,P60484,1,97.0,97.10272727272728,11,5.819820244007309,97.2790909090909
PTEN,C136R,136.0,P60484,1,98.88,98.75636363636363,13,5.665331101967281,98.58692307692309
PTEN,A126S,126.0,P60484,1,90.19,95.4309090909091,10,6.029749751160988,91.88
PTEN,Y155C,155.0,P60484,1,98.44000000000001,97.37545454545456,14,5.9609649106295945,97.73285714285716
PTEN,R130P,130.0,P60484,1,98.37999999999998,95.94909090909091,17,6.558091535330198,96.80117647058823
PTEN,C136Y,136.0,P60484,1,98.88,98.75636363636363,13,5.665331101967281,98.58692307692309
PTEN,D92E,92.0,P60484,1,93.62,97.25454545454545,8,6.274910446081217,95.95375
PTEN,D92V,92.0,P60484,1,93.62,97.25454545454545,8,6.274910446081217,95.95375
PTEN,G129R,129.0,P60484,1,96.88,95.5281818181818,13,6.047514291103726,96.10153846153845
PTEN,I135V,135.0,P60484,1,98.88,98.74,10,5.722092956260886,98.745
PTEN,D24N,24.0,P60484,1,93.88,93.39272727272727,14,6.163570473883768,89.05714285714285
PTEN,D24G,24.0,P60484,1,93.88,93.39272727272727,14,6.163570473883768,89.05714285714285
PTEN,A126D,126.0,P60484,1,90.19,95.4309090909091,10,6.029749751160988,91.88
PTEN,A126V,126.0,P60484,1,90.19,95.4309090909091,10,6.029749751160988,91.88
PTEN,L108R,108.0,P60484,1,98.75,98.66454545454545,10,5.630861540512175,98.74999999999999
PTEN,L23V,23.0,P60484,1,93.06,92.36454545454545,9,5.520730317949739,90.94444444444443
PTEN,Q171R,171.0,P60484,1,98.5,98.06818181818181,16,6.120467136310031,97.775
PTEN,Y174D,174.0,P60484,1,98.44000000000001,98.2090909090909,12,5.823074224837615,98.25999999999999
PTEN,Y68N,68.0,P60484,1,98.75,97.24363636363637,12,5.72533046788189,98.40916666666665
CANT1,R314H,314.0,Q8WVQ1,1,98.19000000000001,97.51727272727273,9,5.50182603240474,97.56222222222222
CANT1,R42G,42.0,Q8WVQ1,1,63.529999999999994,65.40272727272726,6,5.126504874587353,67.66
CANT1,K131R,131.0,Q8WVQ1,1,98.88,98.83090909090907,11,5.7837842959526835,98.64272727272727
CANT1,G336R,336.0,Q8WVQ1,1,97.94,98.47636363636364,8,6.119239763304054,98.52125000000001
CANT1,A271V,271.0,Q8WVQ1,1,98.81,98.7790909090909,9,5.1631471744952515,98.76444444444444
CANT1,F296L,296.0,Q8WVQ1,1,98.94000000000001,98.82454545454544,12,5.779281735772322,98.91000000000001
MNX1,R268Q,268.0,P50219,1,98.25,98.17454545454547,6,5.277718809850367,98.28000000000002
TFG,S215L,215.0,Q92734,1,43.34,44.96363636363636,4,5.206504119909904,43.3275
TFG,S152F,152.0,Q92734,1,45.38,42.82181818181818,4,5.398867484821423,40.945
TFG,L49M,49.0,Q92734,1,83.44,87.66363636363637,8,5.714357957458973,87.475
P53,R175H,175.0,P04637,1,96.62000000000002,95.47636363636364,14,6.0066072036842355,95.59285714285713
P53,R248Q,248.0,P04637,1,97.25,97.14,7,5.221962144945655,97.71285714285715
P53,R273H,273.0,P04637,1,98.55999999999999,98.18727272727273,12,6.12457095874554,98.38499999999999
P53,R248W,248.0,P04637,1,97.25,97.14,7,5.221962144945655,97.71285714285715
P53,R209Q,209.0,P04637,1,91.55999999999999,94.75636363636363,5,5.083655451442377,93.65
P53,R209W,209.0,P04637,1,91.55999999999999,94.75636363636363,5,5.083655451442377,93.65
P53,Y220C,220.0,P04637,1,97.69000000000001,96.90545454545453,8,5.519691004246262,97.5025
P53,R273C,273.0,P04637,1,98.55999999999999,98.18727272727273,12,6.12457095874554,98.38499999999999
P53,G245S,245.0,P04637,1,94.81,96.94727272727272,12,5.76924153819152,96.54
P53,I195T,195.0,P04637,1,97.81,94.36363636363636,13,6.255856427951418,97.53384615384616
P53,Y163C,163.0,P04637,1,98.30999999999999,96.96545454545456,15,6.127858106780163,96.666
P53,H179R,179.0,P04637,1,94.25,89.14636363636363,10,5.8067486822480054,93.993
P53,M237I,237.0,P04637,1,96.88,97.69363636363637,12,6.108754136625976,96.84833333333334
P53,E285K,285.0,P04637,1,96.62,95.4090909090909,8,5.158764100347573,95.5775
P53,H193R,193.0,P04637,1,96.0,93.71545454545456,13,6.2484071606776315,95.65384615384616
P53,C238Y,238.0,P04637,1,97.25,97.57363636363635,14,6.35741562350012,96.92357142857145
P53,S241F,241.0,P04637,1,97.81,96.91999999999999,10,5.842489797196757,97.699
P53,H179Y,179.0,P04637,1,94.25,89.14636363636363,10,5.8067486822480054,93.993
P53,Y236C,236.0,P04637,1,98.0,97.67636363636365,13,6.0311435399944555,97.37923076923079
P53,L194R,194.0,P04637,1,97.31,94.43181818181819,12,6.032092760571021,96.72333333333336
P53,V216M,216.0,P04637,1,97.81000000000002,96.77545454545454,14,6.004383091357616,97.33142857142856
P53,C238F,238.0,P04637,1,97.25,97.57363636363635,14,6.35741562350012,96.92357142857145
P53,C135Y,135.0,P04637,1,98.31,97.47636363636364,16,6.061784292751719,97.889375
P53,Y234C,234.0,P04637,1,98.12,97.33090909090907,12,5.687574075933914,97.13583333333334
P53,C141Y,141.0,P04637,1,97.69,97.50999999999999,9,5.581350005505146,97.62333333333335
P53,G266E,266.0,P04637,1,98.19,97.67000000000002,14,5.828905560984803,97.97214285714287
P53,R280K,280.0,P04637,1,96.87999999999998,97.17545454545456,10,5.686837909773871,95.518
P53,V272M,272.0,P04637,1,98.68999999999998,98.24363636363636,12,5.881611575878311,98.4575
P53,C176F,176.0,P04637,1,96.5,95.14636363636365,12,5.586430913689672,95.53000000000002
P53,G245D,245.0,P04637,1,94.81,96.94727272727272,12,5.76924153819152,96.54
P53,R249S,249.0,P04637,1,97.80999999999999,97.32181818181817,10,6.168218607874875,97.56700000000001
P53,V157F,157.0,P04637,1,98.56000000000002,97.95545454545454,12,5.683293560648157,98.30333333333334
P53,E286K,286.0,P04637,1,96.12,94.71,11,5.743563111026952,95.25636363636363
P53,R280T,280.0,P04637,1,96.87999999999998,97.17545454545456,10,5.686837909773871,95.518
P53,R110P,110.0,P04637,1,97.80999999999999,96.36454545454545,10,5.904853816805611,97.925
P53,V173M,173.0,P04637,1,97.12,95.64181818181818,12,6.363689574264243,96.76416666666667
P53,R273L,273.0,P04637,1,98.55999999999999,98.18727272727273,12,6.12457095874554,98.38499999999999
P53,P278S,278.0,P04637,1,98.0,97.57363636363634,17,6.0180202455235134,96.84058823529412
P53,K132R,132.0,P04637,1,98.25,97.34636363636363,12,5.677863834123857,97.62083333333334
P53,P151S,151.0,P04637,1,97.18999999999998,97.25181818181818,6,5.634637017004125,97.00166666666667
P53,K132N,132.0,P04637,1,98.25,97.34636363636363,12,5.677863834123857,97.62083333333334
P53,H179Q,179.0,P04637,1,94.25,89.14636363636363,10,5.8067486822480054,93.993
P53,G245V,245.0,P04637,1,94.81,96.94727272727272,12,5.76924153819152,96.54
P53,P278L,278.0,P04637,1,98.0,97.57363636363634,17,6.0180202455235134,96.84058823529412
P53,G266R,266.0,P04637,1,98.19,97.67000000000002,14,5.828905560984803,97.97214285714287
P53,C242Y,242.0,P04637,1,97.44,96.87454545454544,11,5.6419960589126035,96.82272727272729
P53,H193Y,193.0,P04637,1,96.0,93.71545454545456,13,6.2484071606776315,95.65384615384616
P53,N239D,239.0,P04637,1,98.19,97.22727272727273,12,6.058742174879558,97.78000000000002
P53,Y205C,205.0,P04637,1,96.80999999999999,93.98818181818181,11,6.117504952567939,95.81363636363636
P53,L35R,35.0,P04637,1,36.53,37.58363636363636,4,5.13428231200656,36.205
P53,A159V,159.0,P04637,1,98.62,98.16454545454545,12,5.852164780982666,98.3225
P53,R156P,156.0,P04637,1,98.25,97.88181818181819,13,5.680380311458391,97.63153846153847
P53,C135W,135.0,P04637,1,98.31,97.47636363636364,16,6.061784292751719,97.889375
P53,D281H,281.0,P04637,1,97.31,96.99363636363637,10,5.696113703546343,97.274
P53,K132E,132.0,P04637,1,98.25,97.34636363636363,12,5.677863834123857,97.62083333333334
P53,V173L,173.0,P04637,1,97.12,95.64181818181818,12,6.363689574264243,96.76416666666667
P53,D208V,208.0,P04637,1,94.0,94.64818181818181,9,5.503048035168141,94.79333333333334
P53,Y220H,220.0,P04637,1,97.69000000000001,96.90545454545453,8,5.519691004246262,97.5025
P53,C275F,275.0,P04637,1,98.12,97.98272727272727,13,6.007398991379639,97.96000000000001
P53,C242F,242.0,P04637,1,97.44,96.87454545454544,11,5.6419960589126035,96.82272727272729
P53,D281E,281.0,P04637,1,97.31,96.99363636363637,10,5.696113703546343,97.274
P53,P278T,278.0,P04637,1,98.0,97.57363636363634,17,6.0180202455235134,96.84058823529412
P53,R280I,280.0,P04637,1,96.87999999999998,97.17545454545456,10,5.686837909773871,95.518
P53,N200D,200.0,P04637,1,90.19,94.54545454545455,7,5.555042830457597,94.30428571428571
P53,S241C,241.0,P04637,1,97.81,96.91999999999999,10,5.842489797196757,97.699
P53,A138P,138.0,P04637,1,95.75,97.61818181818181,8,5.4314964946968765,97.32
P53,R249W,249.0,P04637,1,97.80999999999999,97.32181818181817,10,6.168218607874875,97.56700000000001
P53,F113V,113.0,P04637,1,97.5,94.7909090909091,8,5.7457903218418585,96.21375
P53,I195N,195.0,P04637,1,97.81,94.36363636363636,13,6.255856427951418,97.53384615384616
P53,E258K,258.0,P04637,1,98.5,97.57363636363635,14,5.681298510807127,97.65214285714285
P53,H193L,193.0,P04637,1,96.0,93.71545454545456,13,6.2484071606776315,95.65384615384616
P53,C176W,176.0,P04637,1,96.5,95.14636363636365,12,5.586430913689672,95.53000000000002
P53,C176Y,176.0,P04637,1,96.5,95.14636363636365,12,5.586430913689672,95.53000000000002
P53,C176R,176.0,P04637,1,96.5,95.14636363636365,12,5.586430913689672,95.53000000000002
P53,C277F,277.0,P04637,1,97.12,97.78363636363635,12,6.3010736360299004,96.36416666666666
P53,C275Y,275.0,P04637,1,98.12,97.98272727272727,13,6.007398991379639,97.96000000000001
P53,C275R,275.0,P04637,1,98.12,97.98272727272727,13,6.007398991379639,97.96000000000001
P53,V274G,274.0,P04637,1,98.68999999999998,98.10181818181817,14,5.954339345926074,98.03
P53,P278R,278.0,P04637,1,98.0,97.57363636363634,17,6.0180202455235134,96.84058823529412
P53,F270L,270.0,P04637,1,98.5,98.41999999999999,10,5.779298465744612,98.344
P53,H168R,168.0,P04637,1,94.69000000000001,95.8009090909091,8,5.388627552526184,95.71125
P53,S127F,127.0,P04637,1,97.38,97.04636363636364,11,5.9276124960783445,97.25
P53,P151A,151.0,P04637,1,97.18999999999998,97.25181818181818,6,5.634637017004125,97.00166666666667
P53,L194P,194.0,P04637,1,97.31,94.43181818181819,12,6.032092760571021,96.72333333333336
P53,P151H,151.0,P04637,1,97.18999999999998,97.25181818181818,6,5.634637017004125,97.00166666666667
P53,V157D,157.0,P04637,1,98.56000000000002,97.95545454545454,12,5.683293560648157,98.30333333333334
P53,F134L,134.0,P04637,1,98.55999999999999,97.27727272727272,16,6.044597359930943,98.034375
P53,H168Y,168.0,P04637,1,94.69000000000001,95.8009090909091,8,5.388627552526184,95.71125
P53,R337C,337.0,P04637,1,94.80999999999999,95.78272727272729,9,5.505410492723643,96.00555555555555
P53,M246I,246.0,P04637,1,97.12,96.97545454545455,17,6.468882421810402,96.97999999999999
P53,S127P,127.0,P04637,1,97.38,97.04636363636364,11,5.9276124960783445,97.25
P53,R249G,249.0,P04637,1,97.80999999999999,97.32181818181817,10,6.168218607874875,97.56700000000001
P53,Y163N,163.0,P04637,1,98.30999999999999,96.96545454545456,15,6.127858106780163,96.666
P53,S241Y,241.0,P04637,1,97.81,96.91999999999999,10,5.842489797196757,97.699
P53,C238S,238.0,P04637,1,97.25,97.57363636363635,14,6.35741562350012,96.92357142857145
P53,M133K,133.0,P04637,1,98.44,97.19818181818182,12,5.773461979347657,98.17166666666667
P53,T253P,253.0,P04637,1,98.62,98.34545454545454,12,5.6657952297109375,98.45833333333333
P53,V274A,274.0,P04637,1,98.68999999999998,98.10181818181817,14,5.954339345926074,98.03
P53,R280G,280.0,P04637,1,96.87999999999998,97.17545454545456,10,5.686837909773871,95.518
P53,F113C,113.0,P04637,1,97.5,94.7909090909091,8,5.7457903218418585,96.21375
P53,L111P,111.0,P04637,1,98.19,95.76181818181817,10,6.009457159967584,97.931
P53,P278A,278.0,P04637,1,98.0,97.57363636363634,17,6.0180202455235134,96.84058823529412
P53,R282G,282.0,P04637,1,97.5,96.79454545454546,13,5.954503721201717,96.93230769230769
P53,D281N,281.0,P04637,1,97.31,96.99363636363637,10,5.696113703546343,97.274
P53,Y126C,126.0,P04637,1,98.19000000000001,96.5409090909091,13,6.190514716452526,96.11615384615385
P53,D281G,281.0,P04637,1,97.31,96.99363636363637,10,5.696113703546343,97.274
P53,G279E,279.0,P04637,1,97.31,97.36363636363636,15,5.9269933844814755,95.50399999999996
P53,C176S,176.0,P04637,1,96.5,95.14636363636365,12,5.586430913689672,95.53000000000002
P53,I255N,255.0,P04637,1,98.69,98.23272727272727,11,5.626399372400528,98.51545454545455
P53,T125R,125.0,P04637,1,98.06000000000002,95.75636363636363,16,6.309999092405425,95.719375
P53,N239S,239.0,P04637,1,98.19,97.22727272727273,12,6.058742174879558,97.78000000000002
P53,K139N,139.0,P04637,1,96.81,97.56727272727272,10,5.856190414625347,97.418
P53,G245C,245.0,P04637,1,94.81,96.94727272727272,12,5.76924153819152,96.54
P53,G244D,244.0,P04637,1,93.75,96.9590909090909,8,5.81296871507065,96.475
P53,C242S,242.0,P04637,1,97.44,96.87454545454544,11,5.6419960589126035,96.82272727272729
P53,L130V,130.0,P04637,1,96.25,97.43818181818182,7,5.541216677766962,96.94714285714285
P53,G199V,199.0,P04637,1,90.0,94.5909090909091,5,5.701939712323387,93.812
P53,Q136E,136.0,P04637,1,98.12,97.60727272727271,14,5.999498002842851,97.63714285714286
P53,C141W,141.0,P04637,1,97.69,97.50999999999999,9,5.581350005505146,97.62333333333335
P53,C135F,135.0,P04637,1,98.31,97.47636363636364,16,6.061784292751719,97.889375
P53,R249T,249.0,P04637,1,97.80999999999999,97.32181818181817,10,6.168218607874875,97.56700000000001
P53,R174G,174.0,P04637,1,95.12000000000002,95.60181818181817,10,5.912231487707141,96.267
P53,Y220N,220.0,P04637,1,97.69000000000001,96.90545454545453,8,5.519691004246262,97.5025
P53,R248L,248.0,P04637,1,97.25,97.14,7,5.221962144945655,97.71285714285715
P53,P250L,250.0,P04637,1,98.06000000000002,97.77090909090909,12,6.331716256414388,97.85833333333333
P53,E258G,258.0,P04637,1,98.5,97.57363636363635,14,5.681298510807127,97.65214285714285
P53,F134C,134.0,P04637,1,98.55999999999999,97.27727272727272,16,6.044597359930943,98.034375
P53,R175G,175.0,P04637,1,96.62000000000002,95.47636363636364,14,6.0066072036842355,95.59285714285713
P53,P190L,190.0,P04637,1,92.93999999999998,87.18727272727273,8,5.986426827429158,87.22625
P53,E224D,224.0,P04637,1,95.19,95.71727272727271,8,6.077640015842357,95.3375
P53,S106R,106.0,P04637,1,97.12,97.48818181818181,7,6.133259814531302,97.7057142857143
P53,Y220S,220.0,P04637,1,97.69000000000001,96.90545454545453,8,5.519691004246262,97.5025
P53,V274F,274.0,P04637,1,98.68999999999998,98.10181818181817,14,5.954339345926074,98.03
P53,R283C,283.0,P04637,1,96.37999999999998,96.48272727272727,9,5.398104900154204,96.25555555555555
P53,E271K,271.0,P04637,1,98.5,98.3409090909091,13,5.998299455097508,98.11999999999999
P53,V272L,272.0,P04637,1,98.68999999999998,98.24363636363636,12,5.881611575878311,98.4575
P53,G266V,266.0,P04637,1,98.19,97.67000000000002,14,5.828905560984803,97.97214285714287
P53,D49V,49.0,P04637,1,46.56,42.11818181818182,6,5.811993332371301,43.248333333333335
P53,R273P,273.0,P04637,1,98.55999999999999,98.18727272727273,12,6.12457095874554,98.38499999999999
P53,E287D,287.0,P04637,1,95.25,93.27272727272727,8,5.0707041416654945,93.96875
P53,F270C,270.0,P04637,1,98.5,98.41999999999999,10,5.779298465744612,98.344
P53,S241A,241.0,P04637,1,97.81,96.91999999999999,10,5.842489797196757,97.699
P53,V157G,157.0,P04637,1,98.56000000000002,97.95545454545454,12,5.683293560648157,98.30333333333334
P53,I232S,232.0,P04637,1,97.94,96.70545454545457,10,6.106868900475382,97.137
P53,L145Q,145.0,P04637,1,98.12,97.4718181818182,12,5.835068991762983,97.56416666666667
P53,Y205F,205.0,P04637,1,96.80999999999999,93.98818181818181,11,6.117504952567939,95.81363636363636
P53,L257R,257.0,P04637,1,98.56,97.71,13,5.829739883378443,98.34153846153846
P53,Y205H,205.0,P04637,1,96.80999999999999,93.98818181818181,11,6.117504952567939,95.81363636363636
P53,R196Q,196.0,P04637,1,96.69000000000001,94.23818181818181,11,6.028774827604752,96.34636363636363
P53,R181P,181.0,P04637,1,91.62,84.30090909090909,7,5.489940629337752,89.16
P53,H214R,214.0,P04637,1,97.19000000000001,95.78636363636362,15,6.465227662969074,96.454
P53,I255T,255.0,P04637,1,98.69,98.23272727272727,11,5.626399372400528,98.51545454545455
P53,Y205N,205.0,P04637,1,96.80999999999999,93.98818181818181,11,6.117504952567939,95.81363636363636
P53,V172F,172.0,P04637,1,96.31000000000002,95.62454545454544,13,6.601114876004146,91.38230769230769
P53,V172D,172.0,P04637,1,96.31000000000002,95.62454545454544,13,6.601114876004146,91.38230769230769
P53,Y126D,126.0,P04637,1,98.19000000000001,96.5409090909091,13,6.190514716452526,96.11615384615385
P53,Y234N,234.0,P04637,1,98.12,97.33090909090907,12,5.687574075933914,97.13583333333334
P53,M246V,246.0,P04637,1,97.12,96.97545454545455,17,6.468882421810402,96.97999999999999
P53,M246T,246.0,P04637,1,97.12,96.97545454545455,17,6.468882421810402,96.97999999999999
P53,M246L,246.0,P04637,1,97.12,96.97545454545455,17,6.468882421810402,96.97999999999999
P53,N239H,239.0,P04637,1,98.19,97.22727272727273,12,6.058742174879558,97.78000000000002
P53,M243I,243.0,P04637,1,96.62,96.90818181818182,7,5.38818296489059,96.41857142857144
P53,D259Y,259.0,P04637,1,97.44,97.51727272727273,12,5.697629158897737,97.32916666666667
P53,I195F,195.0,P04637,1,97.81,94.36363636363636,13,6.255856427951418,97.53384615384616
P53,F134V,134.0,P04637,1,98.55999999999999,97.27727272727272,16,6.044597359930943,98.034375
P53,V216L,216.0,P04637,1,97.81000000000002,96.77545454545454,14,6.004383091357616,97.33142857142856
P53,H179P,179.0,P04637,1,94.25,89.14636363636363,10,5.8067486822480054,93.993
P53,Y234H,234.0,P04637,1,98.12,97.33090909090907,12,5.687574075933914,97.13583333333334
P53,R248P,248.0,P04637,1,97.25,97.14,7,5.221962144945655,97.71285714285715
P53,R213L,213.0,P04637,1,96.37999999999998,95.43363636363637,10,5.9229118210469895,95.076
P53,M133R,133.0,P04637,1,98.44,97.19818181818182,12,5.773461979347657,98.17166666666667
P53,H168P,168.0,P04637,1,94.69000000000001,95.8009090909091,8,5.388627552526184,95.71125
P53,R209L,209.0,P04637,1,91.55999999999999,94.75636363636363,5,5.083655451442377,93.65
P53,P151L,151.0,P04637,1,97.18999999999998,97.25181818181818,6,5.634637017004125,97.00166666666667
P53,R283P,283.0,P04637,1,96.37999999999998,96.48272727272727,9,5.398104900154204,96.25555555555555
P53,R342P,342.0,P04637,1,94.75,95.22636363636364,8,5.119969502566603,95.50625
P53,N200S,200.0,P04637,1,90.19,94.54545454545455,7,5.555042830457597,94.30428571428571
P53,F270S,270.0,P04637,1,98.5,98.41999999999999,10,5.779298465744612,98.344
P53,G262V,262.0,P04637,1,94.56,97.43727272727274,7,5.445707876401685,97.40285714285713
P53,C124Y,124.0,P04637,1,97.62,95.50090909090909,14,6.197145439887746,97.15142857142858
P53,Y107D,107.0,P04637,1,97.55999999999999,97.55090909090909,12,5.880996457892678,97.33916666666666
P53,V274L,274.0,P04637,1,98.68999999999998,98.10181818181817,14,5.954339345926074,98.03
P53,E11Q,11.0,P04637,1,49.72,48.20363636363636,4,5.117476639729917,49.0975
P53,E271Q,271.0,P04637,1,98.5,98.3409090909091,13,5.998299455097508,98.11999999999999
P53,R110H,110.0,P04637,1,97.80999999999999,96.36454545454545,10,5.904853816805611,97.925
P53,E286V,286.0,P04637,1,96.12,94.71,11,5.743563111026952,95.25636363636363
P53,H168L,168.0,P04637,1,94.69000000000001,95.8009090909091,8,5.388627552526184,95.71125
P53,R282P,282.0,P04637,1,97.5,96.79454545454546,13,5.954503721201717,96.93230769230769
P53,E180Q,180.0,P04637,1,93.31,86.7209090909091,9,5.1430552672597525,93.38111111111112
P53,R273S,273.0,P04637,1,98.55999999999999,98.18727272727273,12,6.12457095874554,98.38499999999999
P53,R248G,248.0,P04637,1,97.25,97.14,7,5.221962144945655,97.71285714285715
P53,R249M,249.0,P04637,1,97.80999999999999,97.32181818181817,10,6.168218607874875,97.56700000000001
P53,G244S,244.0,P04637,1,93.75,96.9590909090909,8,5.81296871507065,96.475
P53,R181C,181.0,P04637,1,91.62,84.30090909090909,7,5.489940629337752,89.16
P53,R196P,196.0,P04637,1,96.69000000000001,94.23818181818181,11,6.028774827604752,96.34636363636363
P53,A138V,138.0,P04637,1,95.75,97.61818181818181,8,5.4314964946968765,97.32
P53,S241T,241.0,P04637,1,97.81,96.91999999999999,10,5.842489797196757,97.699
P53,S127Y,127.0,P04637,1,97.38,97.04636363636364,11,5.9276124960783445,97.25
P53,H178D,178.0,P04637,1,94.88,91.58909090909091,6,5.118235074335666,92.48833333333334
P53,S215R,215.0,P04637,1,97.88,96.34363636363636,14,6.14895673368874,97.05785714285715
P53,D208E,208.0,P04637,1,94.0,94.64818181818181,9,5.503048035168141,94.79333333333334
P53,P128S,128.0,P04637,1,95.93999999999998,97.2509090909091,6,5.254348391434299,97.085
P53,S215I,215.0,P04637,1,97.88,96.34363636363636,14,6.14895673368874,97.05785714285715
P53,L145R,145.0,P04637,1,98.12,97.4718181818182,12,5.835068991762983,97.56416666666667
P53,L35P,35.0,P04637,1,36.53,37.58363636363636,4,5.13428231200656,36.205
P53,Y205S,205.0,P04637,1,96.80999999999999,93.98818181818181,11,6.117504952567939,95.81363636363636
P53,G199E,199.0,P04637,1,90.0,94.5909090909091,5,5.701939712323387,93.812
P53,E258D,258.0,P04637,1,98.5,97.57363636363635,14,5.681298510807127,97.65214285714285
P53,P177R,177.0,P04637,1,95.18999999999998,94.08909090909091,8,5.597199203458137,94.4675
P53,M246K,246.0,P04637,1,97.12,96.97545454545455,17,6.468882421810402,96.97999999999999
P53,V143G,143.0,P04637,1,98.31000000000002,97.47727272727273,12,5.979428785659422,97.37583333333332
P53,A161D,161.0,P04637,1,98.31,97.64090909090909,13,6.254220318105047,98.06615384615385
P53,K120E,120.0,P04637,1,88.81,93.3581818181818,8,5.786430302445034,95.58625
P53,I255F,255.0,P04637,1,98.69,98.23272727272727,11,5.626399372400528,98.51545454545455
P53,C176G,176.0,P04637,1,96.5,95.14636363636365,12,5.586430913689672,95.53000000000002
P53,V216E,216.0,P04637,1,97.81000000000002,96.77545454545454,14,6.004383091357616,97.33142857142856
P53,T155N,155.0,P04637,1,98.38,97.69999999999999,12,5.599972954225695,97.575
P53,E180K,180.0,P04637,1,93.31,86.7209090909091,9,5.1430552672597525,93.38111111111112
P53,N131I,131.0,P04637,1,97.44,97.44363636363637,9,5.611429355502705,97.38333333333334
P53,C141R,141.0,P04637,1,97.69,97.50999999999999,9,5.581350005505146,97.62333333333335
P53,M246R,246.0,P04637,1,97.12,96.97545454545455,17,6.468882421810402,96.97999999999999
P53,G244V,244.0,P04637,1,93.75,96.9590909090909,8,5.81296871507065,96.475
P53,M133I,133.0,P04637,1,98.44,97.19818181818182,12,5.773461979347657,98.17166666666667
P53,G244C,244.0,P04637,1,93.75,96.9590909090909,8,5.81296871507065,96.475
P53,I255S,255.0,P04637,1,98.69,98.23272727272727,11,5.626399372400528,98.51545454545455
P53,R209I,209.0,P04637,1,91.55999999999999,94.75636363636363,5,5.083655451442377,93.65
P53,H179L,179.0,P04637,1,94.25,89.14636363636363,10,5.8067486822480054,93.993
P53,N200H,200.0,P04637,1,90.19,94.54545454545455,7,5.555042830457597,94.30428571428571
P53,R209P,209.0,P04637,1,91.55999999999999,94.75636363636363,5,5.083655451442377,93.65
P53,R174L,174.0,P04637,1,95.12000000000002,95.60181818181817,10,5.912231487707141,96.267
P53,R158H,158.0,P04637,1,98.55999999999999,98.08545454545452,12,5.7319327458235945,98.31333333333333
P53,R273G,273.0,P04637,1,98.55999999999999,98.18727272727273,12,6.12457095874554,98.38499999999999
P53,E286G,286.0,P04637,1,96.12,94.71,11,5.743563111026952,95.25636363636363
P53,R267P,267.0,P04637,1,98.62000000000002,97.88636363636364,17,6.281318041112719,97.77941176470588
P53,L265P,265.0,P04637,1,98.31,97.47727272727273,12,6.184264241399874,97.83333333333336
P53,D281Y,281.0,P04637,1,97.31,96.99363636363637,10,5.696113703546343,97.274
P53,V274D,274.0,P04637,1,98.68999999999998,98.10181818181817,14,5.954339345926074,98.03
P53,P27T,27.0,P04637,1,63.15999999999998,59.1109090909091,5,5.4917033807236795,57.1
P53,G105V,105.0,P04637,1,96.69,97.15272727272728,9,5.409757350225593,97.9011111111111
P53,L111Q,111.0,P04637,1,98.19,95.76181818181817,10,6.009457159967584,97.931
P53,A78V,78.0,P04637,1,48.34,50.08545454545455,4,5.350141729350857,49.307500000000005
P53,I251S,251.0,P04637,1,98.56,98.12363636363638,12,5.757717163259495,98.165
P53,T125K,125.0,P04637,1,98.06000000000002,95.75636363636363,16,6.309999092405425,95.719375
P53,P89S,89.0,P04637,1,51.160000000000004,57.277272727272724,4,4.9502907853586535,54.62249999999999
P53,P58L,58.0,P04637,1,44.410000000000004,43.03363636363636,4,5.383199273675715,42.7175
P53,R209G,209.0,P04637,1,91.55999999999999,94.75636363636363,5,5.083655451442377,93.65
P53,S215G,215.0,P04637,1,97.88,96.34363636363636,14,6.14895673368874,97.05785714285715
P53,G112D,112.0,P04637,1,96.88,95.2,8,5.700025914826406,97.47625
P53,L194F,194.0,P04637,1,97.31,94.43181818181819,12,6.032092760571021,96.72333333333336
P53,I251F,251.0,P04637,1,98.56,98.12363636363638,12,5.757717163259495,98.165
P53,V218E,218.0,P04637,1,97.88,97.18454545454546,11,5.772688674457362,96.73363636363636
P53,I251N,251.0,P04637,1,98.56,98.12363636363638,12,5.757717163259495,98.165
P53,N239T,239.0,P04637,1,98.19,97.22727272727273,12,6.058742174879558,97.78000000000002
P53,V217A,217.0,P04637,1,97.93999999999998,97.01999999999998,12,5.756114500672521,97.53166666666668
P53,R174W,174.0,P04637,1,95.12000000000002,95.60181818181817,10,5.912231487707141,96.267
P53,R181H,181.0,P04637,1,91.62,84.30090909090909,7,5.489940629337752,89.16
P53,R213Q,213.0,P04637,1,96.37999999999998,95.43363636363637,10,5.9229118210469895,95.076
P53,T256P,256.0,P04637,1,98.68999999999998,98.07363636363638,12,5.731400223363025,98.45666666666669
P53,T253A,253.0,P04637,1,98.62,98.34545454545454,12,5.6657952297109375,98.45833333333333
P53,I195S,195.0,P04637,1,97.81,94.36363636363636,13,6.255856427951418,97.53384615384616
P53,E258Q,258.0,P04637,1,98.5,97.57363636363635,14,5.681298510807127,97.65214285714285
P53,G187S,187.0,P04637,1,76.19,81.00545454545454,5,5.2692784163737665,80.888
P53,M243T,243.0,P04637,1,96.62,96.90818181818182,7,5.38818296489059,96.41857142857144
P53,M237V,237.0,P04637,1,96.88,97.69363636363637,12,6.108754136625976,96.84833333333334
P53,L137Q,137.0,P04637,1,97.12,97.61272727272727,12,5.9451980982459895,97.5625
P53,M237K,237.0,P04637,1,96.88,97.69363636363637,12,6.108754136625976,96.84833333333334
P53,L145P,145.0,P04637,1,98.12,97.4718181818182,12,5.835068991762983,97.56416666666667
P53,G154D,154.0,P04637,1,96.88,97.50090909090909,8,5.758381441913462,97.44874999999999
P53,S215T,215.0,P04637,1,97.88,96.34363636363636,14,6.14895673368874,97.05785714285715
P53,M169I,169.0,P04637,1,94.69,95.5109090909091,11,5.6567809435711265,95.81818181818181
P53,M160V,160.0,P04637,1,98.38,98.01636363636362,12,6.007571112907448,98.04083333333335
P53,Y205D,205.0,P04637,1,96.80999999999999,93.98818181818181,11,6.117504952567939,95.81363636363636
P53,L252P,252.0,P04637,1,98.44,98.25454545454545,12,5.529332705925579,98.32666666666667
P53,L257P,257.0,P04637,1,98.56,97.71,13,5.829739883378443,98.34153846153846
P53,L130R,130.0,P04637,1,96.25,97.43818181818182,7,5.541216677766962,96.94714285714285
P53,F113P,113.0,P04637,1,97.5,94.7909090909091,8,5.7457903218418585,96.21375
P53,F134I,134.0,P04637,1,98.55999999999999,97.27727272727272,16,6.044597359930943,98.034375
P53,K132M,132.0,P04637,1,98.25,97.34636363636363,12,5.677863834123857,97.62083333333334
P53,K164E,164.0,P04637,1,97.56,96.61363636363639,11,6.015594724866031,96.96
P53,F212S,212.0,P04637,1,94.37999999999998,95.18272727272728,10,5.81188258589672,90.00300000000001
P53,L257Q,257.0,P04637,1,98.56,97.71,13,5.829739883378443,98.34153846153846
P53,V147D,147.0,P04637,1,97.88,97.39818181818183,10,5.60546081642324,97.199
P53,Q144P,144.0,P04637,1,97.88,97.51727272727273,12,5.599167926602632,97.16250000000001
P53,D259V,259.0,P04637,1,97.44,97.51727272727273,12,5.697629158897737,97.32916666666667
P53,Q144H,144.0,P04637,1,97.88,97.51727272727273,12,5.599167926602632,97.16250000000001
P53,C182W,182.0,P04637,1,84.06,82.45454545454545,8,5.766799359187845,84.39750000000001
P53,H178P,178.0,P04637,1,94.88,91.58909090909091,6,5.118235074335666,92.48833333333334
P53,Q192R,192.0,P04637,1,93.69,92.18727272727273,7,5.320269995180148,94.98857142857143
P53,Q165H,165.0,P04637,1,95.25,96.30727272727273,8,5.656328653730684,96.2575
P53,Q167L,167.0,P04637,1,94.69,95.8809090909091,5,5.408084245682285,94.826
P53,A159P,159.0,P04637,1,98.62,98.16454545454545,12,5.852164780982666,98.3225
P53,H168Q,168.0,P04637,1,94.69000000000001,95.8009090909091,8,5.388627552526184,95.71125
P53,H193P,193.0,P04637,1,96.0,93.71545454545456,13,6.2484071606776315,95.65384615384616
P53,P151T,151.0,P04637,1,97.18999999999998,97.25181818181818,6,5.634637017004125,97.00166666666667
P53,P151R,151.0,P04637,1,97.18999999999998,97.25181818181818,6,5.634637017004125,97.00166666666667
P53,V197E,197.0,P04637,1,96.75,94.35818181818182,11,6.023341057963197,95.66454545454545
P53,C242R,242.0,P04637,1,97.44,96.87454545454544,11,5.6419960589126035,96.82272727272729
P53,C242G,242.0,P04637,1,97.44,96.87454545454544,11,5.6419960589126035,96.82272727272729
P53,D186H,186.0,P04637,1,70.0,80.81727272727272,5,5.2542773879393465,77.588
P53,C135G,135.0,P04637,1,98.31,97.47636363636364,16,6.061784292751719,97.889375
P53,C238R,238.0,P04637,1,97.25,97.57363636363635,14,6.35741562350012,96.92357142857145
P53,H214Y,214.0,P04637,1,97.19000000000001,95.78636363636362,15,6.465227662969074,96.454
P53,R158P,158.0,P04637,1,98.55999999999999,98.08545454545452,12,5.7319327458235945,98.31333333333333
P53,S303N,303.0,P04637,1,42.88,44.858181818181826,4,5.195196495445678,45.89
P53,L265M,265.0,P04637,1,98.31,97.47727272727273,12,6.184264241399874,97.83333333333336
P53,N268I,268.0,P04637,1,98.25,98.25,15,6.240997283412024,97.85000000000001
P53,Q331H,331.0,P04637,1,95.81,93.43727272727273,4,5.234323223516539,95.0625
P53,L330P,330.0,P04637,1,94.44,91.81272727272727,4,5.048416962240503,94.03
P53,R267W,267.0,P04637,1,98.62000000000002,97.88636363636364,17,6.281318041112719,97.77941176470588
P53,R267Q,267.0,P04637,1,98.62000000000002,97.88636363636364,17,6.281318041112719,97.77941176470588
P53,C124F,124.0,P04637,1,97.62,95.50090909090909,14,6.197145439887746,97.15142857142858
P53,E287G,287.0,P04637,1,95.25,93.27272727272727,8,5.0707041416654945,93.96875
P53,C124W,124.0,P04637,1,97.62,95.50090909090909,14,6.197145439887746,97.15142857142858
P53,R202L,202.0,P04637,1,94.94000000000001,94.22727272727273,6,5.460935216864649,94.96
P53,A39V,39.0,P04637,1,36.31,37.89272727272727,5,5.656346983137789,38.757999999999996
P53,L130F,130.0,P04637,1,96.25,97.43818181818182,7,5.541216677766962,96.94714285714285
P53,N200T,200.0,P04637,1,90.19,94.54545454545455,7,5.555042830457597,94.30428571428571
P53,R174Q,174.0,P04637,1,95.12000000000002,95.60181818181817,10,5.912231487707141,96.267
P53,T125P,125.0,P04637,1,98.06000000000002,95.75636363636363,16,6.309999092405425,95.719375
P53,R337L,337.0,P04637,1,94.80999999999999,95.78272727272729,9,5.505410492723643,96.00555555555555
P53,D49E,49.0,P04637,1,46.56,42.11818181818182,6,5.811993332371301,43.248333333333335
P53,G112V,112.0,P04637,1,96.88,95.2,8,5.700025914826406,97.47625
P53,G112S,112.0,P04637,1,96.88,95.2,8,5.700025914826406,97.47625
P53,G112C,112.0,P04637,1,96.88,95.2,8,5.700025914826406,97.47625
P53,A347T,347.0,P04637,1,93.88,92.05636363636364,8,5.150471879951116,92.01375
P53,A78S,78.0,P04637,1,48.34,50.08545454545455,4,5.350141729350857,49.307500000000005
P53,Q52H,52.0,P04637,1,44.62,43.02454545454545,6,5.7428215632793025,43.33166666666667
P53,P27S,27.0,P04637,1,63.15999999999998,59.1109090909091,5,5.4917033807236795,57.1
P53,S20L,20.0,P04637,1,71.25,67.85636363636364,7,5.245692722542088,68.83714285714287
P53,K132T,132.0,P04637,1,98.25,97.34636363636363,12,5.677863834123857,97.62083333333334
P53,E11K,11.0,P04637,1,49.72,48.20363636363636,4,5.117476639729917,49.0975
P53,F109L,109.0,P04637,1,98.25,97.16545454545454,16,6.206231208285109,97.823125
P53,F109S,109.0,P04637,1,98.25,97.16545454545454,16,6.206231208285109,97.823125
P53,P4L,4.0,P04637,1,45.910000000000004,40.965555555555554,4,5.328634899112942,39.99
P53,P47L,47.0,P04637,1,37.94,42.01909090909091,5,5.546821916709219,43.724000000000004
P53,E28K,28.0,P04637,1,57.66,55.54636363636362,5,5.573540937086884,51.364
P53,P34L,34.0,P04637,1,38.0,38.43545454545455,4,4.98904777010047,36.29
P53,S94P,94.0,P04637,1,75.81,75.85454545454546,7,5.440188760701994,84.78142857142858
P53,L111R,111.0,P04637,1,98.19,95.76181818181817,10,6.009457159967584,97.931
P53,P142L,142.0,P04637,1,97.5,97.48818181818181,10,5.78499268291743,97.332
P53,P71A,71.0,P04637,1,55.06,47.625454545454545,4,5.2653064236561775,44.9375
P53,P72A,72.0,P04637,1,48.25,47.12,4,5.215679336631951,48.6875
P53,Y236H,236.0,P04637,1,98.0,97.67636363636365,13,6.0311435399944555,97.37923076923079
P53,Y234D,234.0,P04637,1,98.12,97.33090909090907,12,5.687574075933914,97.13583333333334
P53,H214D,214.0,P04637,1,97.19000000000001,95.78636363636362,15,6.465227662969074,96.454
P53,Q5H,5.0,P04637,1,39.31,41.46,4,5.271265536304281,40.5875
P53,R110L,110.0,P04637,1,97.80999999999999,96.36454545454545,10,5.904853816805611,97.925
P53,K164M,164.0,P04637,1,97.56,96.61363636363639,11,6.015594724866031,96.96
P53,R158L,158.0,P04637,1,98.55999999999999,98.08545454545452,12,5.7319327458235945,98.31333333333333
P53,P219H,219.0,P04637,1,97.88,97.07636363636362,10,5.920659712935147,97.28299999999999
P53,G199T,199.0,P04637,1,90.0,94.5909090909091,5,5.701939712323387,93.812
P53,R158G,158.0,P04637,1,98.55999999999999,98.08545454545452,12,5.7319327458235945,98.31333333333333
P53,W146R,146.0,P04637,1,98.11999999999999,97.4718181818182,12,5.947067604440331,97.12166666666667
P53,G226V,226.0,P04637,1,94.5,95.58636363636364,5,5.710322887198641,95.05
P53,K132Q,132.0,P04637,1,98.25,97.34636363636363,12,5.677863834123857,97.62083333333334
P53,P219L,219.0,P04637,1,97.88,97.07636363636362,10,5.920659712935147,97.28299999999999
P53,Y163D,163.0,P04637,1,98.30999999999999,96.96545454545456,15,6.127858106780163,96.666
P53,Y126N,126.0,P04637,1,98.19000000000001,96.5409090909091,13,6.190514716452526,96.11615384615385
P53,P190S,190.0,P04637,1,92.93999999999998,87.18727272727273,8,5.986426827429158,87.22625
P53,K139Q,139.0,P04637,1,96.81,97.56727272727272,10,5.856190414625347,97.418
P53,P222T,222.0,P04637,1,95.88,96.30818181818182,7,5.986254118881442,96.27857142857144
P53,Y163S,163.0,P04637,1,98.30999999999999,96.96545454545456,15,6.127858106780163,96.666
P53,P223L,223.0,P04637,1,96.18999999999998,95.94454545454545,9,5.537184424156578,95.33444444444444
P53,K139R,139.0,P04637,1,96.81,97.56727272727272,10,5.856190414625347,97.418
P53,R156G,156.0,P04637,1,98.25,97.88181818181819,13,5.680380311458391,97.63153846153847
P53,G187D,187.0,P04637,1,76.19,81.00545454545454,5,5.2692784163737665,80.888
P53,G187C,187.0,P04637,1,76.19,81.00545454545454,5,5.2692784163737665,80.888
P53,V143E,143.0,P04637,1,98.31000000000002,97.47727272727273,12,5.979428785659422,97.37583333333332
P53,H179D,179.0,P04637,1,94.25,89.14636363636363,10,5.8067486822480054,93.993
P53,V143M,143.0,P04637,1,98.31000000000002,97.47727272727273,12,5.979428785659422,97.37583333333332
P53,H193D,193.0,P04637,1,96.0,93.71545454545456,13,6.2484071606776315,95.65384615384616
P53,H193N,193.0,P04637,1,96.0,93.71545454545456,13,6.2484071606776315,95.65384615384616
P53,H179N,179.0,P04637,1,94.25,89.14636363636363,10,5.8067486822480054,93.993
P53,T231S,231.0,P04637,1,97.25,96.4890909090909,8,5.3748846889669855,97.44624999999999
P53,V147F,147.0,P04637,1,97.88,97.39818181818183,10,5.60546081642324,97.199
P53,I232F,232.0,P04637,1,97.94,96.70545454545457,10,6.106868900475382,97.137
P53,V147G,147.0,P04637,1,97.88,97.39818181818183,10,5.60546081642324,97.199
P53,I232T,232.0,P04637,1,97.94,96.70545454545457,10,6.106868900475382,97.137
P53,N210T,210.0,P04637,1,91.56,94.90454545454546,4,4.809020042958904,93.2825
P53,T230N,230.0,P04637,1,96.88,96.24454545454545,12,6.008076453710323,96.40166666666669
P53,T230S,230.0,P04637,1,96.88,96.24454545454545,12,6.008076453710323,96.40166666666669
P53,N247F,247.0,P04637,1,97.5,97.03272727272729,9,5.113056820584173,96.7622222222222
P53,N247I,247.0,P04637,1,97.5,97.03272727272729,9,5.113056820584173,96.7622222222222
P53,T256S,256.0,P04637,1,98.68999999999998,98.07363636363638,12,5.731400223363025,98.45666666666669
P53,H233L,233.0,P04637,1,97.55999999999999,96.94454545454545,11,5.619694113919834,96.44909090909091
P53,I162F,162.0,P04637,1,98.0,97.31727272727272,13,6.190820083532785,97.27769230769232
P53,N210S,210.0,P04637,1,91.56,94.90454545454546,4,4.809020042958904,93.2825
P53,T155I,155.0,P04637,1,98.38,97.69999999999999,12,5.599972954225695,97.575
P53,P142H,142.0,P04637,1,97.5,97.48818181818181,10,5.78499268291743,97.332
P53,V197L,197.0,P04637,1,96.75,94.35818181818182,11,6.023341057963197,95.66454545454545
P53,N131S,131.0,P04637,1,97.44,97.44363636363637,9,5.611429355502705,97.38333333333334
P53,T155P,155.0,P04637,1,98.38,97.69999999999999,12,5.599972954225695,97.575
P53,P142T,142.0,P04637,1,97.5,97.48818181818181,10,5.78499268291743,97.332
P53,P153L,153.0,P04637,1,96.68999999999998,97.35363636363637,5,5.604944144664634,97.142
P53,P152S,152.0,P04637,1,96.88,97.29181818181819,6,5.71492538922627,97.14833333333333
P53,K120Q,120.0,P04637,1,88.81,93.3581818181818,8,5.786430302445034,95.58625
P53,P152T,152.0,P04637,1,96.88,97.29181818181819,6,5.71492538922627,97.14833333333333
P53,P153S,153.0,P04637,1,96.68999999999998,97.35363636363637,5,5.604944144664634,97.142
P53,K120T,120.0,P04637,1,88.81,93.3581818181818,8,5.786430302445034,95.58625
P53,G244R,244.0,P04637,1,93.75,96.9590909090909,8,5.81296871507065,96.475
P53,P152L,152.0,P04637,1,96.88,97.29181818181819,6,5.71492538922627,97.14833333333333
P53,G245A,245.0,P04637,1,94.81,96.94727272727272,12,5.76924153819152,96.54
P53,G245R,245.0,P04637,1,94.81,96.94727272727272,12,5.76924153819152,96.54
P53,V197G,197.0,P04637,1,96.75,94.35818181818182,11,6.023341057963197,95.66454545454545
P53,V147I,147.0,P04637,1,97.88,97.39818181818183,10,5.60546081642324,97.199
P53,R181L,181.0,P04637,1,91.62,84.30090909090909,7,5.489940629337752,89.16
P53,R202H,202.0,P04637,1,94.94000000000001,94.22727272727273,6,5.460935216864649,94.96
P53,R202P,202.0,P04637,1,94.94000000000001,94.22727272727273,6,5.460935216864649,94.96
P53,V157E,157.0,P04637,1,98.56000000000002,97.95545454545454,12,5.683293560648157,98.30333333333334
P53,R196G,196.0,P04637,1,96.69000000000001,94.23818181818181,11,6.028774827604752,96.34636363636363
P53,I251V,251.0,P04637,1,98.56,98.12363636363638,12,5.757717163259495,98.165
P53,V172I,172.0,P04637,1,96.31000000000002,95.62454545454544,13,6.601114876004146,91.38230769230769
P53,V173G,173.0,P04637,1,97.12,95.64181818181818,12,6.363689574264243,96.76416666666667
P53,T211P,211.0,P04637,1,93.18999999999998,94.99545454545455,7,5.1141557334392145,92.42999999999999
P53,I254V,254.0,P04637,1,98.62,98.36272727272727,13,5.8607271761233815,98.13923076923076
P53,I254T,254.0,P04637,1,98.62,98.36272727272727,13,5.8607271761233815,98.13923076923076
P53,R174K,174.0,P04637,1,95.12000000000002,95.60181818181817,10,5.912231487707141,96.267
P53,P128L,128.0,P04637,1,95.93999999999998,97.2509090909091,6,5.254348391434299,97.085
P53,I254S,254.0,P04637,1,98.62,98.36272727272727,13,5.8607271761233815,98.13923076923076
P53,I254N,254.0,P04637,1,98.62,98.36272727272727,13,5.8607271761233815,98.13923076923076
P53,R175S,175.0,P04637,1,96.62000000000002,95.47636363636364,14,6.0066072036842355,95.59285714285713
P53,A159S,159.0,P04637,1,98.62,98.16454545454545,12,5.852164780982666,98.3225
P53,A138T,138.0,P04637,1,95.75,97.61818181818181,8,5.4314964946968765,97.32
P53,A129T,129.0,P04637,1,95.0,97.37545454545453,6,5.670489799980743,96.89666666666666
P53,E171K,171.0,P04637,1,95.69,95.53909090909092,10,5.779998264783977,90.021
P53,E171V,171.0,P04637,1,95.69,95.53909090909092,10,5.779998264783977,90.021
P53,A189V,189.0,P04637,1,90.94,84.68181818181819,9,5.937934164418105,85.86777777777777
P53,A189S,189.0,P04637,1,90.94,84.68181818181819,9,5.937934164418105,85.86777777777777
P53,L130P,130.0,P04637,1,96.25,97.43818181818182,7,5.541216677766962,96.94714285714285
P53,S240G,240.0,P04637,1,98.25,96.92636363636365,13,5.873020857485154,97.58538461538463
P53,E224G,224.0,P04637,1,95.19,95.71727272727271,8,6.077640015842357,95.3375
P53,E258A,258.0,P04637,1,98.5,97.57363636363635,14,5.681298510807127,97.65214285714285
P53,E258V,258.0,P04637,1,98.5,97.57363636363635,14,5.681298510807127,97.65214285714285
P53,D259N,259.0,P04637,1,97.44,97.51727272727273,12,5.697629158897737,97.32916666666667
P53,C242W,242.0,P04637,1,97.44,96.87454545454544,11,5.6419960589126035,96.82272727272729
P53,C229Y,229.0,P04637,1,95.38,96.06272727272727,11,5.86139525335114,96.54090909090907
P53,C229R,229.0,P04637,1,95.38,96.06272727272727,11,5.86139525335114,96.54090909090907
P53,C229G,229.0,P04637,1,95.38,96.06272727272727,11,5.86139525335114,96.54090909090907
P53,D148H,148.0,P04637,1,97.0,97.32454545454544,7,5.675303224462128,97.36571428571429
P53,D208G,208.0,P04637,1,94.0,94.64818181818181,9,5.503048035168141,94.79333333333334
P53,D207G,207.0,P04637,1,95.12,94.51727272727271,8,5.474190200307161,95.50999999999999
P53,D184N,184.0,P04637,1,70.25,80.90818181818182,4,4.9884267058676635,72.8275
P53,D184H,184.0,P04637,1,70.25,80.90818181818182,4,4.9884267058676635,72.8275
P53,D228G,228.0,P04637,1,93.94,95.88727272727273,7,6.089403952880877,95.84
P53,D228H,228.0,P04637,1,93.94,95.88727272727273,7,6.089403952880877,95.84
P53,D228N,228.0,P04637,1,93.94,95.88727272727273,7,6.089403952880877,95.84
P53,C135R,135.0,P04637,1,98.31,97.47636363636364,16,6.061784292751719,97.889375
P53,S127C,127.0,P04637,1,97.38,97.04636363636364,11,5.9276124960783445,97.25
P53,Q136P,136.0,P04637,1,98.12,97.60727272727271,14,5.999498002842851,97.63714285714286
P53,Q136R,136.0,P04637,1,98.12,97.60727272727271,14,5.999498002842851,97.63714285714286
P53,S116F,116.0,P04637,1,90.06,93.12090909090908,8,5.947088188360997,94.6025
P53,L194H,194.0,P04637,1,97.31,94.43181818181819,12,6.032092760571021,96.72333333333336
P53,S183L,183.0,P04637,1,68.81,81.26636363636364,5,5.500031186898289,81.598
P53,S185R,185.0,P04637,1,68.44,80.7890909090909,9,5.8956050830922715,80.99222222222221
P53,Q167K,167.0,P04637,1,94.69,95.8809090909091,5,5.408084245682285,94.826
P53,Q167R,167.0,P04637,1,94.69,95.8809090909091,5,5.408084245682285,94.826
P53,L206F,206.0,P04637,1,95.88,94.26090909090908,8,5.592143685463193,96.625
P53,L201P,201.0,P04637,1,91.56,94.36999999999999,4,4.943656059852115,92.7825
P53,S127T,127.0,P04637,1,97.38,97.04636363636364,11,5.9276124960783445,97.25
P53,M169V,169.0,P04637,1,94.69,95.5109090909091,11,5.6567809435711265,95.81818181818181
P53,Y236N,236.0,P04637,1,98.0,97.67636363636365,13,6.0311435399944555,97.37923076923079
P53,P250T,250.0,P04637,1,98.06000000000002,97.77090909090909,12,6.331716256414388,97.85833333333333
P53,F113S,113.0,P04637,1,97.5,94.7909090909091,8,5.7457903218418585,96.21375
P53,Y234R,234.0,P04637,1,98.12,97.33090909090907,12,5.687574075933914,97.13583333333334
P53,S241P,241.0,P04637,1,97.81,96.91999999999999,10,5.842489797196757,97.699
P53,F212I,212.0,P04637,1,94.37999999999998,95.18272727272728,10,5.81188258589672,90.00300000000001
P53,S260F,260.0,P04637,1,96.38,97.4890909090909,9,5.864179484327756,97.10555555555555
P53,M243L,243.0,P04637,1,96.62,96.90818181818182,7,5.38818296489059,96.41857142857144
P53,F212V,212.0,P04637,1,94.37999999999998,95.18272727272728,10,5.81188258589672,90.00300000000001
P53,S240R,240.0,P04637,1,98.25,96.92636363636365,13,5.873020857485154,97.58538461538463
P53,P250H,250.0,P04637,1,98.06000000000002,97.77090909090909,12,6.331716256414388,97.85833333333333
P53,K164N,164.0,P04637,1,97.56,96.61363636363639,11,6.015594724866031,96.96
P53,P250A,250.0,P04637,1,98.06000000000002,97.77090909090909,12,6.331716256414388,97.85833333333333
P53,P250S,250.0,P04637,1,98.06000000000002,97.77090909090909,12,6.331716256414388,97.85833333333333
P53,S240I,240.0,P04637,1,98.25,96.92636363636365,13,5.873020857485154,97.58538461538463
P53,N288H,288.0,P04637,1,93.69,90.50545454545454,9,5.318340974818295,91.25666666666667
P53,N268H,268.0,P04637,1,98.25,98.25,15,6.240997283412024,97.85000000000001
P53,N263D,263.0,P04637,1,96.94,97.4090909090909,7,5.427217144915233,97.07142857142857
P53,V272A,272.0,P04637,1,98.68999999999998,98.24363636363636,12,5.881611575878311,98.4575
P53,V272G,272.0,P04637,1,98.68999999999998,98.24363636363636,12,5.881611575878311,98.4575
P53,P301Q,301.0,P04637,1,49.06,45.17909090909091,4,5.137849659645469,44.26
P53,P301A,301.0,P04637,1,49.06,45.17909090909091,4,5.137849659645469,44.26
P53,P278H,278.0,P04637,1,98.0,97.57363636363634,17,6.0180202455235134,96.84058823529412
P53,V274I,274.0,P04637,1,98.68999999999998,98.10181818181817,14,5.954339345926074,98.03
P53,L264V,264.0,P04637,1,98.0,97.3809090909091,9,5.7736332000214805,97.75666666666667
P53,L35F,35.0,P04637,1,36.53,37.58363636363636,4,5.13428231200656,36.205
P53,L344P,344.0,P04637,1,95.94,94.29454545454546,8,5.157973401483009,94.5375
P53,L330R,330.0,P04637,1,94.44,91.81272727272727,4,5.048416962240503,94.03
P53,L289F,289.0,P04637,1,92.12,86.85727272727273,8,5.17063279003236,88.85125
P53,L265R,265.0,P04637,1,98.31,97.47727272727273,12,6.184264241399874,97.83333333333336
P53,L93P,93.0,P04637,1,62.84,72.1190909090909,7,6.113155615706225,81.71857142857142
P53,R282Q,282.0,P04637,1,97.5,96.79454545454546,13,5.954503721201717,96.93230769230769
P53,R267G,267.0,P04637,1,98.62000000000002,97.88636363636364,17,6.281318041112719,97.77941176470588
P53,S116P,116.0,P04637,1,90.06,93.12090909090908,8,5.947088188360997,94.6025
P53,R280S,280.0,P04637,1,96.87999999999998,97.17545454545456,10,5.686837909773871,95.518
P53,T284P,284.0,P04637,1,96.25,95.94818181818181,8,5.156866143802636,96.21875
P53,T304A,304.0,P04637,1,45.089999999999996,45.097272727272724,4,5.244512335014915,43.440000000000005
P53,K320N,320.0,P04637,1,48.91,52.26272727272728,4,4.904141579895453,48.4475
P53,C275G,275.0,P04637,1,98.12,97.98272727272727,13,6.007398991379639,97.96000000000001
P53,C275W,275.0,P04637,1,98.12,97.98272727272727,13,6.007398991379639,97.96000000000001
P53,C277W,277.0,P04637,1,97.12,97.78363636363635,12,6.3010736360299004,96.36416666666666
P53,C277Y,277.0,P04637,1,97.12,97.78363636363635,12,6.3010736360299004,96.36416666666666
P53,H296R,296.0,P04637,1,49.81,56.025454545454544,7,5.832274004563343,60.60857142857143
P53,H296N,296.0,P04637,1,49.81,56.025454545454544,7,5.832274004563343,60.60857142857143
P53,E287K,287.0,P04637,1,95.25,93.27272727272727,8,5.0707041416654945,93.96875
P53,E294Q,294.0,P04637,1,56.25,64.20727272727274,7,5.395586383735442,71.54142857142857
P53,E298Q,298.0,P04637,1,39.03,48.21363636363637,4,4.9971978843062,47.5075
P53,E339Q,339.0,P04637,1,95.94,95.65272727272728,8,5.15430040206606,95.61500000000001
P53,F270Y,270.0,P04637,1,98.5,98.41999999999999,10,5.779298465744612,98.344
P53,F270V,270.0,P04637,1,98.5,98.41999999999999,10,5.779298465744612,98.344
P53,F270I,270.0,P04637,1,98.5,98.41999999999999,10,5.779298465744612,98.344
P53,E294K,294.0,P04637,1,56.25,64.20727272727274,7,5.395586383735442,71.54142857142857
P53,G325E,325.0,P04637,1,77.69,72.99818181818182,9,5.880130233319175,66.26333333333334
P53,G302R,302.0,P04637,1,41.88,44.5,4,5.081933524903205,45.3675
P53,D281V,281.0,P04637,1,97.31,96.99363636363637,10,5.696113703546343,97.274
P53,E286A,286.0,P04637,1,96.12,94.71,11,5.743563111026952,95.25636363636363
P53,E286D,286.0,P04637,1,96.12,94.71,11,5.743563111026952,95.25636363636363
P53,E286Q,286.0,P04637,1,96.12,94.71,11,5.743563111026952,95.25636363636363
P53,E271G,271.0,P04637,1,98.5,98.3409090909091,13,5.998299455097508,98.11999999999999
P53,K291N,291.0,P04637,1,89.19,77.86636363636363,10,5.836252149575449,75.41
P53,A276T,276.0,P04637,1,97.44,97.87454545454544,7,5.951636425720728,97.92571428571429
P53,A276P,276.0,P04637,1,97.44,97.87454545454544,7,5.951636425720728,97.92571428571429
P53,A276V,276.0,P04637,1,97.44,97.87454545454544,7,5.951636425720728,97.92571428571429
P53,A276D,276.0,P04637,1,97.44,97.87454545454544,7,5.951636425720728,97.92571428571429
P53,A39S,39.0,P04637,1,36.31,37.89272727272727,5,5.656346983137789,38.757999999999996
P53,G187V,187.0,P04637,1,76.19,81.00545454545454,5,5.2692784163737665,80.888
P53,C238W,238.0,P04637,1,97.25,97.57363636363635,14,6.35741562350012,96.92357142857145
P53,P89L,89.0,P04637,1,51.160000000000004,57.277272727272724,4,4.9502907853586535,54.62249999999999
P53,P8L,8.0,P04637,1,39.339999999999996,44.28272727272727,4,5.243363529829465,41.4875
P53,K386N,386.0,P04637,1,42.88,47.142727272727264,4,5.19675422614564,48.4475
P53,L344R,344.0,P04637,1,95.94,94.29454545454546,8,5.157973401483009,94.5375
P53,A347P,347.0,P04637,1,93.88,92.05636363636364,8,5.150471879951116,92.01375
P53,T18I,18.0,P04637,1,68.06,63.49363636363637,8,5.3973034333666146,62.78
P53,S116Y,116.0,P04637,1,90.06,93.12090909090908,8,5.947088188360997,94.6025
P53,G112R,112.0,P04637,1,96.88,95.2,8,5.700025914826406,97.47625
P53,D48G,48.0,P04637,1,48.47,42.120909090909095,5,5.326560180569426,42.592
P53,D49G,49.0,P04637,1,46.56,42.11818181818182,6,5.811993332371301,43.248333333333335
P53,N131D,131.0,P04637,1,97.44,97.44363636363637,9,5.611429355502705,97.38333333333334
P53,P60L,60.0,P04637,1,47.0,43.06545454545454,4,5.536550783947568,43.9675
P53,P64L,64.0,P04637,1,40.21999999999999,44.33181818181818,4,5.402536167942406,46.25
P53,P87H,87.0,P04637,1,47.62,54.357272727272736,4,5.069701461112448,52.61
P53,P87L,87.0,P04637,1,47.62,54.357272727272736,4,5.069701461112448,52.61
P53,P142A,142.0,P04637,1,97.5,97.48818181818181,10,5.78499268291743,97.332
P53,P142Q,142.0,P04637,1,97.5,97.48818181818181,10,5.78499268291743,97.332
P53,P58S,58.0,P04637,1,44.410000000000004,43.03363636363636,4,5.383199273675715,42.7175
P53,P60H,60.0,P04637,1,47.0,43.06545454545454,4,5.536550783947568,43.9675
P53,L35H,35.0,P04637,1,36.53,37.58363636363636,4,5.13428231200656,36.205
SPOP,E78K,78.0,O43791,1,97.56,97.55727272727273,7,5.829828370205154,97.34857142857143
SPOP,R354C,354.0,O43791,1,92.44000000000001,89.90454545454546,8,5.077645326115616,90.6725
SPOP,D130H,130.0,O43791,1,97.69,97.33000000000001,9,5.513977097400006,97.67444444444443
SPOP,E189K,189.0,O43791,1,95.12,95.01181818181819,8,5.257140118877456,95.45375
SPOP,E235D,235.0,O43791,1,71.44,77.83454545454545,11,5.6456073290296125,81.38454545454546
SPOP,S355P,355.0,O43791,1,90.44,86.70272727272727,10,5.6773781649896815,89.88200000000002
SPOP,R99Q,99.0,O43791,1,96.75,94.58454545454546,10,5.46423478797632,96.09400000000001
SPOP,I38M,38.0,O43791,1,97.75,96.56636363636363,8,5.489345642254545,97.61625000000001
SPOP,E79K,79.0,O43791,1,97.75,97.60818181818182,5,5.442501039672196,97.426
SPOP,A61P,61.0,O43791,1,74.75,87.95363636363636,5,5.559520492051634,84.286
SPOP,D140N,140.0,O43791,1,96.62,96.9090909090909,7,5.397462749965049,96.96428571428571
SPOP,D201H,201.0,O43791,1,95.19,95.54999999999997,9,6.047388940496728,95.53888888888888
SPOP,E183D,183.0,O43791,1,86.56,83.50181818181818,4,5.02967100630777,86.905
SPOP,R221H,221.0,O43791,1,97.80999999999999,96.58454545454546,8,5.620781354399417,97.59375
SPOP,S55C,55.0,O43791,1,96.75,94.74454545454546,6,5.791062449781198,97.68833333333333
SPOP,P10T,10.0,O43791,1,52.75,55.19363636363637,5,5.156814005548509,54.362
SPOP,F102L,102.0,O43791,1,98.37999999999998,97.33000000000001,12,5.927584115501243,98.02083333333333
SPOP,F133V,133.0,O43791,1,98.30999999999999,97.7909090909091,8,5.353473160195691,98.37625
SPOP,I325V,325.0,O43791,1,98.06,96.29,13,5.843403381907779,96.63615384615385
SPOP,L285V,285.0,O43791,1,98.69,98.32999999999998,11,5.815129906387418,98.40363636363637
ABC3B,R132Q,132.0,Q9UH17,1,85.19000000000001,82.14727272727274,11,5.58799693707193,81.92545454545456
SNF5,M38I,38.0,Q12824,1,91.25,90.56272727272727,10,5.519499288224369,90.494
SNF5,S67P,67.0,Q12824,1,64.5,64.92454545454547,12,5.657792572691002,63.51999999999999
SNF5,E98Q,98.0,Q12824,1,93.12,92.40999999999998,10,5.3314391674638175,91.789
SNF5,E31K,31.0,Q12824,1,91.81,92.78363636363635,9,5.354660703674,92.43
SNF5,R377C,377.0,Q12824,1,67.75,60.73272727272728,8,5.208755446627961,61.573750000000004
CCR4,N80K,80.0,P51679,1,97.75,95.71090909090911,10,5.551386668873374,96.095
RA51B,P161S,161.0,O15315,1,93.81000000000002,93.85272727272728,9,5.43165582288833,94.04222222222222
RA51B,V207L,207.0,O15315,1,98.38,93.96090909090908,13,6.101535262000184,97.37461538461538
RA51B,I251V,251.0,O15315,1,95.75,94.67545454545456,13,5.752263525236973,95.25538461538461
RA51B,K63N,63.0,O15315,1,85.12,88.11363636363636,4,5.02517102704207,85.985
GNA11,K282N,282.0,P29992,1,96.12,96.51727272727273,9,5.419592665444153,96.65333333333335
GNAQ,T96S,96.0,P50148,1,96.62,97.97181818181816,7,5.473935539846446,97.9742857142857
KAP0,P86Q,86.0,P10644,1,52.0,47.46454545454546,7,6.072203622105694,64.05857142857143
KAP0,E81K,81.0,P10644,1,37.62,45.66,4,5.288803311086317,45.285
KAP0,I159M,159.0,P10644,1,98.31,97.88636363636364,9,5.632906446055997,98.22999999999999
KAP0,L20F,20.0,P10644,1,86.56,84.95545454545454,8,5.099697732593668,84.845
KAP0,N26S,26.0,P10644,1,86.44,86.77272727272728,9,5.472452249550645,82.14777777777778
KAP0,S77L,77.0,P10644,1,45.53,46.11545454545455,4,5.297489583384149,43.08
KAP0,I100V,100.0,P10644,1,87.94,85.91000000000001,5,5.7538506935102465,86.78999999999999
KAP0,E291G,291.0,P10644,1,92.69,92.15909090909092,12,5.8374680346940835,89.27499999999999
KAP0,D364Y,364.0,P10644,1,89.56,87.90272727272728,8,5.511824055710263,87.6325
FOXL2,A133S,133.0,P58012,1,87.0,88.13636363636364,6,5.577689507237346,88.23833333333334
CRLF2,D176H,176.0,Q9HC73,1,94.25,95.01181818181817,6,5.20013929083989,93.38333333333333
ELF3,V41L,41.0,P78545,1,40.62,38.622727272727275,4,5.307139292726909,40.655
ELF3,T34P,34.0,P78545,1,43.160000000000004,42.68090909090909,4,5.366913185205643,39.835
ELF3,S8G,8.0,P78545,1,56.90999999999999,60.712727272727264,8,5.187698262350543,61.58125
ELF3,S50L,50.0,P78545,1,30.81,34.123636363636365,5,5.357148214968712,32.416
ELF3,M333I,333.0,P78545,1,96.44,96.3190909090909,11,5.971541743677344,95.99454545454546
ELF3,E365K,365.0,P78545,1,72.75,71.3009090909091,10,5.6183773729394915,74.649
NKX21,A72V,72.0,P43699,1,43.03,45.054545454545455,4,5.40413460214834,46.6575
NKX21,S336N,336.0,P43699,1,43.75,49.23909090909091,4,5.305899410422,52.625
NKX21,S169L,169.0,P43699,1,98.19,95.88636363636364,6,5.189434290958744,97.67666666666666
NKX21,R191H,191.0,P43699,1,98.55999999999999,98.4309090909091,12,5.55673427210714,98.45166666666667
NKX21,G112E,112.0,P43699,1,39.5,43.125454545454545,5,5.079741760312987,44.769999999999996
NKX21,A124G,124.0,P43699,1,56.19,57.369090909090914,4,4.87081576130589,57.4675
NKX21,F122S,122.0,P43699,1,55.220000000000006,56.50545454545455,5,5.164190091997403,59.044
NKX21,M3R,3.0,P43699,1,49.12,51.574999999999996,4,5.208832234365564,51.235
NKX21,S145L,145.0,P43699,1,44.66,44.907272727272726,4,5.4750152069151525,43.405
NKX21,P157L,157.0,P43699,1,61.15999999999998,63.48000000000002,4,5.0164965862412805,62.9675
HLAA,Q78R,78.0,P04439,1,95.38,96.89090909090909,6,5.587202190014342,96.84166666666665
HLAA,R30K,30.0,P04439,1,98.62000000000002,95.95363636363636,12,5.801787897730914,98.27499999999999
HLAA,V189M,189.0,P04439,1,98.31000000000002,97.72818181818182,15,6.118050309654345,97.27600000000002
HLAA,I312L,312.0,P04439,1,80.94,78.55636363636364,8,5.1141604594957855,79.71000000000001
HLAA,E277Q,277.0,P04439,1,94.75,95.0181818181818,8,5.49376307325532,94.4225
HLAA,G199R,199.0,P04439,1,96.06,95.14181818181818,11,5.562046610837828,95.25
HLAA,G80E,80.0,P04439,1,96.56,97.15818181818182,6,5.348213622340732,97.19833333333334
HLAA,K292E,292.0,P04439,1,95.5,95.06727272727272,5,5.383748990910172,95.94800000000001
HLAA,W191G,191.0,P04439,1,97.88000000000001,97.60272727272726,8,5.1597115002843665,97.71125
HLAA,R205H,205.0,P04439,1,93.25,94.96,8,5.756347368921805,94.2025
HLAA,A173T,173.0,P04439,1,98.25,97.98727272727272,7,5.433384760143665,97.89142857142858
HLAA,A182V,182.0,P04439,1,97.88,97.56272727272727,9,5.4432473955914356,97.47222222222221
HLAA,A328V,328.0,P04439,1,81.75,81.98818181818181,8,5.157816470942034,82.80499999999999
PHF6,R116Q,116.0,Q8IWS0,1,92.05999999999999,90.71636363636362,8,5.672458648027154,91.375
PHF6,Y105H,105.0,Q8IWS0,1,97.38,96.05818181818181,13,6.161148263907441,95.3076923076923
ROA2,E92A,92.0,P22626,1,96.5,96.42454545454547,9,5.834272126962928,97.59666666666665
ATF1,E39G,39.0,P18846,1,41.38,45.55272727272727,4,4.9035600754586515,43.735
QKI,P291T,291.0,Q96PU8,1,46.910000000000004,42.74909090909092,4,5.119594736028117,40.9125
QKI,R256G,256.0,Q96PU8,1,41.15999999999999,43.940000000000005,4,5.34029286475992,43.28
TNR6,C146Y,146.0,P25445,1,96.38,93.71727272727274,10,5.522290695451788,95.80099999999999
B2L12,R3Q,3.0,Q9HB09,1,57.12,63.30375,6,5.196557854022436,61.416666666666664
B2L12,R3P,3.0,Q9HB09,1,57.12,63.30375,6,5.196557854022436,61.416666666666664
KDSR,I211V,211.0,Q06136,1,98.56,97.73818181818181,15,6.188159214926653,98.12933333333334
KDSR,G176V,176.0,Q06136,1,96.81,96.48272727272727,16,6.000903093401563,97.4225
F131B,Q98E,98.0,Q86XD5,1,46.94,51.398181818181826,5,5.228476486406661,49.456
F131B,Y168N,168.0,Q86XD5,1,55.970000000000006,53.24545454545454,7,5.237402804917987,55.15714285714285
F131B,V71A,71.0,Q86XD5,1,63.47000000000001,64.83454545454548,10,5.754365772298203,65.999
F131B,Q157H,157.0,Q86XD5,1,42.47,44.267272727272726,4,5.0166503957715385,44.6975
F131B,E137K,137.0,Q86XD5,1,93.0,91.63636363636364,8,5.132189661134731,91.41499999999999
F131B,D109H,109.0,Q86XD5,1,58.94,62.962727272727264,8,5.391285474342427,62.5625
F131B,A216S,216.0,Q86XD5,1,40.88,39.43545454545454,4,4.95533097618392,37.6025
F131B,A179T,179.0,Q86XD5,1,43.22,43.657272727272726,7,5.5358389061745426,44.354285714285716
F131B,E275K,275.0,Q86XD5,1,38.62,42.17,4,5.22612225128545,44.3825
F131B,M77L,77.0,Q86XD5,1,66.31,69.03818181818183,8,5.572947257639683,71.25625
F131B,M141L,141.0,Q86XD5,1,87.88,84.9718181818182,8,5.093629406506349,85.765
TAL1,F161L,161.0,P17542,1,49.81000000000001,49.18181818181818,5,5.4862630652937705,50.614
PIM1,F116L,116.0,P11309,1,97.30999999999999,96.77363636363636,13,5.97439049287478,96.41461538461537
SKAP,V12G,12.0,Q9Y448,1,49.56,49.98818181818182,4,4.897966060039598,47.865
SKAP,P28Q,28.0,Q9Y448,1,60.40999999999998,52.540909090909096,4,4.978910697880593,54.69499999999999
SKAP,L54I,54.0,Q9Y448,1,41.19,41.29454545454546,4,5.383455865333128,39.6325
SKAP,D23V,23.0,Q9Y448,1,36.38,45.4290909090909,4,4.719626828471803,43.35
HXC11,H84Y,84.0,O43248,1,47.470000000000006,46.31727272727273,4,4.89599908231007,47.40500000000001
TCEA1,E106Q,106.0,P23193,1,39.56,38.988181818181815,4,5.395280951256866,38.97
RL5,A97G,97.0,P46777,1,98.19,97.89727272727272,14,5.954469044276,97.52071428571428
RL5,R54C,54.0,P46777,1,97.80999999999999,97.28363636363638,10,6.067157723357225,97.262
CCND3,R33P,33.0,P30281,1,93.80999999999999,93.0690909090909,7,5.272698891191,93.29571428571428
CCND1,E9K,9.0,P24385,1,61.28,62.63636363636363,4,4.7417314547244045,58.375
CCND2,R178C,178.0,P30279,1,94.44000000000001,92.92,10,5.561344726134331,93.71799999999999
HLF,R158G,158.0,Q16534,1,56.94000000000001,61.26,5,5.32021671047641,57.519999999999996
HLF,S100Y,100.0,Q16534,1,65.62,60.86636363636362,4,4.999027238931772,60.6475
NPM,Q153H,153.0,P06748,1,49.0,49.13818181818181,4,5.422442884057572,50.3875
NPM,I111N,111.0,P06748,1,98.75,97.71,13,6.042474089367115,98.53384615384616
NPM,R197G,197.0,P06748,1,41.44,46.187272727272735,4,5.204238512761586,48.1075
NPM,F228S,228.0,P06748,1,47.0,41.343636363636364,4,4.89590093371026,41.475
NPM,M278I,278.0,P06748,1,84.69,87.16636363636366,11,6.201950596566949,82.5090909090909
PD1L1,E164Q,164.0,Q9NZQ7,1,96.94,97.04545454545455,8,5.809659671620194,97.36875
CCNC,I15V,15.0,P24863,1,97.5,96.36454545454545,12,5.951616866709325,97.19833333333332
CCNC,P194A,194.0,P24863,1,98.12,98.21,11,5.611983417732547,97.96090909090908
CCNC,Q240H,240.0,P24863,1,91.56,94.28909090909092,8,5.165089883260507,94.18
CCNC,P264A,264.0,P24863,1,70.75,65.05090909090909,5,5.477668312689306,61.862
KLF6,S142A,142.0,Q99612,1,40.25,35.407272727272726,4,5.40486228160328,35.2475
KLF6,K80N,80.0,Q99612,1,56.62,51.68999999999999,8,5.448106200342668,51.48125
KLF6,T179P,179.0,Q99612,1,42.53000000000001,43.21363636363636,4,4.968285724479426,41.9675
TNR14,R139H,139.0,Q92956,1,97.37999999999998,96.03272727272729,10,5.887417699102929,96.66299999999998
SDHB,A25P,25.0,P21912,1,54.529999999999994,50.67090909090908,4,4.712468158808688,52.14
SDHB,Y199D,199.0,P21912,1,98.80999999999999,98.46545454545453,13,5.678479839073069,98.64923076923075
CIP1,M139T,139.0,Q9NPC3,1,98.0,98.09454545454545,8,5.141035257660427,98.08375000000001
CIP1,R13Q,13.0,Q9NPC3,1,89.05999999999999,94.0109090909091,7,5.984906141043098,94.03571428571429
CIP1,S131R,131.0,Q9NPC3,1,98.19,98.15181818181817,8,5.182087005315746,98.14625000000001
RSPO2,D49N,49.0,Q6UXX9,1,90.44,93.81272727272726,5,5.243052352597,92.99
LASP1,D103E,103.0,Q14847,1,61.5,62.50545454545454,6,5.340702574549833,68.07166666666667
RHOH,R179I,179.0,Q15669,1,86.30999999999999,83.2109090909091,8,5.201601047444617,83.18875
RAC1,P29T,29.0,P63000,1,86.43999999999998,86.8290909090909,8,6.095003858128544,88.49875
1433E,A11S,11.0,P62258,1,98.38,97.97818181818182,14,5.698414901257373,98.14357142857145
PRRX1,A196V,196.0,P54821,1,47.56,47.376363636363635,7,5.7781190804209235,48.08571428571428
PRRX1,E176Q,176.0,P54821,1,51.44,53.75636363636364,4,5.131498020690916,52.9525
PRRX1,A30S,30.0,P54821,1,52.90999999999999,53.54909090909091,7,5.72880939640658,52.18714285714287
PRRX1,E135K,135.0,P54821,1,97.62,96.3909090909091,9,5.275392049486368,96.68666666666667
PRRX1,K32N,32.0,P54821,1,54.41,56.49454545454546,5,5.321857096704333,54.382000000000005
PRRX1,R145Q,145.0,P54821,1,98.05999999999999,97.3690909090909,8,5.114092784587709,97.52375
PRRX1,R95Q,95.0,P54821,1,78.69000000000001,76.3790909090909,4,5.063348910269885,77.485
RHOA,G17E,17.0,P61586,1,98.12,97.8909090909091,12,6.227228599884033,98.07833333333333
RHOA,G17A,17.0,P61586,1,98.12,97.8909090909091,12,6.227228599884033,98.07833333333333
RHOA,R5W,5.0,P61586,1,96.55999999999999,86.12800000000001,8,5.511895852113344,94.67125
RHOA,E40Q,40.0,P61586,1,94.06,92.68545454545455,8,5.845715399419634,94.11375000000001
RHOA,G17V,17.0,P61586,1,98.12,97.8909090909091,12,6.227228599884033,98.07833333333333
RHOA,P89R,89.0,P61586,1,98.62,98.72727272727273,12,6.060292817724349,98.63499999999999
RHOA,Y42C,42.0,P61586,1,95.75,94.00454545454546,10,6.167973216061834,97.09700000000001
RHOA,D90N,90.0,P61586,1,98.38,98.71545454545453,6,4.939829545229478,98.70666666666666
RHOA,C83Y,83.0,P61586,1,98.94,98.80272727272728,15,6.06843193076524,98.71466666666669
RHOA,E54K,54.0,P61586,1,97.81,96.89545454545454,12,5.683590498527708,95.06166666666667
RHOA,K118N,118.0,P61586,1,98.69,98.65,15,6.110657436910756,98.60066666666665
RHOA,G62R,62.0,P61586,1,93.81,95.71454545454547,11,5.861808172878599,95.63636363636365
RHOA,R5Q,5.0,P61586,1,96.55999999999999,86.12800000000001,8,5.511895852113344,94.67125
U2AF1,D31H,31.0,Q01081,1,92.31,93.8409090909091,4,4.898563582035096,93.86
U2AF1,E159K,159.0,Q01081,1,93.31,94.6309090909091,10,6.0882312448787665,95.1
U2AF1,N170Y,170.0,Q01081,1,94.75,94.42545454545453,10,6.600414788824483,94.869
U2AF1,S34F,34.0,Q01081,1,94.0,93.18181818181819,4,5.256686875971772,93.5
BCL2,A43T,43.0,P10415,1,38.75,44.49454545454545,4,4.943707932792334,45.1425
BCL2,S105P,105.0,P10415,1,84.69,83.62999999999998,10,5.502254695654749,83.187
BCL2,R26K,26.0,P10415,1,91.62,92.35818181818182,7,5.489868611651575,93.88571428571427
TM127,H55Y,55.0,O75204,1,93.38,88.34181818181817,12,5.631663418729125,92.31416666666667
PA1B2,L62R,62.0,P68402,1,98.19,97.64454545454547,10,5.931010319199757,97.65799999999999
PA1B2,K133R,133.0,P68402,1,98.44,98.03363636363635,10,5.643315157813486,97.91299999999998
CD79A,G47R,47.0,P11912,1,94.12,95.64090909090909,8,5.420264529687428,95.5775
CD79A,L42F,42.0,P11912,1,95.81,94.26999999999998,10,5.9731834305673095,95.31800000000001
CHIC2,R112Q,112.0,Q9UKJ5,1,93.0,90.81818181818181,8,5.180064139343322,91.21875
SRSF2,D9N,9.0,Q01130,1,58.62,64.5290909090909,6,5.705816411104004,66.74333333333333
SRSF2,E215K,215.0,Q01130,1,59.97,61.75454545454545,4,5.3612821621749145,59.685
SRSF2,S196F,196.0,Q01130,1,50.75,55.49545454545455,4,5.353432218843526,57.6725
SRSF2,S183Y,183.0,Q01130,1,54.15999999999999,51.11727272727273,4,5.3520716095114444,51.7125
SRSF2,S179F,179.0,Q01130,1,51.84000000000001,50.07363636363636,4,5.351951641297335,50.0
SRSF2,S142F,142.0,Q01130,1,47.62,45.098181818181814,4,5.348857361013859,44.7025
SRSF2,R127C,127.0,Q01130,1,44.279999999999994,45.95818181818182,4,5.504410444443759,44.495
SRSF2,K52N,52.0,Q01130,1,69.12,76.46545454545456,7,5.171932401558875,74.00857142857141
SRSF2,E35Q,35.0,Q01130,1,91.38,90.74636363636364,9,5.2155165582978835,90.76555555555555
SRSF2,P96L,96.0,Q01130,1,55.97000000000001,57.3209090909091,4,4.96308241845271,57.282500000000006
RASH,G12D,12.0,P01112,1,94.88,96.96,9,5.783960244275526,93.08888888888889
RASK,G12V,12.0,P01116,1,93.94,96.42636363636365,9,5.779274004781575,90.35333333333332
RASH,G13D,13.0,P01112,1,94.44,96.80727272727273,8,6.214411908221349,92.195
RASH,G12C,12.0,P01112,1,94.88,96.96,9,5.783960244275526,93.08888888888889
RASK,G12R,12.0,P01116,1,93.94,96.42636363636365,9,5.779274004781575,90.35333333333332
RASH,G12A,12.0,P01112,1,94.88,96.96,9,5.783960244275526,93.08888888888889
RASH,G12S,12.0,P01112,1,94.88,96.96,9,5.783960244275526,93.08888888888889
RASH,Q61L,61.0,P01112,1,88.31,90.02272727272728,8,5.5178080852090705,89.9525
RASK,G13C,13.0,P01116,1,94.06,96.30727272727273,8,6.209491615861622,90.33625
RASH,Q61H,61.0,P01112,1,88.31,90.02272727272728,8,5.5178080852090705,89.9525
RASK,G12F,12.0,P01116,1,93.94,96.42636363636365,9,5.779274004781575,90.35333333333332
RASK,T20M,20.0,P01116,1,97.06000000000002,96.45454545454545,11,5.802871388032526,96.6190909090909
RASH,Q61K,61.0,P01112,1,88.31,90.02272727272728,8,5.5178080852090705,89.9525
RASH,Q61R,61.0,P01112,1,88.31,90.02272727272728,8,5.5178080852090705,89.9525
RASK,G12D,12.0,P01116,1,93.94,96.42636363636365,9,5.779274004781575,90.35333333333332
RASK,Q61L,61.0,P01116,1,79.12,83.25545454545454,8,5.489011325033065,82.93
RASH,K117N,117.0,P01112,1,97.81,97.2218181818182,15,6.242645224080056,97.88733333333334
RASH,E3K,3.0,P01112,1,98.0,96.83500000000001,8,5.514301814350596,96.79625
RASH,G10A,10.0,P01112,1,97.75,97.2781818181818,14,6.154580179348012,96.96000000000001
RASK,G12A,12.0,P01116,1,93.94,96.42636363636365,9,5.779274004781575,90.35333333333332
RASK,G12C,12.0,P01116,1,93.94,96.42636363636365,9,5.779274004781575,90.35333333333332
RASK,G12S,12.0,P01116,1,93.94,96.42636363636365,9,5.779274004781575,90.35333333333332
RASK,Q61H,61.0,P01116,1,79.12,83.25545454545454,8,5.489011325033065,82.93
RASH,K170T,170.0,P01112,1,89.81,86.57909090909091,7,5.13679703229645,89.4557142857143
RASH,G13V,13.0,P01112,1,94.44,96.80727272727273,8,6.214411908221349,92.195
RASK,G13D,13.0,P01116,1,94.06,96.30727272727273,8,6.209491615861622,90.33625
RASH,A66T,66.0,P01112,1,86.38,89.07454545454546,7,5.649268834917729,89.49142857142856
RASH,F90C,90.0,P01112,1,98.69000000000001,97.99545454545455,11,5.75722458899175,98.23818181818181
RASH,G77S,77.0,P01112,1,98.69,97.73454545454545,14,5.9813945075131025,98.58071428571427
RASH,T50A,50.0,P01112,1,97.93999999999998,97.93272727272728,10,5.893221270326703,96.62
RASH,R102Q,102.0,P01112,1,97.37999999999998,96.98363636363636,8,5.2400901996917,97.1175
RASH,L188F,188.0,P01112,1,43.38,48.45285714285715,3,4.496749489364304,53.906666666666666
RASH,G13R,13.0,P01112,1,94.44,96.80727272727273,8,6.214411908221349,92.195
RL10,R69Q,69.0,P27635,1,98.30999999999999,97.99363636363637,10,5.537612299829017,98.03099999999999
VHL,P95L,95.0,P40337,1,98.31000000000002,97.9718181818182,9,5.692023328400692,98.00000000000001
VHL,P81S,81.0,P40337,1,98.5,98.73272727272727,7,5.930264368357882,98.66857142857144
SOCS1,Q131E,131.0,O15524,1,91.5,94.60272727272728,6,5.2954504354533425,93.92833333333333
CDN1B,D158Y,158.0,P46527,1,46.88,54.95272727272727,4,5.133528109605903,52.76
CDN1B,G97D,97.0,P46527,1,63.62,68.37181818181818,4,4.761925450673433,65.625
CDN1B,T42I,42.0,P46527,1,97.56000000000002,97.4090909090909,8,5.189393598737578,97.485
BAX,T127S,127.0,Q07812,1,81.31000000000002,82.46,6,5.02133705090369,82.72833333333334
BAX,R89Q,89.0,Q07812,1,89.12,85.31090909090909,8,5.6774371986091605,90.5075
BAX,I133M,133.0,Q07812,1,85.69,85.63727272727273,11,5.6993017495562235,85.7218181818182
BAX,E131K,131.0,Q07812,1,81.0,83.53454545454544,6,5.152774834490672,83.71
PEBB,N104S,104.0,Q13951,1,88.81,92.53909090909092,6,5.933053715244494,88.90333333333335
PEBB,G121S,121.0,Q13951,1,96.88,96.01090909090908,11,5.647013004113334,96.8690909090909
PEBB,F12L,12.0,Q13951,1,92.69000000000001,91.46000000000001,11,5.67757705047698,92.42000000000002
PEBB,P100A,100.0,Q13951,1,93.5,93.03909090909092,14,6.315841952588494,91.44142857142857
PEBB,L103R,103.0,Q13951,1,91.12,92.51636363636364,7,5.395603633053422,91.83
PEBB,L119Q,119.0,Q13951,1,96.38,96.18181818181819,10,5.576156079045051,96.04499999999999
PEBB,Q67H,67.0,Q13951,1,92.75,88.75363636363636,10,5.774548696721937,92.474
PEBB,R43P,43.0,Q13951,1,94.80999999999999,94.24454545454546,8,5.10772190224311,94.47
PEBB,V4F,4.0,Q13951,1,83.62,77.18333333333334,14,6.231936766101043,84.54214285714286
PEBB,V4G,4.0,Q13951,1,83.62,77.18333333333334,14,6.231936766101043,84.54214285714286
PEBB,A132T,132.0,Q13951,1,88.69,88.19272727272727,12,5.627703414923083,88.64
PEBB,A132V,132.0,Q13951,1,88.69,88.19272727272727,12,5.627703414923083,88.64
PEBB,E39G,39.0,Q13951,1,96.06,95.23272727272727,8,5.220229339267464,95.2425
C560,A3V,3.0,Q99643,1,76.06,76.3275,6,5.088715228944989,76.0
C560,T57I,57.0,Q99643,1,91.88,91.0181818181818,4,4.741569344279672,90.58
CDN2C,A72P,72.0,P42773,1,97.38,95.12545454545456,14,5.970146978720588,96.55857142857144
SDHF2,R33C,33.0,Q9NX18,1,57.55999999999999,59.61636363636364,4,4.7412967704520685,57.655
SDHF2,I84T,84.0,Q9NX18,1,96.62,96.1809090909091,13,5.724195360567406,95.62538461538462
SDHF2,E111K,111.0,Q9NX18,1,93.56,93.73636363636365,8,5.668463560849174,93.79499999999999
CDN1A,R84Q,84.0,P38936,1,47.68999999999999,56.20454545454545,4,4.821696300155455,51.61
CDN1A,D109H,109.0,P38936,1,49.5,46.56272727272728,4,5.064952615828137,50.0025
CDN1A,E125Q,125.0,P38936,1,46.44,51.00909090909091,4,5.2367599314833875,46.19
CDN1A,E28K,28.0,P38936,1,96.5,95.26181818181817,6,5.024848897816327,96.14666666666666
CDN1A,E66K,66.0,P38936,1,91.0,86.58545454545454,4,5.080438049765688,90.75
CDN1A,D33E,33.0,P38936,1,97.44,96.78636363636365,8,5.154997862605776,96.91624999999999
CDN1A,F63L,63.0,P38936,1,94.75,92.05636363636364,7,5.703711827997656,93.78571428571429
CDN1A,Q138E,138.0,P38936,1,62.09,60.17545454545455,4,5.195786240655286,57.07
MAX,D5N,5.0,P61244,1,69.25,64.63199999999999,4,4.863228021744763,69.22
MAX,V50A,50.0,P61244,1,97.93999999999998,95.90272727272728,11,5.764649465870855,96.92545454545456
MAX,I71S,71.0,P61244,1,98.69,98.61909090909093,8,5.188439924148094,98.64750000000001
MAX,M74V,74.0,P61244,1,98.69,98.67727272727274,8,5.102905204748861,98.69625
MAX,D41Y,41.0,P61244,1,98.19,98.04363636363637,8,5.159989326875676,97.9825
MAX,V50I,50.0,P61244,1,97.93999999999998,95.90272727272728,11,5.764649465870855,96.92545454545456
DHSD,S32L,32.0,O14521,1,48.31,50.52454545454545,4,4.793038578891422,50.11
DHSD,A18V,18.0,O14521,1,49.91,47.48181818181818,4,5.128955589886452,46.0
FHIT,R51H,51.0,P49789,1,98.69000000000001,98.60818181818182,6,5.237538355592836,98.66666666666667
FHIT,S22P,22.0,P49789,1,98.75,98.24909090909091,14,5.745990682009061,98.57500000000002
FHIT,R64T,64.0,P49789,1,98.69000000000001,98.76636363636364,8,5.269757357508983,98.79625
IF1AX,D119N,119.0,P47813,1,52.03,57.73454545454545,8,5.902707584536473,63.97625
B2MG,D58H,58.0,P61769,1,98.75,98.22727272727273,10,5.978773944706777,98.727
B2MG,E67Q,67.0,P61769,1,95.56,97.94363636363636,4,4.927055067774427,98.065
B2MG,F82L,82.0,P61769,1,98.55999999999999,97.69818181818182,14,5.792311629993754,97.64714285714285
B2MG,A8N,8.0,P61769,1,90.94,88.1809090909091,8,5.147074067751138,88.77250000000001
B2MG,R3C,3.0,P61769,1,87.30999999999999,85.50625,6,5.1904510848093315,84.3
B2MG,L15F,15.0,P61769,1,67.75,73.90636363636364,7,5.03034258207374,73.69142857142857
TCL1A,D113H,113.0,P56279,1,77.62,86.46428571428571,5,5.811988206354159,85.738
TCL1A,E3K,3.0,P56279,1,59.47,61.363749999999996,5,5.489633207767514,57.176
COX6C,S30F,30.0,P09669,1,98.38,98.4818181818182,8,5.14211168178203,98.51375
COX6C,D57Y,57.0,P09669,1,97.12,96.79,6,5.216882044386023,96.63666666666666
MSH2,G322D,322.0,P43246,0,44.03,59.94090909090908,6,5.95089136428382,56.23499999999999
TSC1,K587R,587.0,Q92574,0,28.73,30.895454545454538,4,5.049477325855223,31.695
CASP8,D285H,285.0,Q14790,0,98.06,98.04454545454546,8,5.51134496751996,98.14
BARD1,C557S,557.0,Q99728,0,24.05,29.645454545454548,4,5.131855910428232,28.81
MSH6,V878A,878.0,P52701,0,92.38,91.01181818181817,7,5.262851009316058,89.84857142857142
ERBB2,I654V,654.0,P04626,0,53.88,52.56636363636364,7,5.659290527511189,53.00571428571429
IL7RA,I66T,66.0,P16871,0,86.69,89.11454545454546,6,5.284732256059381,87.875
IL7RA,V138I,138.0,P16871,0,97.43999999999998,96.30727272727273,7,5.416891446378132,97.55428571428571
MLH1,E578G,578.0,P40692,0,88.06,91.45272727272727,6,5.773309068194179,82.82166666666667
MLH1,D132H,132.0,P40692,0,88.69,92.89181818181818,9,5.804502713929976,90.77666666666669
BRCA1,S1040N,1040.0,P38398,0,24.47,26.526363636363637,4,5.348081298925643,24.765
BRCA1,R841W,841.0,P38398,0,26.160000000000004,27.88090909090909,4,5.219023752836669,25.9525
DPOG1,R546C,546.0,P54098,0,77.12,75.6590909090909,8,5.0606057420545225,75.86
DPOG1,E662K,662.0,P54098,0,75.75,64.41090909090907,6,5.028657316350583,74.235
STIL,A86V,86.0,Q15468,0,92.5,92.92363636363636,11,6.050224315552541,93.53363636363635
MLH1,H718Y,718.0,P40692,0,90.5,91.05636363636364,8,5.430022095986374,91.28125
MLH1,I219V,219.0,P40692,0,93.06,92.57363636363637,9,5.734899300444648,93.52111111111111
MSH2,N127S,127.0,P43246,0,82.06,81.80181818181818,11,6.055185126657428,82.15363636363637
MSH6,G39E,39.0,P52701,0,40.56,43.940909090909095,4,5.501592117834553,43.295
MSH6,L396V,396.0,P52701,0,96.81,94.75636363636364,14,5.924837432093595,95.60357142857143
PMS2,P470S,470.0,P54278,0,40.160000000000004,34.38272727272727,4,5.495235528830514,33.265
PMS2,N775S,775.0,P54278,0,69.81,75.98272727272727,4,5.050585220029779,69.435
PMS2,G857A,857.0,P54278,0,76.81,73.86545454545455,7,5.244954240112657,73.64571428571428
BRCA1,P346S,346.0,P38398,0,33.53,28.639999999999997,4,5.456124985598911,28.2225
BRCA1,D369N,369.0,P38398,0,28.09,33.563636363636355,4,5.002135980046502,33.667500000000004
BRCA1,R496C,496.0,P38398,0,31.56,28.75818181818182,4,5.296771566415382,28.1825
BRCA1,L512F,512.0,P38398,0,34.0,35.48636363636364,6,6.121271928147119,35.41833333333334
BRCA1,N550H,550.0,P38398,0,27.0,29.12363636363636,4,5.289609772280469,28.972499999999997
BRCA1,L668F,668.0,P38398,0,27.72,28.727272727272727,4,5.093783717104563,27.5225
BRCA1,N723D,723.0,P38398,0,25.69,27.338181818181816,4,5.513995114197744,28.04
BRCA1,S784L,784.0,P38398,0,28.34,27.34909090909091,4,4.60835682045563,27.305000000000003
BRCA1,T826K,826.0,P38398,0,34.56,35.45545454545454,4,5.1486848387488475,34.14
BRCA1,K862E,862.0,P38398,0,56.12,54.57818181818181,6,5.1279200780552845,57.24666666666666
BRCA1,G890V,890.0,P38398,0,34.06,29.770909090909093,4,5.468512217211165,28.939999999999998
BRCA1,V920I,920.0,P38398,0,26.82999999999999,27.835454545454546,4,5.52109227775766,27.2375
BRCA1,I925L,925.0,P38398,0,27.7,27.937272727272724,4,5.334998396211301,28.22
BRCA1,A102G,102.0,P38398,0,56.5,60.01545454545454,4,4.730053490338642,60.865
BRCA1,R1028C,1028.0,P38398,0,25.730000000000004,28.345454545454547,4,5.324431241010612,27.94
BRCA1,R1028H,1028.0,P38398,0,25.730000000000004,28.345454545454547,4,5.324431241010612,27.94
BRCA1,I1044V,1044.0,P38398,0,27.91,25.90909090909091,4,5.422344364420384,26.017500000000002
BRCA1,K1109N,1109.0,P38398,0,30.559999999999995,29.677272727272726,4,5.584257384636525,29.755
BRCA1,E1219D,1219.0,P38398,0,35.91,33.21090909090909,4,4.931156760384732,31.1425
BRCA1,P1238L,1238.0,P38398,0,31.67000000000001,30.768181818181823,4,5.315716751666318,30.9525
BRCA1,I1275V,1275.0,P38398,0,29.53,28.886363636363637,4,5.358630217581014,27.852499999999996
BRCA1,E143K,143.0,P38398,0,29.470000000000002,33.30909090909091,4,5.849577697657117,35.545
BRCA1,K1606E,1606.0,P38398,0,29.98,30.94636363636364,4,5.3001371515498,30.36
BRCA1,M1652T,1652.0,P38398,0,96.0,85.59909090909092,13,5.7669387178489675,95.34
BRCA1,L1664P,1664.0,P38398,0,95.31,95.2209090909091,10,5.6787970974288955,95.4
BRCA1,Y179C,179.0,P38398,0,32.19,32.735454545454544,4,5.469432956046067,34.1325
BRCA1,V191I,191.0,P38398,0,32.59,31.121818181818185,4,5.551870657515113,31.445
BRCA1,D214G,214.0,P38398,0,32.53,34.413636363636364,4,5.738538878884593,33.99
BRCA1,T276R,276.0,P38398,0,29.12,31.145454545454548,4,5.112844143978547,31.237499999999997
BRCA1,S316G,316.0,P38398,0,25.829999999999995,28.064545454545453,4,4.968365463319746,26.22
MYH9,I1626V,1626.0,P35579,0,81.12,80.21999999999998,8,5.1039336227897465,80.33500000000001
TERT,A279T,279.0,O14746,0,26.380000000000003,26.347272727272728,4,5.334985642787875,27.977500000000003
BRAF,D22N,22.0,P15056,0,28.52,30.622727272727275,4,5.323571770074473,30.5975
MSH6,S144I,144.0,P52701,0,86.19,84.60363636363637,10,5.555278786269391,83.869
MET,N375S,375.0,P08581,0,79.94,73.73,9,5.680610831945913,70.36444444444444
MET,I316M,316.0,P08581,0,95.75,92.97727272727273,14,5.833678267987675,93.93357142857143
MLH1,S406N,406.0,P40692,0,34.91,34.13090909090909,4,5.268264291143334,34.5775
MLH1,V716M,716.0,P40692,0,91.56000000000002,89.84636363636365,12,5.902923400846569,90.33833333333332
MLH1,V213M,213.0,P40692,0,94.93999999999998,93.05727272727272,9,5.759540129933008,93.93777777777778
MSH2,L390F,390.0,P43246,0,88.0,85.89181818181818,12,5.931376125395918,87.33833333333332
MSH2,A272V,272.0,P43246,0,94.88,93.74363636363637,14,5.732956583780776,93.55142857142856
PTC1,P1282L,1282.0,Q13635,0,43.53000000000001,38.733636363636364,4,5.2437550159623845,36.6575
PTC1,P1315L,1315.0,Q13635,0,35.91,31.62090909090909,4,5.347365503137995,32.762499999999996
TSC1,M322T,322.0,Q92574,0,28.12,27.23818181818182,4,5.093147700281603,25.15
PMS2,T485K,485.0,P54278,0,34.25,34.74090909090909,4,5.452615292133462,34.004999999999995
PMS2,T511A,511.0,P54278,0,29.449999999999996,27.562727272727273,4,5.287841773697099,27.544999999999998
PMS2,T511M,511.0,P54278,0,29.449999999999996,27.562727272727273,4,5.287841773697099,27.544999999999998
PMS2,T597S,597.0,P54278,0,31.229999999999997,33.82545454545454,4,5.511634273517725,33.9225
PMS2,M622I,622.0,P54278,0,78.38,71.34,6,5.144439334351482,72.45666666666666
PMS2,R20Q,20.0,P54278,0,81.62,79.35636363636364,6,5.148744566855417,80.18666666666667
TSC2,R367Q,367.0,P49815,0,88.88,88.22727272727273,10,5.630418436257988,88.763
TSC2,S1276F,1276.0,P49815,0,24.72,26.184545454545454,4,5.173297010624852,25.83
BMR1A,P2T,2.0,P36894,0,52.72000000000001,57.57142857142856,5,5.2921779758544005,58.324
CADH1,A592T,592.0,P12830,0,89.75,90.48454545454545,13,6.322350239004577,90.4330769230769
CADH1,R224H,224.0,P12830,0,92.55999999999999,93.86818181818184,5,5.003974621947092,94.074
CADH1,A298T,298.0,P12830,0,91.88,92.40454545454546,14,5.723922682823174,93.25500000000001
PGFRA,R340Q,340.0,P16234,0,92.94000000000001,91.71,11,5.764090941809175,91.83545454545454
BRCA1,Q356R,356.0,P38398,0,30.98,28.234545454545454,7,5.201970593941922,28.391428571428577
BRCA1,R496H,496.0,P38398,0,31.56,28.75818181818182,4,5.296771566415382,28.1825
BRCA1,E597K,597.0,P38398,0,31.720000000000002,30.24636363636364,8,5.408683363259611,30.73
BRCA1,D693N,693.0,P38398,0,28.7,29.820909090909087,4,5.194813535298676,30.222499999999997
BRCA1,V772A,772.0,P38398,0,41.53000000000001,29.493636363636366,7,6.02405408312423,29.867142857142856
BRCA1,K820E,820.0,P38398,0,43.81,37.21181818181818,4,5.228607561247509,37.39
BRCA1,P871L,871.0,P38398,0,34.59,36.335454545454546,4,5.056745321755223,34.7475
BRCA1,M1008I,1008.0,P38398,0,25.42,27.835454545454546,4,5.249299404970471,28.8725
BRCA1,P1099L,1099.0,P38398,0,36.22,29.302727272727267,8,6.254742218946207,28.675
BRCA1,S1140G,1140.0,P38398,0,26.84,27.75,8,5.67799815775558,28.15375
BRCA1,K1183R,1183.0,P38398,0,28.31,31.920909090909092,4,5.282466544679465,31.575000000000003
BRCA1,R1347G,1347.0,P38398,0,31.06,31.019090909090913,4,5.241642759602174,32.2575
BRCA1,P142H,142.0,P38398,0,39.410000000000004,33.50272727272728,4,5.740489105273803,29.91
BRCA1,R1507T,1507.0,P38398,0,29.670000000000005,29.534545454545455,4,5.043266400469634,28.665000000000003
BRCA1,S1512I,1512.0,P38398,0,27.55,29.69363636363636,4,5.147425995817542,29.1275
BRCA1,S1613G,1613.0,P38398,0,28.22,30.34909090909091,5,5.331321468233345,30.094
BRCA1,M1628T,1628.0,P38398,0,30.12,32.343636363636364,7,6.139009001689649,30.217142857142857
BRCA1,M1652I,1652.0,P38398,0,96.0,85.59909090909092,13,5.7669387178489675,95.34
BRCA1,L246V,246.0,P38398,0,30.67,30.939090909090904,4,5.308586163898312,30.165
MLH1,V326A,326.0,P40692,0,92.75,91.88454545454546,8,5.174580574389325,91.88
ELN,G422S,422.0,P15502,0,37.25,35.63272727272727,5,5.856481246881822,36.75
P53,P47S,47.0,P04637,0,37.94,42.01909090909091,5,5.546821916709219,43.724000000000004
BRAF,S323L,323.0,P15056,0,36.25,37.348181818181814,4,5.471104154757164,36.85
CBL,L620F,620.0,P22681,0,35.22,33.39363636363637,4,5.235921081258423,36.71
TSC2,P91L,91.0,P49815,0,77.5,83.9190909090909,7,5.913882267225384,80.63285714285715
TSC2,A1141V,1141.0,P49815,0,30.829999999999995,32.691818181818185,4,5.274285301847164,31.7875
BRCA1,P334L,334.0,P38398,0,34.34,28.9009090909091,4,5.359966542836204,28.0725
BRCA1,F461L,461.0,P38398,0,33.15999999999999,33.60454545454545,4,4.870624669197117,35.7825
BRCA1,N473S,473.0,P38398,0,32.94,33.340909090909086,4,4.685121106894579,35.5325
BRCA1,N473I,473.0,P38398,0,32.94,33.340909090909086,4,4.685121106894579,35.5325
BRCA1,F486L,486.0,P38398,0,25.44,27.80272727272727,4,5.216533292143714,26.909999999999997
BRCA1,R504H,504.0,P38398,0,35.279999999999994,34.151818181818186,4,5.176413682996383,35.2425
BRCA1,T539M,539.0,P38398,0,31.389999999999993,30.721818181818183,4,5.3409554854579575,32.0175
BRCA1,P568L,568.0,P38398,0,29.31,29.489999999999995,4,5.115260684508488,31.975
BRCA1,R612G,612.0,P38398,0,31.0,30.124545454545455,4,5.60429428372078,29.9475
BRCA1,A622V,622.0,P38398,0,34.72,32.084545454545456,4,4.922101245292033,35.0875
BRCA1,D642H,642.0,P38398,0,33.53,29.325454545454544,4,5.241810572958949,30.83
BRCA1,S643G,643.0,P38398,0,29.77,29.0590909090909,4,5.205899764325388,30.5975
BRCA1,D67Y,67.0,P38398,0,83.38,84.13636363636364,9,5.8059725085879474,80.7211111111111
BRCA1,D695Y,695.0,P38398,0,31.36,29.819999999999997,4,5.161666235525831,29.582499999999996
BRCA1,P727L,727.0,P38398,0,32.81,26.370909090909095,6,5.747247291852528,26.61
BRCA1,R762S,762.0,P38398,0,27.469999999999995,26.719999999999995,4,5.248449592109136,25.805
BRCA1,Q804H,804.0,P38398,0,29.75,27.833636363636366,4,5.338676570832817,32.379999999999995
BRCA1,N810Y,810.0,P38398,0,24.45,30.223636363636366,4,5.408986391970319,27.497500000000002
BRCA1,Y856H,856.0,P38398,0,57.84000000000001,57.65363636363636,8,5.100752228058466,59.246249999999996
BRCA1,E962K,962.0,P38398,0,32.78,32.056363636363635,4,5.270399658104854,32.88249999999999
BRCA1,M1008V,1008.0,P38398,0,25.42,27.835454545454546,4,5.249299404970471,28.8725
BRCA1,G1048V,1048.0,P38398,0,26.36,26.805454545454552,4,5.293169363194931,26.35
BRCA1,Y105C,105.0,P38398,0,48.529999999999994,47.18272727272727,5,5.455445736489069,52.465999999999994
BRCA1,S1101N,1101.0,P38398,0,31.170000000000005,29.858181818181823,7,6.038475543485418,30.321428571428573
BRCA1,S1139I,1139.0,P38398,0,26.23,28.099090909090908,8,5.702339362799126,27.966250000000002
BRCA1,P1150S,1150.0,P38398,0,33.91,29.561818181818182,4,5.015967585503479,31.777499999999996
BRCA1,D1155H,1155.0,P38398,0,29.66,30.227272727272727,4,5.185770108515516,29.6675
BRCA1,V1181I,1181.0,P38398,0,30.88,32.407272727272726,4,5.375102899897952,30.892500000000002
BRCA1,Q1200H,1200.0,P38398,0,32.66,31.298181818181817,4,5.316292429702999,31.4825
BRCA1,R1203Q,1203.0,P38398,0,28.88,29.89818181818182,4,5.418550325178245,28.8325
BRCA1,E1214K,1214.0,P38398,0,31.84,30.74909090909091,4,5.410462340092255,31.947499999999998
BRCA1,N1236K,1236.0,P38398,0,28.92,31.069090909090914,4,5.258727462441675,32.790000000000006
BRCA1,I124V,124.0,P38398,0,36.19,33.39545454545455,4,5.089876891722186,33.7975
BRCA1,T1242A,1242.0,P38398,0,26.550000000000004,29.50545454545454,4,5.369250876358621,31.17
BRCA1,V1247I,1247.0,P38398,0,25.22,26.751818181818184,4,5.1667111758855215,26.1
BRCA1,E1250K,1250.0,P38398,0,24.34,25.45090909090909,4,4.809145873199178,24.9075
BRCA1,S1266T,1266.0,P38398,0,25.94,28.485454545454548,4,5.279593178055844,28.169999999999998
BRCA1,N132K,132.0,P38398,0,36.78,34.73454545454546,4,4.965431065283871,35.67
BRCA1,R133C,133.0,P38398,0,34.12,34.59818181818182,4,5.103797562820205,37.415
BRCA1,T1349M,1349.0,P38398,0,27.57999999999999,30.62636363636364,4,5.115361573826433,29.51
BRCA1,M1361L,1361.0,P38398,0,30.14,30.370909090909095,4,5.319093660545517,30.7975
BRCA1,V1378I,1378.0,P38398,0,31.69,31.55454545454546,4,5.410524457235991,30.849999999999998
BRCA1,H1402Y,1402.0,P38398,0,92.0,89.66909090909091,8,5.119698056068445,89.7875
BRCA1,E1419Q,1419.0,P38398,0,76.25,66.56636363636363,8,5.099473551663463,67.31
BRCA1,N1468H,1468.0,P38398,0,31.78,32.224545454545456,8,5.853059092925179,30.14
BRCA1,V1534M,1534.0,P38398,0,29.520000000000003,28.522727272727273,4,4.936859278396765,28.462500000000002
BRCA1,D1546N,1546.0,P38398,0,22.94,27.321818181818184,4,5.4673450827609,27.3275
BRCA1,D1546Y,1546.0,P38398,0,22.94,27.321818181818184,4,5.4673450827609,27.3275
BRCA1,Q155E,155.0,P38398,0,33.06,32.86363636363637,7,6.4645138826966795,30.421428571428574
BRCA1,L1564P,1564.0,P38398,0,29.33,29.201818181818183,4,5.191046952082186,30.2225
BRCA1,P1614S,1614.0,P38398,0,30.62,29.818181818181817,4,5.373830984726391,28.015
BRCA1,P1637L,1637.0,P38398,0,26.32999999999999,29.60272727272727,4,4.851498729092675,27.86
BRCA1,F1662S,1662.0,P38398,0,96.12000000000002,95.19272727272727,10,5.400299152153241,95.425
BRCA1,E1682K,1682.0,P38398,0,89.56,93.52181818181818,6,6.014688556352374,93.45833333333333
BRCA1,R170W,170.0,P38398,0,32.12,34.01727272727273,4,5.269146266596964,34.5775
BRCA1,G1706A,1706.0,P38398,0,95.88,96.0790909090909,14,5.767349941438259,96.4907142857143
BRCA1,T1720A,1720.0,P38398,0,95.43999999999998,95.85727272727271,9,5.52821747615213,95.86
BRCA1,D1733G,1733.0,P38398,0,94.25,95.29545454545455,7,5.87656937858317,95.86571428571428
BRCA1,R1751Q,1751.0,P38398,0,95.19000000000001,93.39727272727272,9,5.2625132069989355,94.59666666666666
BRCA1,V1804D,1804.0,P38398,0,85.93999999999998,82.50636363636363,9,5.70707512284024,82.77111111111111
BRCA1,L1844R,1844.0,P38398,0,95.31,95.62909090909092,11,5.73185905640097,95.36363636363636
BRCA1,P1859R,1859.0,P38398,0,71.25,69.12599999999999,6,5.7068373530220695,73.51166666666667
BRCA1,S186Y,186.0,P38398,0,31.97,32.11363636363637,4,5.407455898345754,30.415
BRCA1,H239R,239.0,P38398,0,32.84000000000001,29.225454545454546,4,5.353324248665864,31.455000000000002
BRCA1,G275S,275.0,P38398,0,31.95,30.912727272727274,4,5.160857321116305,32.0775
BRCA1,G275D,275.0,P38398,0,31.95,30.912727272727274,4,5.160857321116305,32.0775
BRCA1,A280G,280.0,P38398,0,29.160000000000004,29.472727272727273,4,5.343621087823388,29.3275
BRCA1,M297I,297.0,P38398,0,37.41,33.22727272727272,4,5.285815991398178,34.48
PRD16,V1101M,1101.0,Q9HAZ2,0,31.639999999999993,33.44909090909091,4,5.468947006782183,32.8525
HNF1A,P289L,289.0,P20823,0,57.69,58.72818181818182,5,5.640303321503554,53.49400000000001
MLH1,T347N,347.0,P40692,0,38.06,38.95636363636364,4,4.82266519297573,37.49
MLH1,A441T,441.0,P40692,0,29.139999999999997,30.309090909090912,4,5.352424484634392,29.445000000000004
MLH1,E600G,600.0,P40692,0,82.25,85.57363636363635,4,4.643547852876507,82.7025
MLH1,K618T,618.0,P40692,0,93.5,93.82909090909092,8,5.316874338094971,93.92125
MLH1,Q689R,689.0,P40692,0,77.19,75.42272727272726,5,5.391391699563043,75.274
MLH1,I219L,219.0,P40692,0,93.06,92.57363636363637,9,5.734899300444648,93.52111111111111
MLH1,G22A,22.0,P40692,0,79.75,84.94272727272727,10,5.541280664285439,86.05000000000001
MLH1,E268G,268.0,P40692,0,90.0,90.21454545454546,7,5.645688060372291,88.88428571428572
MSH2,T564A,564.0,P43246,0,91.81000000000002,93.10727272727271,9,5.280241804560217,92.46555555555557
MSH2,Q629R,629.0,P43246,0,95.12,96.71,8,5.638803682505403,95.72874999999999
MSH2,T8M,8.0,P43246,0,51.97000000000001,52.06636363636364,4,4.86109227670815,51.0475
MSH2,R106K,106.0,P43246,0,77.62,74.19272727272727,8,5.747490335439168,76.6725
MSH2,D167H,167.0,P43246,0,87.56,87.40636363636364,12,5.655261366284715,81.2325
BRCA1,E842G,842.0,P38398,0,26.0,28.13,4,4.887842272746022,27.227500000000003
BLM,P868L,868.0,P54132,0,94.88,94.70545454545454,7,5.4924726618645945,95.98142857142857
BLM,T298M,298.0,P54132,0,36.44,34.34909090909091,4,4.578025149682213,34.230000000000004
ATRX,Q545E,545.0,P46100,0,26.06,27.66909090909091,4,5.514875104454164,27.24
ATRX,H865Q,865.0,P46100,0,30.690000000000005,30.896363636363642,4,5.1197045621108686,32.0375
MET,M362T,362.0,P08581,0,95.25,95.12545454545456,12,5.8605362410245405,95.06416666666667
EP300,I997V,997.0,Q09472,0,33.69,30.594545454545457,4,5.7372902284673195,28.1675
EP300,Q2223P,2223.0,Q09472,0,34.28,35.00818181818182,4,5.565810496265428,34.265
STIL,H985R,985.0,Q15468,0,36.5,42.12454545454546,6,5.81082243693027,41.660000000000004
CBP,P858S,858.0,Q92793,0,42.160000000000004,34.88454545454545,4,5.4566583252026355,36.1725
CBP,A981T,981.0,Q92793,0,29.059999999999995,27.766363636363636,4,5.158075273666141,28.16
CBP,V992I,992.0,Q92793,0,29.860000000000007,30.430909090909093,4,5.008044433489176,32.005
CBP,S1043L,1043.0,Q92793,0,26.3,29.46,4,5.533924392871642,30.265
CBP,P1608T,1608.0,Q92793,0,35.0,38.25272727272727,4,5.293436416353836,33.567499999999995
CBP,N1978S,1978.0,Q92793,0,30.2,31.781818181818185,4,5.171026892841483,28.125
CBP,G2229S,2229.0,Q92793,0,31.12,32.518181818181816,4,5.199266975317519,31.8275
NSD1,V614L,614.0,Q96L73,0,29.110000000000007,31.679090909090906,4,5.020010662715806,28.419999999999998
NSD1,S726P,726.0,Q96L73,0,22.59,27.236363636363638,4,5.331583060154964,26.5675
NSD1,M2250I,2250.0,Q96L73,0,23.92,26.145454545454548,4,4.806105452117461,24.747500000000002
NSD1,M2261T,2261.0,Q96L73,0,25.89,24.87909090909091,4,5.461267389151047,24.3825
NSD1,A2546T,2546.0,Q96L73,0,30.329999999999995,31.521818181818187,4,4.977105909941921,31.335
ARI1A,N1705S,1705.0,O14497,0,94.81,94.16454545454545,11,5.93733416388161,94.69272727272727
ARI1B,I643V,643.0,Q8NFD5,0,31.19,35.261818181818185,4,5.370902066587792,35.3875
SMCA4,Y372H,372.0,P51532,0,81.55999999999999,82.74454545454546,8,5.127262894109505,83.02375
MLH1,S692P,692.0,P40692,0,62.31,58.63545454545454,6,6.112740622065129,67.84833333333333
P53,N235S,235.0,P04637,0,97.19,97.59181818181818,13,5.727150881792373,96.87461538461538
P53,R290H,290.0,P04637,0,91.38,82.12181818181818,8,5.066750463128198,83.89750000000001
CADH1,E388K,388.0,P12830,0,89.81,92.91454545454548,11,6.105467886322453,92.3409090909091
CADH1,T470I,470.0,P12830,0,94.75,91.14272727272727,10,5.799785874345597,94.395
CADH1,R63Q,63.0,P12830,0,64.05999999999999,73.40363636363635,7,5.882663671646801,70.64285714285714
CADH1,E702K,702.0,P12830,0,38.16,43.49363636363636,4,4.9638552931694075,38.53
CADH1,D805N,805.0,P12830,0,63.22,68.37636363636364,5,5.22862090547378,67.10600000000001
CADH1,P30T,30.0,P12830,0,80.06000000000002,73.87181818181818,9,5.713177825147203,80.14
BLM,V1321I,1321.0,P54132,0,32.78,35.301818181818184,4,5.1906400204457475,36.345
CMTA1,N1177K,1177.0,Q9Y6Y1,0,34.38,42.93545454545454,8,6.448655265234581,39.24125
KNL1,R43T,43.0,Q8NG31,0,33.59000000000001,32.562727272727265,4,4.957482281880853,34.2575
KNL1,M82T,82.0,Q8NG31,0,33.97,32.41454545454545,4,5.6191429087825275,30.44
ERCC5,D1104H,1104.0,P28715,0,34.94,34.26,4,5.507285393673964,35.9825
ERCC5,M254V,254.0,P28715,0,77.81,78.7209090909091,10,5.385659212999569,79.718
HNF1A,S487N,487.0,P20823,0,38.94,40.20636363636363,4,5.422728776778076,42.2825
MED12,G1884S,1884.0,Q93074,0,26.92,27.81,4,5.481121707392401,25.947499999999998
NIN,K884R,884.0,Q8N4C6,0,87.69,86.63545454545455,8,5.155207638656509,86.14750000000001
NIN,P1111A,1111.0,Q8N4C6,0,25.75,25.018181818181816,4,5.119481842318604,23.54
NIN,V1152F,1152.0,Q8N4C6,0,25.66,26.082727272727276,4,5.210560523066388,27.06
NIN,R1613C,1613.0,Q8N4C6,0,64.12,60.82,8,5.108166392038347,60.9375
NIN,E1622D,1622.0,Q8N4C6,0,32.53,35.78545454545454,7,5.696272763154218,36.37714285714286
NIN,R1646H,1646.0,Q8N4C6,0,79.88,74.26363636363637,8,5.110251482249561,74.19749999999999
NIN,C1692Y,1692.0,Q8N4C6,0,29.78,36.14090909090908,4,5.281970339261668,34.94
NIN,S1837T,1837.0,Q8N4C6,0,51.720000000000006,49.84545454545455,8,5.290312685410239,49.42
NIN,Q1934E,1934.0,Q8N4C6,0,76.94,73.53727272727274,8,5.052015743715696,74.41499999999999
NIN,T1968M,1968.0,Q8N4C6,0,27.09,30.30272727272727,4,5.464641289098343,26.0675
NIN,N2023S,2023.0,Q8N4C6,0,29.48,34.42909090909091,7,5.664050567220367,36.18571428571429
DPOG1,Q43R,43.0,P54098,0,40.31,37.83636363636364,7,5.499857976452951,38.575714285714284
SDHA,V657I,657.0,P31040,0,98.5,97.99545454545455,7,6.0785007744173045,98.38571428571427
ABL1,P810L,810.0,P00519,0,44.44,35.583636363636366,4,5.352271124002243,33.925000000000004
ABL1,S972L,972.0,P00519,0,31.3,34.40272727272727,4,5.124643265740305,35.4225
ABL1,G706S,706.0,P00519,0,31.06,35.38999999999999,4,5.168135086860462,34.535
ABL1,S43N,43.0,P00519,0,41.56,38.77181818181818,7,5.930969139682134,37.120000000000005
ABL1,K247R,247.0,P00519,0,93.06,84.99,9,5.735623842464988,88.29777777777778
ABL1,R473Q,473.0,P00519,0,98.75,98.65818181818182,10,5.635992670500944,98.67999999999999
ALK,V198M,198.0,Q9UM73,0,51.90999999999998,56.67181818181819,5,5.6272534032518475,58.976
ALK,K1525E,1525.0,Q9UM73,0,32.84,33.06454545454545,4,5.518536353282751,34.03
ALK,A371T,371.0,Q9UM73,0,78.69,81.37000000000002,6,5.885334599102094,80.46833333333333
ALK,V476A,476.0,Q9UM73,0,80.18999999999998,81.37454545454547,8,5.656976254884271,81.5925
AMER1,T625A,625.0,Q5JTC6,0,93.88,93.75,8,5.165137101527327,93.66375
AMER1,R1091W,1091.0,Q5JTC6,0,42.90999999999999,42.93363636363636,4,5.169710915881864,43.537499999999994
AMER1,V651I,651.0,Q5JTC6,0,55.12,57.92636363636364,4,4.8531910549731005,55.4075
AMER1,M719I,719.0,Q5JTC6,0,37.03,39.029090909090904,4,5.322079152164951,37.2175
AMER1,K292N,292.0,Q5JTC6,0,37.66,41.26909090909091,4,5.447065766848861,41.61
AMER1,G303D,303.0,Q5JTC6,0,39.06,42.99545454545454,4,5.304580511146543,41.345
AMER1,F159L,159.0,Q5JTC6,0,32.12,37.97454545454545,4,5.335216678274333,38.095
ARI1A,Y1435C,1435.0,O14497,0,31.019999999999996,28.626363636363635,4,5.3778437858443855,30.3125
ARI1A,E1779G,1779.0,O14497,0,33.75,32.68454545454545,4,5.596927173789262,32.925
ARID2,S587G,587.0,Q68CP9,0,54.38,56.75000000000001,4,4.989605883577687,48.2875
ARID2,T922A,922.0,Q68CP9,0,24.800000000000004,28.017272727272733,4,5.578812573719078,28.602500000000003
ARID2,A810P,810.0,Q68CP9,0,28.03,29.773636363636363,4,5.4118096515438046,29.967499999999998
ARID2,A1434S,1434.0,Q68CP9,0,31.5,29.50818181818182,4,5.392204820788669,29.6225
ARID2,A1498T,1498.0,Q68CP9,0,29.389999999999997,29.85181818181818,4,5.465220445885278,31.490000000000002
ARID2,V1649L,1649.0,Q68CP9,0,91.88,90.17636363636365,14,5.901679082443193,90.41642857142857
ARID2,E98K,98.0,Q68CP9,0,86.12,86.27999999999999,10,5.596412189338027,87.196
ASXL1,E477Q,477.0,Q8IXJ9,0,29.77,32.11909090909091,4,5.412958176054282,31.9125
ASXL1,K838R,838.0,Q8IXJ9,0,36.81,35.36363636363637,4,5.085036644990206,36.9375
ASXL1,M1249V,1249.0,Q8IXJ9,0,32.16,32.19909090909091,4,5.260886037110572,31.9725
ASXL1,S1231F,1231.0,Q8IXJ9,0,29.16,28.843636363636367,4,5.206078486438825,29.6625
ASXL1,L1325F,1325.0,Q8IXJ9,0,38.5,32.940000000000005,4,4.959639657781941,29.985
ASXL1,G652S,652.0,Q8IXJ9,0,42.62,46.443636363636365,4,5.501639099512449,45.2975
ASXL1,V751I,751.0,Q8IXJ9,0,32.91,33.35090909090909,4,5.2775783150040265,35.7125
ASXL1,D799Y,799.0,Q8IXJ9,0,32.44,32.85818181818181,4,5.160207959437827,35.5475
ASXL1,E1102D,1102.0,Q8IXJ9,0,32.41,42.094545454545454,4,5.095785580279713,36.510000000000005
ATRX,Q883R,883.0,P46100,0,24.58,28.10545454545455,4,5.476014878245072,27.82
ATRX,I901V,901.0,P46100,0,27.53,29.012727272727272,6,5.7653065647285375,27.25166666666667
ATRX,N1214I,1214.0,P46100,0,29.16,29.54,4,5.1191419871246495,30.7225
ATRX,H475D,475.0,P46100,0,31.389999999999997,29.11909090909091,4,5.109423981552276,26.6825
ATRX,P609A,609.0,P46100,0,37.19,28.71090909090909,4,5.147146305345073,27.722499999999997
ATRX,V1181L,1181.0,P46100,0,27.34,26.90636363636364,4,4.990972579459688,26.5575
BAP1,S596G,596.0,Q92560,0,38.56,36.790909090909096,4,5.444290390517439,37.317499999999995
BCOR,P483L,483.0,Q6W2J9,0,35.25,31.06,4,5.1669062046752074,30.345
BCOR,S209L,209.0,Q6W2J9,0,25.44,31.08909090909091,4,5.248841655903918,32.29
BCOR,R710H,710.0,Q6W2J9,0,31.5,33.95727272727273,4,5.398546469601175,35.335
BCOR,R1268G,1268.0,Q6W2J9,0,30.160000000000004,29.373636363636365,4,5.381847485546112,29.375
BCOR,K1325R,1325.0,Q6W2J9,0,35.09,31.187272727272724,4,5.095768253592401,31.415
BLM,E140G,140.0,P54132,0,27.14,29.079090909090908,4,5.396401594239178,28.547500000000003
FANCJ,S919P,919.0,Q9BX63,0,27.329999999999995,29.187272727272724,4,5.121419215703206,29.895
CAR11,E530D,530.0,Q9BXL7,0,37.38,36.23909090909091,4,5.198453386652252,37.365
CAR11,A581T,581.0,Q9BXL7,0,33.03,38.55,5,5.670764720501234,39.982
CAR11,T748A,748.0,Q9BXL7,0,92.62,90.4881818181818,11,5.5684963075642795,90.29090909090908
CBLB,S622T,622.0,Q13191,0,38.38,40.31727272727273,4,5.188665821024792,39.7475
CADH1,L630V,630.0,P12830,0,88.75,85.8281818181818,14,6.359155566222418,86.42785714285715
CADH1,V202I,202.0,P12830,0,92.25,93.14818181818183,10,5.417391415297348,92.62
CDK12,I1131V,1131.0,Q9NYV4,0,64.44,68.64181818181818,8,5.623535796299395,70.40625
CBP,G98V,98.0,Q92793,0,29.94,31.90272727272728,4,5.391184421995818,29.372500000000002
CYLD,G431E,431.0,Q9NQC7,0,30.42,30.33181818181818,4,5.407631578762643,30.590000000000003
DICER,A20V,20.0,Q9UPY3,0,27.28,27.915454545454544,4,5.340808556303231,28.557500000000005
DICER,D609Y,609.0,Q9UPY3,0,62.19,64.2109090909091,6,5.232164959998092,65.78666666666668
DICER,A872T,872.0,Q9UPY3,0,84.19,85.98818181818183,12,5.615113705677326,85.72916666666667
DYN2,P263L,263.0,P50570,0,92.5,94.59727272727272,5,5.115412883785356,94.164
EP300,I859T,859.0,Q09472,0,31.55,35.44,4,4.909656991820324,35.5525
EP300,G211S,211.0,Q09472,0,24.59,28.15,4,5.527791882542971,29.4325
EP300,N251S,251.0,Q09472,0,28.08,31.656363636363633,4,5.386746108075727,29.544999999999998
ERBB2,W452C,452.0,P04626,0,97.30999999999997,95.84,14,5.9502261278377295,96.26857142857145
ERBB2,R47H,47.0,P04626,0,93.94000000000001,92.13181818181816,9,5.213426821581001,92.28555555555555
ERBB2,E930D,930.0,P04626,0,88.88,86.56272727272727,8,5.454165335661647,85.54625
ERBB2,P1170A,1170.0,P04626,0,34.06,31.467272727272732,4,5.517198166907908,30.36
ERBB2,A1216D,1216.0,P04626,0,29.309999999999995,29.28818181818182,7,5.9805186971324105,53.48285714285714
ERBB2,R1161Q,1161.0,P04626,0,34.84000000000001,36.696363636363635,4,5.418435311601719,36.92
XPF,S662P,662.0,Q92889,0,46.94,49.63636363636365,7,5.573711619785628,50.43285714285715
ERCC5,G1053R,1053.0,P28715,0,35.31,44.43,6,6.03485205562851,47.175000000000004
ERCC5,G1080R,1080.0,P28715,0,36.28,34.68454545454545,4,5.2761250363455705,35.835
EXT2,M370I,370.0,Q93063,0,94.69,96.5909090909091,10,5.7874803448922965,96.619
FANCA,N8K,8.0,O15360,0,25.86,28.88818181818182,4,5.261034119239399,31.814999999999998
FANCA,V6D,6.0,O15360,0,28.44,29.53727272727273,4,5.394068713338163,31.455000000000002
FANCA,G501S,501.0,O15360,0,78.94,83.80727272727273,5,5.015880188911197,83.178
FANCA,P643A,643.0,O15360,0,30.17000000000001,37.00090909090909,6,5.6990625069809235,36.63999999999999
FANCA,P643R,643.0,O15360,0,30.17000000000001,37.00090909090909,6,5.6990625069809235,36.63999999999999
FANCA,T266A,266.0,O15360,0,83.5,80.72272727272728,13,5.714235667897253,81.05846153846154
FANCC,V449M,449.0,Q00597,0,87.06000000000002,87.46181818181817,11,5.68863409544914,84.40454545454546
FACD2,I172M,172.0,Q9BXW9,0,85.69,80.12545454545453,9,5.830391636786571,82.58888888888889
FACD2,T193A,193.0,Q9BXW9,0,90.81000000000002,89.93181818181819,11,5.728367636394055,89.7790909090909
FANCG,Q26R,26.0,O15287,0,91.0,90.50090909090909,11,5.613200429691653,90.92727272727274
FBX11,S831G,831.0,Q86XK2,0,90.62,89.52636363636364,7,5.427619264876283,89.80142857142857
FBX11,T126S,126.0,Q86XK2,0,33.38,32.75727272727273,4,5.425685238159915,33.2475
FLT3,I417L,417.0,P36888,0,93.0,89.90363636363637,11,5.539460996386107,92.2081818181818
FLT3,V557I,557.0,P36888,0,87.56000000000002,84.54636363636364,8,5.052147992446713,85.22125
FLT3,A988P,988.0,P36888,0,37.28,38.06545454545454,4,5.244115505034988,37.71
FLT3,V194M,194.0,P36888,0,91.31000000000002,85.10545454545455,14,6.129823552654753,89.42
FLT3,T227M,227.0,P36888,0,74.43999999999998,84.09636363636365,9,5.9950207297609985,73.90555555555557
FLT3,D358V,358.0,P36888,0,86.81,84.81090909090909,8,5.724047267711724,87.7025
GATA1,A55T,55.0,P15976,0,57.5,61.49909090909091,9,5.497285239272045,61.38111111111112
GATA2,P250A,250.0,P23769,0,58.94,49.67909090909091,4,5.132015614426161,49.93
GATA2,A164T,164.0,P23769,0,38.09,40.24727272727273,4,5.178841403293017,38.595
IL7RA,T244I,244.0,P16871,0,85.06000000000002,82.5,8,5.091027441024091,83.83625
IL7RA,N348T,348.0,P16871,0,35.12,34.330000000000005,4,4.765553139201657,33.519999999999996
IL7RA,I356V,356.0,P16871,0,38.47,35.68727272727272,4,5.331706496163036,35.7275
IL7RA,T414M,414.0,P16871,0,35.25,34.99363636363636,4,5.297272729921694,35.2375
IL7RA,D364E,364.0,P16871,0,30.0,32.78181818181818,4,5.399219055885473,31.9275
JAK1,I62V,62.0,P23458,0,96.69,96.85727272727273,10,5.601657065998326,96.60499999999999
JAK2,R1063H,1063.0,O60674,0,91.30999999999999,86.87454545454544,8,5.241198636064133,87.83625
JAK2,G127D,127.0,O60674,0,70.56,82.08454545454546,5,5.027344847582641,77.164
JAK3,P396L,396.0,P52333,0,92.75,92.62454545454545,11,6.008689445756423,92.69818181818181
KDM6A,A30T,30.0,O15550,0,34.56,33.89727272727273,5,5.497342787873416,31.536
VGFR2,L462V,462.0,P35968,0,82.88,78.9709090909091,11,5.843317303685496,79.40181818181817
VGFR2,T689M,689.0,P35968,0,86.43999999999998,84.70454545454547,8,5.643766171300348,83.19375
VGFR2,V136M,136.0,P35968,0,88.25,78.18545454545455,9,5.761480637747869,89.05444444444444
VGFR2,A352V,352.0,P35968,0,90.31,90.0909090909091,11,6.330628505156696,90.25090909090909
VGFR2,E372D,372.0,P35968,0,78.75,83.0290909090909,7,6.158357924076222,84.48142857142857
KLF6,V165M,165.0,Q99612,0,54.72000000000001,45.19727272727273,8,5.535507271696268,60.24125
TPOR,L265F,265.0,P40238,0,91.62,89.7390909090909,11,5.659059416749401,89.94363636363637
NBN,E185Q,185.0,O60934,0,92.88,92.02181818181818,7,5.427088199628041,92.12428571428573
NBN,P266L,266.0,O60934,0,87.0,88.07363636363637,4,4.998274096133006,88.375
NF2L2,R43Q,43.0,Q16236,0,77.05999999999999,77.80000000000001,9,5.373993142981394,78.72222222222221
NF2L2,L177V,177.0,Q16236,0,46.38,48.01818181818182,6,5.353291963078526,49.51666666666667
NF2L2,R449H,449.0,Q16236,0,58.19000000000001,59.20181818181818,8,5.599572724186523,57.90625
NF2L2,V268M,268.0,Q16236,0,36.12,34.299090909090914,4,5.447712206458928,32.8125
NOTC1,R1279H,1279.0,P46531,0,60.59000000000001,67.26636363636364,4,4.791095427407645,70.5325
NOTC1,R1608H,1608.0,P46531,0,82.12,79.25090909090909,9,5.436090783062732,76.44555555555556
NOTC1,G2152R,2152.0,P46531,0,26.53,29.110000000000003,11,5.588701988532779,30.89
NOTC1,V2285I,2285.0,P46531,0,20.38,22.544545454545453,6,5.7941693733276765,23.37
NOTC1,A2331T,2331.0,P46531,0,38.97,27.35090909090909,9,5.283116680014238,25.823333333333334
PGFRA,L761R,761.0,P16234,0,42.28,36.898181818181826,8,6.024108503850675,41.50625
PK3CA,I391M,391.0,P42336,0,97.75,98.17181818181817,11,6.037558935157663,98.05181818181818
PMS1,T806S,806.0,P54277,0,82.12,74.49727272727272,11,5.7884186837921625,76.05909090909091
PMS1,Y793H,793.0,P54277,0,84.44000000000001,82.7390909090909,6,5.129474187293067,85.41666666666667
PMS1,K548R,548.0,P54277,0,29.73,28.75545454545454,4,5.540746500540495,27.607499999999998
PMS1,G501R,501.0,P54277,0,54.0,53.23363636363636,7,5.407486993222219,54.879999999999995
PMS1,M394T,394.0,P54277,0,24.33,27.319090909090903,4,5.384194826117598,27.9225
PMS2,K541E,541.0,P54278,0,30.41,31.90090909090909,4,5.295759368480076,33.51
RB,T58I,58.0,P06400,0,91.81000000000002,89.2781818181818,9,5.416891879771068,88.31888888888888
SETD2,P1962L,1962.0,Q9BYW2,0,37.839999999999996,33.08,4,5.514156745051505,32.667500000000004
SETD2,V1938I,1938.0,Q9BYW2,0,27.47,28.05454545454546,4,5.158670124073916,27.5925
SETD2,I563V,563.0,Q9BYW2,0,26.92,27.79,4,5.277755287039124,27.3775
SETD2,D868G,868.0,Q9BYW2,0,27.33,27.370000000000005,7,5.793371180437431,29.898571428571426
SETD2,T928R,928.0,Q9BYW2,0,23.59,25.673636363636362,4,5.2959722823196715,24.865
SETD2,E902Q,902.0,Q9BYW2,0,27.02,28.523636363636367,4,4.646858770263017,26.7375
SETD2,V932I,932.0,Q9BYW2,0,27.06,27.381818181818176,4,5.220752516594796,26.5
SETD2,M1080I,1080.0,Q9BYW2,0,26.92,29.59363636363636,4,5.179123035577301,28.87
SETD2,M817T,817.0,Q9BYW2,0,25.52,27.464545454545455,4,5.6419103468045915,25.5925
SETD2,I1398T,1398.0,Q9BYW2,0,34.69,31.030909090909095,8,5.950918827866351,30.287499999999998
SMCA4,P197S,197.0,P51532,0,80.93999999999998,78.06181818181818,6,5.278814694644081,78.99833333333333
SMO,P687L,687.0,Q99835,0,47.75,42.374545454545455,4,5.520649952869266,41.5925
SMO,R168H,168.0,Q99835,0,94.25,92.89636363636363,8,5.598848565527668,93.74
TET2,I1762V,1762.0,Q6N021,0,30.42,31.490000000000006,4,5.432542109746557,27.9925
TET2,P1723S,1723.0,Q6N021,0,33.44,33.530909090909084,4,5.202525864716263,37.6175
TET2,M1701I,1701.0,Q6N021,0,29.34,31.265454545454546,4,5.4159381372147095,30.7775
TET2,V1718L,1718.0,Q6N021,0,29.479999999999997,33.38818181818182,4,4.97935505660014,30.340000000000003
TET2,H924R,924.0,Q6N021,0,29.119999999999997,30.85,4,5.516967990833847,31.3
TET2,S1039L,1039.0,Q6N021,0,31.860000000000003,37.17,5,5.552363085307521,36.268
TET2,V218M,218.0,Q6N021,0,34.19,31.44454545454546,4,5.297521827838884,32.49
TET2,Y867H,867.0,Q6N021,0,29.8,31.29727272727273,4,5.437723012767474,32.56
TET2,F868L,868.0,Q6N021,0,27.75,31.040000000000006,4,5.640794134378211,31.0725
TNAP3,N102S,102.0,P21580,0,96.44,95.23363636363636,14,6.333875242523102,94.73142857142855
TSHR,P52T,52.0,P16473,0,87.93999999999998,90.45454545454545,8,5.532172753971124,90.3675
HNF1A,E508K,508.0,P20823,0,34.38,39.13727272727272,4,5.463679578093843,42.3275
AKAP9,M463I,463.0,Q99996,0,84.81,84.31727272727272,8,5.025748107885994,83.92125
ATR,R2425Q,2425.0,Q13535,0,87.38,87.59181818181817,9,5.524193494643092,87.7088888888889
AXIN2,N412S,412.0,Q9Y2T1,0,32.97,40.767272727272726,6,5.521736005197702,41.69833333333333
AXIN2,P525A,525.0,Q9Y2T1,0,52.88,58.88727272727272,4,5.2534401066909755,58.0175
BARD1,E580K,580.0,Q99728,0,95.06,94.7,7,5.400551893753176,94.94000000000001
PMS2,S6T,6.0,P54278,0,43.97,45.02181818181819,4,4.891312821267708,43.5075
SKI,A62G,62.0,P12755,0,36.59,37.36545454545455,4,5.7605552467439685,39.8825
STAT3,V461L,461.0,P40763,0,97.5,97.08000000000001,14,6.100369142847451,97.16928571428573
P53,Y107H,107.0,P04637,0,97.55999999999999,97.55090909090909,12,5.880996457892678,97.33916666666666
PMS2,K541R,541.0,P54278,0,30.41,31.90090909090909,4,5.295759368480076,33.51
CADH1,K182N,182.0,P12830,0,82.19,84.4090909090909,8,5.629352758816008,83.28125
P53,T312S,312.0,P04637,0,45.589999999999996,44.18818181818181,4,5.383332530735543,43.2975
CADH1,D433G,433.0,P12830,0,95.0,93.08545454545454,12,5.8003383932472685,93.85916666666667
CADH1,R800H,800.0,P12830,0,65.38,63.27363636363637,5,5.589625188649771,68.428
P53,V73M,73.0,P04637,0,48.28000000000001,47.565454545454536,4,5.335603667257416,50.7575
MSH6,A1064T,1064.0,P52701,0,95.81,94.01181818181819,13,5.616400689778931,95.36692307692307
CADH1,A102T,102.0,P12830,0,88.0,84.98272727272727,12,5.897458642608949,84.81416666666668
BARD1,R378S,378.0,Q99728,0,29.31,31.266363636363636,4,5.128967930619887,31.315
ATR,V959M,959.0,Q13535,0,51.56,49.88545454545454,8,5.411745180085773,50.20625
ATR,N1612S,1612.0,Q13535,0,39.28,37.291818181818186,4,5.077659638785224,35.7875
ATR,P2434A,2434.0,Q13535,0,89.88,88.86454545454545,9,5.900377787542428,90.24333333333333
ATR,V316I,316.0,Q13535,0,84.88,83.18818181818182,7,5.251189156065252,84.7242857142857
NSD1,P118A,118.0,Q96L73,0,32.09,27.99636363636364,4,5.3914203531791465,26.267500000000002
NSD1,R604L,604.0,Q96L73,0,27.420000000000005,28.884545454545457,4,5.2684711307394885,26.21
NSD1,A691T,691.0,Q96L73,0,23.84,27.029999999999998,4,5.069796229572352,25.4275
NSD1,N748D,748.0,Q96L73,0,31.52,30.8,4,5.576687793645666,33.5925
NSD1,A1036P,1036.0,Q96L73,0,25.02,27.45181818181818,4,5.028120140278183,25.1225
NSD1,T1507M,1507.0,Q96L73,0,24.31,26.298181818181817,4,5.472348296243448,25.2575
NSD1,M1628T,1628.0,Q96L73,0,87.94,83.72909090909091,7,5.498373502498217,85.44857142857143
NSD1,R1957W,1957.0,Q96L73,0,95.12000000000002,93.31272727272727,13,5.7023476052240945,94.89615384615385
NSD1,R2468Q,2468.0,Q96L73,0,31.139999999999997,30.314545454545453,5,5.51670485713194,31.226
SETBP,V231L,231.0,Q9Y6X0,0,31.5,33.67545454545455,4,4.941197193952349,35.1
SETBP,V1101I,1101.0,Q9Y6X0,0,47.839999999999996,39.098181818181814,4,5.212810815197419,40.075
SETBP,P1130T,1130.0,Q9Y6X0,0,30.889999999999993,35.24090909090909,4,4.776257294385011,32.205
SETBP,V1377L,1377.0,Q9Y6X0,0,40.839999999999996,38.23090909090909,4,5.32958999293561,36.464999999999996
ELN,G581R,581.0,P15502,0,30.5,34.24000000000001,4,4.92657398360214,33.1375
BARD1,P24S,24.0,Q99728,0,47.56,44.552727272727275,4,5.048823648724051,43.2825
CADH1,G274S,274.0,P12830,0,89.44,93.94363636363637,9,6.0143824275399815,92.7011111111111
BRCA1,I1858L,1858.0,P38398,0,80.44,71.43272727272726,8,5.896917446139477,79.84875
BRCA1,T333A,333.0,P38398,0,32.56,29.128181818181815,6,6.006219343484887,29.231666666666666
BRCA1,K45Q,45.0,P38398,0,91.88,90.43818181818182,10,5.480271074583892,90.76200000000001
ELN,V165L,165.0,P15502,0,38.160000000000004,40.049090909090914,4,5.458725238733595,41.5175
LIFR,I633M,633.0,P42702,0,82.62,80.19272727272728,8,5.703466892835368,86.29625
CBP,P1053L,1053.0,Q92793,0,34.44,31.749999999999996,4,5.336803054424944,31.7325
NIN,G1320E,1320.0,Q8N4C6,0,77.5,73.53363636363636,8,5.090581212178,73.09375
CSF3R,R440Q,440.0,Q99062,0,88.12,91.79545454545455,9,6.0295586496343,91.11888888888889
ARI1B,G329S,329.0,Q8NFD5,0,34.03,32.61454545454546,4,4.8471127208839775,34.417500000000004
CDK6,S317C,317.0,Q00534,0,40.5,36.98909090909091,4,5.044860360903028,33.6325
MED12,I2079V,2079.0,Q93074,0,71.06,69.17181818181818,8,5.06883333512554,69.525
PTC1,P1318L,1318.0,Q13635,0,30.22,31.516363636363636,4,5.033395150604937,29.982499999999998
HIP1,D749N,749.0,O00291,0,82.19,75.58545454545454,6,5.573547302847512,82.23333333333333
DPOE1,C1935Y,1935.0,Q07864,0,36.06,40.31363636363636,6,5.513612650556169,40.675000000000004
DPOE1,F695I,695.0,Q07864,0,89.25,83.9618181818182,8,5.593371404679486,86.7975
DPOE1,A31S,31.0,Q07864,0,71.62,64.35727272727273,7,5.528794786284943,74.25
DICER,L1143P,1143.0,Q9UPY3,0,29.83,26.980909090909094,4,5.046224497351013,27.07
CADH1,I96V,96.0,P12830,0,84.25,82.39818181818181,9,5.91644489050913,82.4388888888889
DPOD1,R30W,30.0,P28340,0,39.779999999999994,37.18090909090909,5,5.446976270640545,36.926
DPOD1,Q283H,283.0,P28340,0,93.25,93.73636363636365,9,6.041306356728617,94.95777777777779
DPOD1,R849H,849.0,P28340,0,95.25,94.46090909090908,10,5.452147235146191,94.332
PRD16,S533P,533.0,Q9HAZ2,0,30.0,32.76363636363636,4,5.404621286471446,32.370000000000005
PRD16,P633L,633.0,Q9HAZ2,0,42.96999999999999,39.02272727272728,4,5.390462851926179,37.1475
PRD16,L1044F,1044.0,Q9HAZ2,0,37.47,37.437272727272735,4,5.420097409330467,37.4525
MITF,L461I,461.0,O75030,0,42.25,45.148181818181804,4,5.39417500926748,41.1175
BRCA1,G933A,933.0,P38398,0,25.67,28.55363636363636,4,5.1191869355078365,26.4325
BRCA1,S387T,387.0,P38398,0,62.19,48.43636363636363,8,5.22928261759167,47.114999999999995
MTOR,I1048V,1048.0,P42345,0,82.62,83.37454545454545,11,5.857970672484047,84.47818181818182
ALK,P671S,671.0,Q9UM73,0,29.800000000000004,29.987272727272728,4,5.121575691356821,29.4575
MLH1,N551S,551.0,P40692,0,94.31,93.59545454545454,11,5.504395992742567,92.98272727272727
TERT,P380S,380.0,O14746,0,66.12,64.95636363636363,4,5.060452429770198,65.765
PTC1,G37R,37.0,Q13635,0,25.58,29.08272727272727,4,5.039305643739186,29.0625
DPOE1,N336S,336.0,Q07864,0,96.44,95.46636363636362,10,5.790682291864799,95.532
RB,A18S,18.0,P06400,0,38.16,40.78181818181818,4,4.818744824072436,39.765
RB,R621G,621.0,P06400,0,32.12,30.65272727272728,4,4.917675329669443,30.332500000000003
DICER,S1637L,1637.0,Q9UPY3,0,51.970000000000006,49.00727272727273,7,5.6859938019174265,54.575714285714284
DICER,S295C,295.0,Q9UPY3,0,71.38,69.30545454545454,8,5.656270620249082,78.2525
CHD2,S1407T,1407.0,O14647,0,28.34,31.60000000000001,4,5.426511067863497,29.9875
TSC2,I1545V,1545.0,P49815,0,94.62,91.67636363636363,16,6.237758110372548,92.6725
FANCA,S674L,674.0,O15360,0,75.94,75.58090909090907,10,5.902683624566713,77.47
BRCA1,T1675I,1675.0,P38398,0,94.06000000000002,92.91,9,5.753437323973431,91.92444444444443
MED12,T127M,127.0,Q93074,0,73.31000000000002,77.6809090909091,9,5.654997653042364,67.62666666666668
ATRX,E929Q,929.0,P46100,0,26.31,29.123636363636365,4,5.27145702549184,26.4925
CSF3R,Y562H,562.0,Q99062,0,91.12,85.95454545454544,13,5.804566955217489,89.1776923076923
CSF3R,D510H,510.0,Q99062,0,75.88,86.66,6,5.722038404171233,82.0
CSF3R,Q346R,346.0,Q99062,0,62.5,77.1709090909091,5,5.253965627379558,71.712
CSF3R,D320N,320.0,Q99062,0,94.62,93.82909090909092,8,5.8854833904559145,93.1025
CSF3R,M231T,231.0,Q99062,0,90.12,88.63000000000001,10,5.960440580016377,89.99300000000002
CUL3,V567I,567.0,Q13618,0,67.19,70.37090909090908,9,6.090423271727911,70.7811111111111
DCTN1,L287M,287.0,Q14203,0,79.31,80.93727272727273,8,5.046519600968441,81.14
FOXL2,A179G,179.0,P58012,0,41.34,40.35090909090909,4,5.455672942840117,40.1725
PGFRB,I29F,29.0,P09619,0,31.25,47.58636363636364,4,5.196566653153482,38.2775
VGFR3,R1324L,1324.0,P35916,0,27.480000000000004,27.989090909090915,4,5.666621129667351,29.24
VGFR3,R1320Q,1320.0,P35916,0,32.34000000000001,30.19454545454546,4,5.577941503327115,29.9875
VGFR3,R1146H,1146.0,P35916,0,95.0,93.85272727272728,8,5.154467385530407,93.805
VGFR3,H890Q,890.0,P35916,0,77.0,72.95454545454545,12,5.869129241895609,73.4925
VGFR3,N527S,527.0,P35916,0,83.94,87.08545454545452,8,5.646352509134049,83.7875
VGFR3,T494A,494.0,P35916,0,75.18999999999998,81.47272727272728,9,6.065497233907866,82.74333333333334
VGFR3,E350V,350.0,P35916,0,85.19,88.30272727272728,7,5.3707266901374675,86.34142857142857
VGFR3,N149D,149.0,P35916,0,72.69,78.09545454545454,9,5.943649090528561,76.64555555555555
ANK1,M1325V,1325.0,P16157,0,83.81,83.46181818181819,9,5.76898461228905,85.9111111111111
KAT6B,A1217S,1217.0,Q8WYB5,0,27.48,28.85181818181818,4,5.394496609133811,31.715
KAT6B,V1499I,1499.0,Q8WYB5,0,39.96999999999999,36.18363636363636,4,5.132128250222405,35.3825
CDN1B,V109G,109.0,P46527,0,52.12,48.3890909090909,4,5.128802435572879,48.97
MYO5A,R1320S,1320.0,Q9Y4I1,0,32.69,37.79363636363637,5,5.736924562884509,38.244
MYO5A,R1246C,1246.0,Q9Y4I1,0,64.75,61.49727272727273,8,5.07483780077138,61.363749999999996
MYO5A,M627T,627.0,Q9Y4I1,0,29.53,34.47454545454545,6,5.710594017098541,32.74333333333333
HTF4,G300S,300.0,Q99081,0,32.88,34.47363636363636,4,4.923889126061898,34.147499999999994
CHD2,G1574A,1574.0,O14647,0,32.47,43.14272727272727,5,5.719002203002194,43.556
AXIN2,P50S,50.0,Q9Y2T1,0,41.339999999999996,41.597272727272724,4,5.623972090741598,41.5475
NOTC1,R938Q,938.0,P46531,0,71.19000000000001,68.17727272727274,12,6.076941941832076,67.14916666666666
NIN,Q1125P,1125.0,Q8N4C6,0,22.44,24.364545454545453,4,5.141140522189454,25.2475
CBP,Q278P,278.0,Q92793,0,25.78,28.86181818181818,4,5.566618342268095,28.4
EPAS1,A410T,410.0,Q99814,0,63.15999999999999,60.49636363636364,4,5.0698545939629645,65.8275
DCTN1,N1160H,1160.0,Q14203,0,91.19,90.6290909090909,8,5.105717534205414,90.8575
DCTN1,Q738R,738.0,Q14203,0,85.38,88.79636363636364,8,5.618444935290858,88.2975
EPAS1,T766P,766.0,Q99814,0,31.949999999999996,33.145454545454534,4,5.401449647978724,30.827499999999997
EPAS1,P785T,785.0,Q99814,0,53.34000000000002,38.09727272727274,4,5.337569756576056,39.265
FACD2,N405S,405.0,Q9BXW9,0,91.38,89.86454545454545,8,5.164579122320276,90.45375
ATR,R109W,109.0,Q13535,0,81.88,81.89272727272727,11,5.723277770946668,81.01272727272728
NSD2,T444A,444.0,O96028,0,30.81,29.722727272727276,4,5.276832859620692,29.51
NSD2,H528N,528.0,O96028,0,33.90999999999999,30.41181818181818,4,5.457161094051612,29.8275
CSF1R,N241D,241.0,P07333,0,92.0,95.61272727272727,6,5.4895450012999305,96.03000000000002
LIFR,V785I,785.0,P42702,0,87.68999999999998,79.47454545454546,8,5.56126965600914,88.64125
CSF1R,R921P,921.0,P07333,0,56.12,56.785454545454535,8,5.175377229510241,57.182500000000005
CSF1R,P90T,90.0,P07333,0,53.69,71.67272727272729,5,5.454798773144249,62.66600000000001
LIFR,R860W,860.0,P42702,0,77.44000000000001,72.42636363636365,6,5.1250893015075505,75.015
LIFR,D578N,578.0,P42702,0,68.88,75.84727272727272,4,5.180280999455433,74.11
CSF1R,R921W,921.0,P07333,0,56.12,56.785454545454535,8,5.175377229510241,57.182500000000005
CSF1R,V279M,279.0,P07333,0,97.06000000000002,95.10727272727273,13,5.95356483734164,95.95538461538462
CSF1R,A245S,245.0,P07333,0,95.19,93.19272727272727,4,5.289575798185325,94.7775
CSF1R,G413S,413.0,P07333,0,82.0,88.71090909090908,5,5.068922005375891,86.624
CSF1R,H362R,362.0,P07333,0,85.69000000000001,80.72363636363637,13,5.920143749268326,75.30538461538461
LIFR,H116Y,116.0,P42702,0,66.25,68.44727272727272,8,5.546515100700617,64.7075
KAT6B,K1243R,1243.0,Q8WYB5,0,27.0,27.720000000000002,4,5.269363681686721,26.555
KAT6B,R1612H,1612.0,Q8WYB5,0,31.88,32.49727272727273,4,5.369543662079586,30.255000000000003
ELN,A311T,311.0,P15502,0,26.72,27.09090909090909,4,5.329036076404486,26.014999999999997
ELN,G424E,424.0,P15502,0,33.72,35.809999999999995,4,5.248028350913067,34.47
ELN,V411G,411.0,P15502,0,29.72,32.945454545454545,7,6.153249207045574,34.47857142857143
KAT6B,S1229G,1229.0,Q8WYB5,0,31.28,31.549090909090907,4,5.379212845419319,31.4125
KAT6B,K1243N,1243.0,Q8WYB5,0,27.0,27.720000000000002,4,5.269363681686721,26.555
C2TA,A658G,658.0,P33076,0,89.25,89.26727272727273,10,5.712960283168473,90.718
C2TA,Q900R,900.0,P33076,0,90.06,89.7209090909091,10,5.505664852246171,89.662
C2TA,K975R,975.0,P33076,0,93.56,91.82363636363637,11,6.045055462202686,92.1309090909091
CYLD,I391T,391.0,Q9NQC7,0,34.19,32.10999999999999,4,5.484315038908586,31.587500000000006
TBX3,S595A,595.0,O15119,0,36.06,38.557272727272725,4,5.2547129080060095,39.6025
EP300,L1600V,1600.0,Q09472,0,98.38,94.9718181818182,14,5.933312357674144,97.86714285714287
C2TA,L45V,45.0,P33076,0,33.25,36.20454545454545,6,5.032758699987567,34.75000000000001
C2TA,S781L,781.0,P33076,0,71.94,78.16090909090909,9,6.060755047690975,79.31333333333333
C2TA,V782A,782.0,P33076,0,84.0,80.02454545454545,11,5.749431033832963,82.32545454545455
SETBP,A29T,29.0,Q9Y6X0,0,32.94,37.096363636363634,4,5.113902524764532,39.8825
C2TA,A691D,691.0,P33076,0,88.69,88.60727272727273,7,5.4144776367065495,89.10714285714286
SETBP,R627C,627.0,Q9Y6X0,0,43.38,41.708181818181814,4,5.3350886392592916,40.6125
SETBP,A1366T,1366.0,Q9Y6X0,0,38.88,39.950909090909086,4,4.951862567181938,43.4525
SETBP,P497L,497.0,Q9Y6X0,0,33.25,37.90818181818182,4,5.247903020072608,35.28
ASXL1,V388I,388.0,Q8IXJ9,0,34.12,32.837272727272726,6,5.88401300451795,31.043333333333333
5NTC,T3A,3.0,P49902,0,52.77999999999999,60.36625,6,5.447380489823181,60.31666666666666
DPOE1,A252V,252.0,Q07864,0,68.88,80.77272727272728,5,5.586708277872747,75.562
CHD2,G303S,303.0,O14647,0,73.06,76.46,10,5.6825616628243445,75.612
SH2B3,T165S,165.0,Q9UQQ2,0,41.21999999999999,39.64909090909091,4,5.695481710671299,41.9775
DPOE1,N1396S,1396.0,Q07864,0,87.5,85.75454545454546,11,5.966915348691316,87.02727272727272
DPOD1,R119H,119.0,P28340,0,68.62,81.75,6,6.023362291648148,79.07166666666667
DPOD1,S173N,173.0,P28340,0,85.5,80.95181818181818,11,5.728223052068819,77.81
MED12,G1887S,1887.0,Q93074,0,24.98,27.402727272727272,4,5.26580033842632,27.0575
NPT2B,D634G,634.0,O95436,0,45.16,47.28363636363636,6,5.676382243698073,48.88
BCLF1,R915C,915.0,Q9NYF8,0,46.84000000000001,48.275454545454544,5,5.4972605437075845,50.932
BCLF1,P758T,758.0,Q9NYF8,0,41.81,36.84909090909091,4,5.478612089387338,36.96
BCLF1,T888N,888.0,Q9NYF8,0,50.089999999999996,50.98909090909091,4,5.124130891591744,52.25
BCLF1,R699H,699.0,Q9NYF8,0,88.80999999999999,84.05636363636364,8,5.15054320929706,84.90625
RNF43,L418M,418.0,Q68DV7,0,40.06,36.86636363636364,4,5.399814002169474,35.985
RNF43,I47V,47.0,Q68DV7,0,93.5,84.73363636363636,12,5.653736380428711,91.33833333333335
BRAF,I326V,326.0,P15056,0,38.91,35.82363636363636,4,5.552420120596175,36.004999999999995
TSC1,D510N,510.0,Q92574,0,32.5,32.099999999999994,4,5.13680135836394,31.38
GATA1,N160S,160.0,P15976,0,37.97,45.152727272727276,4,5.216807425740879,47.3825
RN213,C118R,118.0,Q63HN8,0,97.0,95.70545454545454,12,5.939842503415601,95.82416666666666
ARHGA,V700I,700.0,O15013,0,93.31000000000002,91.4890909090909,11,6.141812393733997,92.36909090909091
VAV,V279I,279.0,P15498,0,93.88,93.34181818181818,10,5.943118739302789,94.708
HNF1A,N62S,62.0,P20823,0,34.75,40.169090909090905,4,5.471907339741728,41.6225
BRAF,R384G,384.0,P15056,0,30.339999999999996,31.24090909090909,5,5.727453221238434,32.87
PRD16,L522F,522.0,Q9HAZ2,0,39.94,39.20818181818182,4,5.16713245766328,38.2125
CSF3R,E405K,405.0,Q99062,0,86.81,88.11818181818181,9,5.485607480161428,87.15333333333335
PRD16,M847L,847.0,Q9HAZ2,0,37.66,35.86545454545455,4,5.148515925524343,36.215
FACD2,T908I,908.0,Q9BXW9,0,24.359999999999996,26.86,4,5.057426248271701,25.7975
TFG,T364P,364.0,Q92734,0,44.660000000000004,43.49363636363637,4,5.3003951174223465,45.0925
PK3CA,K733R,733.0,P42336,0,95.94,95.02363636363636,8,5.183136835493068,95.4075
SETD2,N2058S,2058.0,Q9BYW2,0,32.31,33.549090909090914,4,5.4027261584018085,31.69
SETD2,K926E,926.0,Q9BYW2,0,26.38,25.13363636363636,5,5.603778276575508,25.784000000000002
SETD2,V267I,267.0,Q9BYW2,0,27.22,29.315454545454543,4,5.559774842672891,29.0625
SETD2,T2354A,2354.0,Q9BYW2,0,26.889999999999993,28.41363636363637,4,5.267182764561511,26.897500000000008
SETD2,L222I,222.0,Q9BYW2,0,42.22,38.31727272727273,5,5.814940577395211,33.798
SETD2,P193L,193.0,Q9BYW2,0,33.28,36.99636363636363,4,5.372645852062845,43.33
SETD2,V2229G,2229.0,Q9BYW2,0,33.66,33.548181818181824,6,5.740579953258245,35.60333333333333
SETD2,P167L,167.0,Q9BYW2,0,28.639999999999993,29.778181818181817,4,5.432574812536972,27.085
SETD2,S112L,112.0,Q9BYW2,0,33.16,33.084545454545456,5,5.69631771757714,34.459999999999994
SETD2,T159A,159.0,Q9BYW2,0,24.34,26.904545454545453,7,5.945438201468064,29.228571428571428
PGFRB,R502Q,502.0,P09619,0,67.69000000000001,72.96272727272726,7,5.878909229711063,67.95857142857143
M3K1,N255S,255.0,Q13233,0,26.31,30.794545454545457,4,5.201052985146788,32.78
M3K1,S939C,939.0,Q13233,0,27.69,28.64727272727273,4,5.329609819414376,28.485
PGFRB,T464M,464.0,P09619,0,62.88,54.47181818181818,7,5.31355143338075,68.53428571428572
M3K1,V889L,889.0,Q13233,0,27.62,29.284545454545455,4,5.164003484068839,29.425
IKKB,R526Q,526.0,O14920,0,92.94000000000001,91.6709090909091,10,6.025567922823106,93.69500000000001
TSC1,P1023L,1023.0,Q92574,0,38.69,32.36636363636364,4,5.40805456032395,31.102499999999996
NFKB2,E14K,14.0,Q00653,0,33.41,36.43,4,5.004508420693504,37.9675
RB,L229F,229.0,P06400,0,86.88,89.71636363636362,8,5.679771238829902,82.7075
UBP8,A348T,348.0,P40818,0,33.88,35.72909090909091,4,5.077957068569528,34.865
UBP8,L268I,268.0,P40818,0,78.75,79.7781818181818,9,5.825400832257615,81.65333333333334
UBP8,D443G,443.0,P40818,0,28.56,33.43090909090909,4,5.2680935565797515,35.32
UBP8,R483Q,483.0,P40818,0,76.05999999999999,78.7781818181818,8,5.188946429341378,79.0625
C2TA,T165S,165.0,P33076,0,24.09,26.55636363636364,4,5.269341045978679,28.627500000000005
C2TA,L477I,477.0,P33076,0,59.81,62.7609090909091,7,5.4916129665087094,63.41428571428572
IL21R,G484S,484.0,Q9HBE5,0,36.91,41.96636363636364,4,4.924707976118972,41.4225
MALT1,R217G,217.0,Q9UDY8,0,48.779999999999994,54.29636363636364,7,5.663200133153778,54.127142857142864
BTK,R236Q,236.0,Q06187,0,93.62000000000002,91.57272727272726,9,5.538247391820745,91.10444444444445
BCOR,P1317L,1317.0,Q6W2J9,0,36.69,33.655454545454546,4,5.178765516611578,34.635000000000005
ATRX,P842S,842.0,P46100,0,33.47,28.451818181818183,10,5.858450445974389,29.258999999999997
ATRX,Q483P,483.0,P46100,0,22.94,24.969090909090912,4,4.988405769066285,23.705
M3K1,D806N,806.0,Q13233,0,84.56,86.21909090909092,7,5.752559329370041,85.88428571428572
M3K1,V906I,906.0,Q13233,0,30.38,29.638181818181817,4,5.440794462688585,27.4125
FGFR1,A152T,152.0,P11362,0,89.06,81.88454545454546,12,6.055499817551563,90.065
RA51B,P365R,365.0,O15315,0,32.53,30.979999999999997,4,4.905697763873248,30.732499999999998
CSF3R,P733T,733.0,Q99062,0,30.360000000000007,28.611818181818183,4,5.196585149173007,27.8325
IKKB,E502K,502.0,O14920,0,75.25,81.67545454545454,5,5.388649940290244,81.348
IKKB,R536W,536.0,O14920,0,96.37999999999998,95.74454545454546,8,5.192887614680939,95.79625
NFKB2,R609Q,609.0,Q00653,0,92.38,92.38181818181819,10,6.064607920810434,92.90599999999999
UBP8,K195E,195.0,P40818,0,83.56,88.65181818181819,6,5.911384354464531,87.61333333333334
C2TA,P231S,231.0,P33076,0,26.81,27.33454545454545,4,4.987577465297708,26.632500000000004
C2TA,P124T,124.0,P33076,0,35.31,31.265454545454542,4,5.243721538413288,31.384999999999998
UBP8,K388E,388.0,P40818,0,35.84,37.100909090909084,4,5.367313353230175,36.07
IL21R,S318R,318.0,Q9HBE5,0,46.53,44.655454545454546,6,6.151543005086758,54.53333333333333
TSC2,S1170L,1170.0,P49815,0,31.31,30.549090909090907,4,5.189719676852694,29.655
BCOR,V878A,878.0,Q6W2J9,0,28.12,28.66454545454545,4,5.2700035310834,27.894999999999996
ATRX,D861N,861.0,P46100,0,27.62,27.856363636363632,4,5.225213018824504,28.165
BCOR,R1164Q,1164.0,Q6W2J9,0,31.519999999999996,29.766363636363632,4,5.411294673772946,29.15
GATA1,H71R,71.0,P15976,0,44.720000000000006,45.80727272727273,4,4.930889713042532,44.86750000000001
GATA1,A22T,22.0,P15976,0,50.56,48.940000000000005,4,5.270164628918093,47.6025
SETD2,N801S,801.0,Q9BYW2,0,33.06,29.114545454545453,4,5.071938013453539,32.3425
SETD2,K818Q,818.0,Q9BYW2,0,25.06,27.324545454545458,4,5.5596606934259825,24.705000000000002
SETD2,V765G,765.0,Q9BYW2,0,24.800000000000004,28.80454545454546,10,6.151336254308331,32.791
SETD2,H1284N,1284.0,Q9BYW2,0,30.360000000000003,29.505454545454544,4,5.236840556067896,29.930000000000003
SETD2,S705A,705.0,Q9BYW2,0,32.41,34.14636363636364,4,5.368217528636947,32.2125
ATRX,I1180V,1180.0,P46100,0,25.55,26.745454545454546,4,5.0463140050736275,26.0325
SETD2,G933V,933.0,Q9BYW2,0,29.08,27.778181818181817,4,5.380077476832614,26.767500000000002
TENA,A1781T,1781.0,P24821,0,85.81,78.50272727272727,16,6.3164033105962245,79.58500000000001
NSD1,R1074H,1074.0,Q96L73,0,30.910000000000004,26.498181818181816,4,5.004076143238215,26.197499999999998
ARI1B,A850T,850.0,Q8NFD5,0,25.809999999999995,29.180909090909093,8,5.957343644042246,30.66375
KAT6A,L134S,134.0,Q92794,0,68.25,65.54909090909089,7,5.416321205507517,68.25857142857141
MSH2,V3L,3.0,P43246,0,45.0,45.13250000000001,5,5.511956379683444,50.444
BRCA1,H971R,971.0,P38398,0,30.940000000000005,28.451818181818183,4,5.1035622345423235,28.39
MTOR,M2010V,2010.0,P42345,0,88.44,89.51181818181819,9,5.3586467904860715,89.2288888888889
MTOR,Q2007E,2007.0,P42345,0,89.44,88.68818181818182,8,5.210743779870667,88.9925
MTOR,N1920S,1920.0,P42345,0,88.94,88.57909090909092,13,5.791699306263216,87.82615384615386
MTOR,H1647R,1647.0,P42345,0,85.12,87.37454545454545,6,5.138715723078783,86.46999999999998
MTOR,I1614T,1614.0,P42345,0,86.94,86.73727272727272,9,5.6013216306391165,86.23444444444445
MTOR,D1210N,1210.0,P42345,0,83.19,80.54545454545456,9,5.412566977835535,80.90222222222222
MTOR,M721L,721.0,P42345,0,80.81,84.85181818181819,8,5.83036178656277,84.295
MTOR,V450I,450.0,P42345,0,83.62,81.6290909090909,6,5.31788999625428,80.97833333333334
MTOR,A38T,38.0,P42345,0,76.5,79.45363636363636,10,5.625187524808274,80.292
ATRX,G832S,832.0,P46100,0,28.23,30.20181818181818,5,5.421158924943794,31.28
MTOR,M952V,952.0,P42345,0,84.94,84.03999999999999,10,5.577379426631879,85.188
PPM1D,A82S,82.0,O15297,0,55.06,49.88454545454545,4,5.082015999857245,47.36000000000001
PPM1D,P86Q,86.0,O15297,0,48.38,44.801818181818184,5,5.589817917604293,46.426
PPM1D,P88S,88.0,O15297,0,43.75,43.07454545454545,4,4.984265291110344,44.0325
PPM1D,A479T,479.0,O15297,0,32.84,32.04363636363637,4,5.230484140213462,32.6875
PPM1D,T501A,501.0,O15297,0,33.84,36.66727272727273,4,5.4402782499149005,37.2875
BCOR,R763L,763.0,Q6W2J9,0,24.91,26.585454545454546,4,5.100080194715274,24.5625
BCOR,V557I,557.0,Q6W2J9,0,33.62,32.914545454545454,4,5.308663461561531,32.825
MED12,P1946S,1946.0,Q93074,0,38.31,30.622727272727275,4,5.444268447037988,31.482499999999995
ATRX,D975N,975.0,P46100,0,24.81,24.768181818181816,4,5.381835080137508,24.2675
ATRX,T844K,844.0,P46100,0,28.199999999999996,28.775454545454544,10,6.459700237237575,30.252
ELN,P93L,93.0,P15502,0,40.28000000000001,36.77272727272727,4,5.4008114587413285,37.6575
BCOR,T1644I,1644.0,Q6W2J9,0,43.44,53.97909090909091,4,4.790882660690392,49.2325
BCOR,E1076K,1076.0,Q6W2J9,0,24.41,30.165454545454544,4,5.291383575779932,30.33
BCOR,P678S,678.0,Q6W2J9,0,36.19,32.45363636363636,4,5.517974284095343,32.1075
BCOR,G549S,549.0,Q6W2J9,0,33.12,34.57727272727273,4,5.399837918980307,35.292500000000004
BCOR,P316S,316.0,Q6W2J9,0,36.44,31.91545454545455,7,5.364361010470454,30.049999999999994
GATA1,V121M,121.0,P15976,0,48.28000000000001,42.156363636363636,4,5.520371865514868,39.82
ATRX,N2419S,2419.0,P46100,0,78.31,76.71545454545453,8,5.1249118996373895,76.6175
ATRX,S706R,706.0,P46100,0,26.53,29.70181818181818,4,5.210678621428965,29.160000000000004
MTOR,A1134V,1134.0,P42345,0,88.81,88.76636363636364,11,5.603372199495973,89.10181818181819
MTOR,S383N,383.0,P42345,0,75.38,77.14818181818183,8,5.834858913885867,77.32875
AFF4,Q185L,185.0,Q9UHB7,0,35.69,37.266363636363636,4,5.253863869021607,36.95
AFF4,T136P,136.0,Q9UHB7,0,40.12,39.64454545454546,4,5.504774114480391,39.86
PGFRB,R459H,459.0,P09619,0,52.0,59.17090909090909,5,5.149625778033171,58.34400000000001
PGFRB,S408C,408.0,P09619,0,92.75,91.43,9,5.812641569141239,91.87333333333333
VGFR3,S26A,26.0,P35916,0,47.81,57.14454545454546,5,5.5069405953909065,61.49400000000001
RB,A626T,626.0,P06400,0,30.28,30.455454545454543,4,5.418451187927275,31.29
UBP8,K506Q,506.0,P40818,0,80.44,79.69363636363636,8,5.119749199334029,79.945
UBP8,H559Y,559.0,P40818,0,40.720000000000006,36.74818181818182,4,5.253089932602342,35.8875
SETBP,V331L,331.0,Q9Y6X0,0,38.06,38.762727272727275,8,6.184167480126376,40.605000000000004
MED12,T805P,805.0,Q93074,0,25.22,26.464545454545455,4,5.364869679587138,27.19
ABL2,K930R,930.0,P42684,0,30.86,33.16636363636364,4,5.074676198636492,33.6675
CMTA1,K329R,329.0,Q9Y6Y1,0,34.16,33.944545454545455,4,5.161522901576411,32.5875
CMTA1,P1188S,1188.0,Q9Y6Y1,0,32.69,31.139999999999997,4,5.389788925865918,29.4925
ASXL2,R1075Q,1075.0,Q76L83,0,76.88,70.43181818181819,8,5.061104565095599,71.04625
ASXL2,A497T,497.0,Q76L83,0,27.589999999999996,28.48909090909091,4,5.077879944020455,27.3175
CTNA2,I364T,364.0,P26232,0,92.19,90.36363636363637,8,5.127923947247655,90.75625
SETD2,N1943K,1943.0,Q9BYW2,0,28.53,30.141818181818188,4,5.43997154891146,31.425
SETD2,R402Q,402.0,Q9BYW2,0,39.38,33.84818181818182,4,5.1066497903252035,35.4825
AFF4,T1107A,1107.0,Q9UHB7,0,98.25,97.9718181818182,9,5.402224921906456,98.14
PGFRB,V722F,722.0,P09619,0,31.72,30.679090909090903,4,5.481434625482358,30.8725
PGFRB,R370C,370.0,P09619,0,90.30999999999999,85.90818181818183,7,5.458905416446056,89.85857142857142
PGFRB,R197K,197.0,P09619,0,87.05999999999999,89.04545454545455,6,5.096649377816364,87.46
IL6RB,V885I,885.0,P40189,0,31.139999999999993,29.374545454545455,4,5.088314655471501,27.745
M3K1,L78P,78.0,Q13233,0,31.09,31.618181818181824,7,6.444488752490625,31.73
FOXO3,A140V,140.0,O43524,0,41.75,46.00545454545455,4,5.051057014451382,43.93
ROS1,N1090I,1090.0,P08922,0,58.12,59.9909090909091,7,5.700454416574589,65.40714285714286
EZRI,A494P,494.0,P15311,0,37.28,39.1409090909091,4,5.928148996815171,37.2825
CDN1A,P4L,4.0,P38936,0,54.94,53.175555555555555,4,5.175818136022672,52.6275
SMO,D25G,25.0,Q99835,0,36.38,41.450909090909086,5,5.39782336486419,42.664
TIF1A,D872E,872.0,O15164,0,92.69,91.46636363636362,7,5.264925151214418,89.7242857142857
K1549,R1729K,1729.0,Q9HCM3,0,20.170000000000005,29.21636363636363,5,5.536656204940678,28.424
K1549,H1460Q,1460.0,Q9HCM3,0,27.920000000000005,31.325454545454544,4,5.536586915717532,28.5275
CSMD3,D1746N,1746.0,Q7Z407,0,57.94,61.2109090909091,4,4.679673074632926,53.72
IKKB,M676I,676.0,O14920,0,40.84,38.23909090909091,4,5.34546797628211,38.57
TENA,R1698Q,1698.0,P24821,0,74.75,73.42090909090909,9,5.693980296226937,74.82666666666665
TENA,V548M,548.0,P24821,0,78.62,72.14727272727272,11,6.059231432853212,75.07545454545455
CNTRL,E1322D,1322.0,Q7Z7A1,0,49.62,52.81545454545455,8,5.292750732690205,51.567499999999995
CNTRL,Q2128H,2128.0,Q7Z7A1,0,69.19,63.08,8,5.067522573712721,64.03125
FNBP1,A477G,477.0,Q96RU3,0,94.25,93.39727272727274,8,5.161354272073245,93.70250000000001
KSYK,I262L,262.0,P43405,0,68.62,70.70636363636365,4,4.992568993116365,70.33500000000001
WNK2,G908A,908.0,Q9Y3S1,0,28.7,29.96272727272727,4,4.887422020843818,31.007499999999993
TF7L2,P512H,512.0,Q9NQB0,0,46.28000000000001,47.61727272727273,4,5.366040230816498,51.3975
TET1,V435I,435.0,Q8NFU7,0,27.81,27.99272727272728,8,5.736355931829288,29.058750000000003
TET1,C832Y,832.0,Q8NFU7,0,26.88,28.12545454545455,4,5.170245039106318,30.1275
TET1,A985S,985.0,Q8NFU7,0,30.139999999999997,30.566363636363644,8,5.251006490951736,29.16375
EXT2,V120I,120.0,Q93063,0,89.31000000000002,84.99454545454546,7,5.427318022703959,88.9742857142857
NUMA1,R972Q,972.0,Q14980,0,75.75,71.31090909090909,8,5.120780704845181,72.345
NUMA1,M108I,108.0,Q14980,0,58.47,61.531818181818174,6,5.108188583698939,64.45333333333333
KDM5A,P1474T,1474.0,P29375,0,60.02999999999999,63.15181818181818,7,5.115866232849874,57.275714285714294
KDM5A,E1446Q,1446.0,P29375,0,89.31,90.24999999999999,9,5.421959199444572,90.00111111111111
KDM5A,A633T,633.0,P29375,0,91.25,91.12545454545456,13,5.8923414542485535,91.14461538461538
STAT6,V269I,269.0,P42226,0,93.93999999999998,94.97818181818182,9,5.498974343894155,94.76444444444445
GLI1,G1012V,1012.0,P08151,0,38.12,38.525454545454544,4,5.28064853385934,38.1575
CHD4,S1648L,1648.0,Q14839,0,30.48,30.14545454545454,4,5.127963555341511,31.2525
UBP44,R348G,348.0,Q9H0E7,0,27.110000000000003,26.793636363636367,4,5.268901119254842,25.97
ZMYM2,M953V,953.0,Q9UBW7,0,40.75,34.18272727272727,5,5.438840030529991,32.37
HIF1A,T418I,418.0,Q16665,0,40.81,39.64545454545455,4,5.558979163986501,39.305
PML,T28P,28.0,P29590,0,35.72,35.489090909090905,4,4.886640080386931,36.3925
AXIN1,R841Q,841.0,O15169,0,95.80999999999999,95.78363636363638,8,6.357698685297183,96.17125
NCOR1,A2182T,2182.0,O75376,0,26.7,29.86636363636364,4,5.065254202559434,30.0075
NCOR1,L1406F,1406.0,O75376,0,32.94,35.58090909090909,4,5.3201706863891705,36.445
UBP6,T424M,424.0,P35125,0,26.17000000000001,27.965454545454545,4,5.5500664275420775,28.3025
RN213,E168K,168.0,Q63HN8,0,85.62,85.82363636363635,6,5.078068622466498,83.55166666666666
NFAC2,H446R,446.0,Q13469,0,97.30999999999999,95.98636363636365,10,5.9164941333614465,96.875
NFAC2,V51L,51.0,Q13469,0,38.75,40.27272727272727,4,5.069718357371883,38.0225
TMPS2,T75I,75.0,O15393,0,36.06,40.92272727272727,4,5.356708301768213,35.195
EP300,T858A,858.0,Q09472,0,35.88,35.56818181818181,4,5.01655438491542,32.0825
EP300,R915H,915.0,Q09472,0,29.7,32.691818181818185,4,5.333879352250205,34.2525
RL10,S202N,202.0,P27635,0,86.31,89.95545454545454,5,5.758236789500367,87.578
AMER1,D233Y,233.0,Q5JTC6,0,39.19,39.26272727272727,4,5.369170253366843,40.4325
ZMYM3,N789K,789.0,Q14202,0,37.0,36.25545454545454,4,5.378423975829143,37.07
MTOR,N1264S,1264.0,P42345,0,82.38,78.61454545454545,8,5.5405313688943725,81.15
PRDM2,S1063L,1063.0,Q13029,0,26.860000000000003,28.585454545454546,4,5.312283888152789,27.0675
CASP9,T366N,366.0,P55211,0,98.31000000000002,97.97636363636364,11,5.560895374879788,97.9590909090909
TPR,P2168S,2168.0,P12270,0,38.46999999999999,38.43181818181818,9,5.272964630818262,33.03888888888889
CMTA1,R976K,976.0,Q9Y6Y1,0,87.44000000000001,82.61909090909091,9,5.513987525507961,84.47222222222223
DNM3A,G63S,63.0,Q9Y6K1,0,37.19,37.73090909090909,4,5.354632104180166,36.405
ASXL2,C1225S,1225.0,Q76L83,0,25.920000000000005,31.489090909090915,4,5.362319759270475,34.22
ASXL2,I798V,798.0,Q76L83,0,39.56,36.31636363636363,4,5.1116856346298425,36.955
ASXL2,S185G,185.0,Q76L83,0,28.170000000000005,35.84,4,5.130710275013641,33.455
CBLB,R670Q,670.0,Q13191,0,33.19,37.620000000000005,4,4.9801193194823705,35.76
FBLN2,A311T,311.0,P98095,0,33.97,35.24636363636364,4,5.396539723238327,35.155
ETV5,L149V,149.0,P41161,0,42.38,45.88363636363636,4,5.135760304848025,46.1
LPP,S259P,259.0,Q93052,0,43.78,43.64909090909091,4,5.239551064192355,41.5575
NPT2B,V45A,45.0,O95436,0,30.82999999999999,28.001818181818184,4,5.096369809972156,27.8475
NPT2B,K281E,281.0,O95436,0,77.75,78.65363636363637,6,4.960916346075124,75.79166666666667
NPT2B,I312M,312.0,O95436,0,78.94,79.2890909090909,8,5.558564308470354,78.8575
NPT2B,L414F,414.0,O95436,0,83.44,81.1809090909091,8,5.39912836590939,81.29625
PTN13,D1042Y,1042.0,Q12923,0,28.7,27.74727272727272,4,5.004789978595006,28.165
PTN13,G1063E,1063.0,Q12923,0,29.52,26.186363636363637,4,5.293743813706989,25.4475
RNC,P67T,67.0,Q9NRR4,0,36.25,32.24909090909091,4,5.40836454495696,33.71
FOXO3,A341T,341.0,O43524,0,50.69,45.73909090909092,4,5.657284510704779,46.17000000000001
LATS1,S204G,204.0,O95835,0,30.09,31.578181818181818,4,5.450659035700779,31.862499999999997
ESR1,G77S,77.0,P03372,0,36.97,37.32363636363636,4,5.35425625387103,36.8975
ESR1,S118P,118.0,P03372,0,30.81,35.666363636363634,4,4.822305458337255,34.485
DAXX,V375I,375.0,Q9UER7,0,97.81000000000002,97.90272727272728,8,5.172645642126043,97.9525
IRF4,S149N,149.0,Q15306,0,38.53,42.803636363636365,4,5.259149173686473,44.7975
K1549,S1511T,1511.0,Q9HCM3,0,66.81,63.81818181818182,8,5.086697759044123,63.317499999999995
K1549,S1395N,1395.0,Q9HCM3,0,33.06,32.122727272727275,4,5.169459737940592,33.91
K1549,A905P,905.0,Q9HCM3,0,35.19,35.23454545454545,4,5.301367988708314,35.6975
K1549,R237L,237.0,Q9HCM3,0,27.7,27.9,4,5.432270017758797,27.8225
K1549,P135H,135.0,Q9HCM3,0,36.96999999999999,33.54454545454546,4,5.155543958270177,33.322500000000005
HIP1,Q936R,936.0,O00291,0,94.75,95.5690909090909,9,5.465238938858433,95.5488888888889
HIP1,M263K,263.0,O00291,0,95.12,95.22818181818182,9,5.396638934287813,94.73666666666666
CSMD3,I1914V,1914.0,Q7Z407,0,69.75,72.40363636363635,9,6.063559073489476,74.66666666666667
CSMD3,R1020H,1020.0,Q7Z407,0,69.38,64.83545454545454,9,5.8049326906553755,67.10444444444445
F135B,D588N,588.0,Q49AJ0,0,34.06,34.36181818181819,4,5.314947629091746,34.83
PCM1,E395K,395.0,Q15154,0,78.81,72.64999999999999,8,4.958262538728486,73.45625
NRG1,R545Q,545.0,Q02297,0,41.529999999999994,40.35818181818181,4,5.310634975206287,39.04
NSD3,S754L,754.0,Q9BZ95,0,90.56,87.50636363636363,9,5.756178010931154,91.71555555555557
NSD3,T186M,186.0,Q9BZ95,0,31.889999999999993,29.556363636363628,4,5.229057504928503,30.0
TENA,S1125R,1125.0,P24821,0,80.69,83.45454545454544,7,6.1946604407617585,78.2942857142857
TENA,R1118Q,1118.0,P24821,0,74.80999999999999,70.57181818181819,7,5.333752440987522,73.99428571428572
TENA,D736G,736.0,P24821,0,73.5,79.86454545454545,4,5.4190383822235155,73.9375
TENA,R503K,503.0,P24821,0,67.94000000000001,71.94909090909091,9,5.880159359884838,74.62444444444444
TENA,G261S,261.0,P24821,0,72.06,65.82272727272728,16,5.796888322889646,68.774375
TENA,G213S,213.0,P24821,0,66.25,70.08454545454546,13,6.098540066887889,59.12076923076923
CNTRL,L954S,954.0,Q7Z7A1,0,64.06,69.68727272727273,8,4.98309019143501,69.1725
PSIP1,Q472L,472.0,O75475,0,48.5,43.58636363636363,4,5.320692966398747,41.4925
TF7L2,P512A,512.0,Q9NQB0,0,46.28000000000001,47.61727272727273,4,5.366040230816498,51.3975
TF7L2,S602P,602.0,Q9NQB0,0,35.38,39.46272727272728,4,5.455413063242711,40.1
TET1,S701N,701.0,Q8NFU7,0,29.59,27.793636363636367,4,5.385771106331951,28.93
TET1,T1421A,1421.0,Q8NFU7,0,63.19,60.443636363636365,4,5.338861899940023,69.375
NUP98,T85A,85.0,P52948,0,29.72,33.75818181818182,4,5.289442556504097,34.81
CTND1,R464C,464.0,O60716,0,93.05999999999999,96.74363636363637,6,6.152837774481317,96.63499999999999
CTND1,K881T,881.0,O60716,0,31.809999999999995,32.16090909090909,4,5.1509952997681046,30.155
NUMA1,V1825M,1825.0,Q14980,0,27.639999999999993,32.39909090909091,4,5.238307340345143,33.3675
NUMA1,D1795N,1795.0,Q14980,0,31.83,31.021818181818183,4,5.178320032836715,32.085
NUMA1,R1762H,1762.0,Q14980,0,31.139999999999997,34.691818181818185,4,5.460897467296032,35.375
SH2B3,R508Q,508.0,Q9UQQ2,0,38.470000000000006,38.62727272727273,4,5.2105258683164974,39.54
ARID2,L1448F,1448.0,Q68CP9,0,28.89,29.99909090909091,4,5.621133801426264,29.95
ERBB3,A1131T,1131.0,P21860,0,28.839999999999996,29.69818181818182,4,5.092359234326444,30.137500000000003
NAB2,P211S,211.0,Q15742,0,47.19,40.27454545454546,4,5.380677384252128,39.21
GLI1,R405Q,405.0,P08151,0,37.970000000000006,39.37454545454545,5,5.558266016838575,40.806
KPCD1,N886S,886.0,Q15139,0,63.38,64.59363636363636,6,5.530866171010135,66.21499999999999
RHG05,N953S,953.0,Q13017,0,59.78,59.715454545454556,8,5.263435653979608,59.98375
BAZ1A,R876C,876.0,Q9NRL2,0,36.75,40.66545454545455,4,5.235742238306972,37.03
NIN,I1671V,1671.0,Q8N4C6,0,82.69,76.33454545454545,8,5.049054301821913,75.49875
KTN1,I1307T,1307.0,Q86UP2,0,39.91,42.09090909090909,4,5.141372337415136,40.625
TCL1A,V11I,11.0,P56279,0,88.38,84.93454545454546,8,5.481201834840782,90.97
AXIN1,A526V,526.0,O15169,0,35.41,35.07454545454545,4,5.225899884158077,35.665
SUZ12,V71M,71.0,Q15022,0,50.06,54.06909090909091,4,5.042105094396201,50.88
RN213,E35K,35.0,Q63HN8,0,92.12,90.38636363636364,8,5.255418883031037,90.60249999999999
RN213,E203D,203.0,Q63HN8,0,87.62,88.68181818181819,7,5.432901157920651,89.77714285714286
ASXL1,N904S,904.0,Q8IXJ9,0,28.8,31.042727272727276,7,5.669332935821472,32.40571428571428
BCR,E46D,46.0,P11274,0,81.75,82.97545454545455,8,5.17178000999391,82.80250000000001
ELF4,R604C,604.0,Q99607,0,47.220000000000006,45.165454545454544,4,5.65469916551483,46.4775
AMER1,F127S,127.0,Q5JTC6,0,30.019999999999996,36.22363636363636,4,5.276100287064575,35.235
PRDM2,T941I,941.0,Q13029,0,43.660000000000004,32.661818181818184,4,5.093457310244875,30.7525
CASP9,L106V,106.0,P55211,0,28.88,27.78818181818182,4,5.159113575647631,25.919999999999995
TPR,R1148H,1148.0,P12270,0,77.88,79.89636363636365,8,4.970067185400497,79.975
MDM4,A8T,8.0,O15151,0,43.72,37.940909090909095,4,5.176522750047676,37.1275
CMTA1,A697V,697.0,Q9Y6Y1,0,31.45,30.726363636363637,4,5.20890387319992,31.642500000000002
CMTA1,N1218T,1218.0,Q9Y6Y1,0,30.28,31.473636363636363,4,5.260165873299411,32.1025
ASXL2,R591H,591.0,Q76L83,0,31.0,34.231818181818184,4,5.038136390081137,33.615
ASXL2,D86E,86.0,Q76L83,0,51.19,62.48727272727273,4,5.12436502776835,61.1425
RPN1,K465R,465.0,P04843,0,55.97,65.9690909090909,7,5.896550975140974,65.19714285714285
SETD2,A2324S,2324.0,Q9BYW2,0,29.139999999999997,29.095454545454547,4,5.365529830477737,30.41
SETD2,N1214D,1214.0,Q9BYW2,0,25.09,27.664545454545454,6,5.523641261300864,30.675
PTN13,L90V,90.0,Q12923,0,67.75,73.23363636363636,8,5.960954681736885,72.93875
PTN13,R323H,323.0,Q12923,0,30.410000000000004,29.94545454545454,4,5.4170089314081675,29.2125
PTN13,S1744P,1744.0,Q12923,0,31.5,28.758181818181814,4,5.289719688304981,28.665
CSF1R,V518M,518.0,P07333,0,70.25,66.2409090909091,7,5.113897014067024,69.07428571428571
NSD1,E1388K,1388.0,Q96L73,0,26.8,27.60181818181818,4,5.552700948535272,26.0425
DAXX,A486G,486.0,Q9UER7,0,39.0,39.548181818181824,4,5.303214364745169,38.6475
K1549,G1888S,1888.0,Q9HCM3,0,28.5,31.89909090909091,7,6.062467632094044,30.868571428571432
K1549,I1018L,1018.0,Q9HCM3,0,88.06,87.36909090909091,10,5.898127697476973,86.719
K1549,V924M,924.0,Q9HCM3,0,32.34,28.325454545454548,4,5.053639298336805,27.252499999999998
K1549,T590M,590.0,Q9HCM3,0,24.949999999999996,27.516363636363636,7,5.607672088058105,30.785714285714285
K1549,V467I,467.0,Q9HCM3,0,32.53,29.075454545454548,4,5.322648495484728,28.762500000000003
K1549,P292L,292.0,Q9HCM3,0,27.050000000000004,26.579090909090908,8,5.130920951210209,29.13
K1549,A220P,220.0,Q9HCM3,0,28.639999999999997,28.59090909090909,4,4.813645564575552,29.535
HIP1,S35T,35.0,O00291,0,85.62,84.81727272727274,8,5.135585163587321,85.17125
F135B,V1142I,1142.0,Q49AJ0,0,97.81000000000002,92.83,12,5.693440346480887,96.56833333333333
F135B,S578N,578.0,Q49AJ0,0,35.06,35.546363636363644,4,5.35022814722028,34.61
NSD3,R383P,383.0,Q9BZ95,0,88.62,88.96000000000002,8,5.367415828055389,89.8825
IKKB,A710T,710.0,O14920,0,79.69,73.85181818181819,8,5.113996190649814,75.0775
CAD17,R499H,499.0,Q12864,0,91.69000000000001,91.6881818181818,11,5.802222574629687,91.55636363636364
CAD17,N456S,456.0,Q12864,0,93.69,93.21,8,5.598135236134468,94.10999999999999
TENA,N2161S,2161.0,P24821,0,89.88,88.93181818181819,10,5.5478204936172,88.394
TENA,A1096T,1096.0,P24821,0,70.12,75.50272727272726,9,6.174665269742119,71.01111111111112
CNTRL,R509H,509.0,Q7Z7A1,0,89.19000000000001,88.23272727272727,11,5.885782115186041,88.44272727272727
CNTRL,Q734R,734.0,Q7Z7A1,0,68.62,71.82363636363635,8,5.023217343837551,71.6725
PSIP1,L478V,478.0,O75475,0,52.25,44.20727272727272,4,5.376856380370077,43.375
TET1,S1793N,1793.0,Q8NFU7,0,35.38,31.50090909090909,4,5.6023317267807915,31.759999999999998
EXT2,H48L,48.0,Q93063,0,41.529999999999994,50.57454545454545,4,4.550488056526548,45.405
EXT2,E368K,368.0,Q93063,0,96.44,96.5281818181818,5,5.332187126002133,95.876
NUMA1,A1051V,1051.0,Q14980,0,82.81,82.31181818181818,9,5.324889697698874,82.51333333333332
NUMA1,R443Q,443.0,Q14980,0,83.38,85.29,8,5.009064528283043,85.1325
NUMA1,K242R,242.0,Q14980,0,84.62,81.65363636363635,8,5.203968551027643,81.95375
KDM5A,E1558V,1558.0,P29375,0,50.34,53.53090909090909,8,5.05734391454414,54.01625
KDM5A,M1336V,1336.0,P29375,0,24.62,26.42,4,5.294805990683676,25.855
CHD4,D140E,140.0,Q14839,0,30.45,30.81090909090909,4,5.516725828311793,31.047500000000003
UBP44,G363S,363.0,Q9H0E7,0,37.88,43.01545454545454,6,5.773400814096198,42.51166666666666
ZMYM2,D152H,152.0,Q9UBW7,0,26.33,28.776363636363634,4,5.249425872518118,28.375
LATS2,G563R,563.0,Q9NRM7,0,37.59,36.81363636363636,4,5.324933447630299,37.35
NIN,H691R,691.0,Q8N4C6,0,82.69000000000001,82.32363636363637,8,5.125710797056931,82.95375
KTN1,E667Q,667.0,Q86UP2,0,80.81,81.10454545454546,8,5.180914105209418,81.565
HIF1A,D349N,349.0,Q16665,0,89.44,91.22363636363637,7,5.6908612003217085,91.9742857142857
RA51B,Y180C,180.0,O15315,0,96.05999999999999,93.52272727272727,8,5.619473836410325,96.33
PML,A549T,549.0,P29590,0,32.81,31.439090909090908,4,5.054882557660309,32.84
AXIN1,D495E,495.0,O15169,0,37.62,35.86181818181818,4,5.031566081000135,36.4475
NCOR1,G838A,838.0,O75376,0,33.28,33.88545454545454,7,5.8262823882273524,32.785714285714285
UBP6,S1009F,1009.0,P35125,0,80.06,80.59636363636363,6,5.121219413079515,80.34333333333333
RN213,M49V,49.0,Q63HN8,0,90.69,89.31181818181818,8,5.15308877407389,89.875
RN213,P61L,61.0,Q63HN8,0,84.31,87.80000000000001,8,6.033001076408158,87.45875000000001
RN213,Q469H,469.0,Q63HN8,0,88.25,86.50454545454546,8,5.371636360454171,87.1
BRD4,E1326D,1326.0,O60885,0,73.06,75.46818181818182,8,5.082602085496749,76.41624999999999
SHPS1,V201I,201.0,P78324,0,93.0,94.04545454545455,5,5.353427200067782,94.174
SHPS1,A213T,213.0,P78324,0,98.38,97.65363636363637,12,5.790295623192591,97.86
BCR,A152V,152.0,P11274,0,24.84,28.60363636363636,4,5.456124140325485,26.8
BCR,G166D,166.0,P11274,0,28.5,29.380909090909086,4,5.42754155020913,29.25
BCR,R308C,308.0,P11274,0,26.089999999999996,26.80818181818182,4,5.304863381468417,25.5075
MYH9,L1848V,1848.0,P35579,0,63.5,65.95545454545454,9,5.105330011563518,65.97333333333333
BCORL,K1053R,1053.0,Q5H9F3,0,31.61,30.04727272727273,4,4.977179397270211,29.99
ATRX,E482D,482.0,P46100,0,23.75,24.497272727272726,4,4.954940328058214,23.1
ARI1A,P533S,533.0,O14497,0,44.78000000000001,39.855454545454556,6,6.072031181022978,40.10666666666667
ARI1A,G768S,768.0,O14497,0,27.47,31.75,4,5.250811113582699,31.947499999999998
ARI1A,R1906P,1906.0,O14497,0,33.779999999999994,44.43363636363636,7,5.723633893704853,50.220000000000006
CMTA1,S538T,538.0,Q9Y6Y1,0,26.77,28.39090909090909,4,5.558881107023866,30.0075
CMTA1,E1191D,1191.0,Q9Y6Y1,0,30.66,33.13363636363636,6,5.684329834974956,33.445
ASXL2,R1034S,1034.0,Q76L83,0,43.75,34.487272727272725,4,4.8414656923394555,35.214999999999996
P63,I225V,225.0,Q9H3D4,0,98.19,96.99454545454546,12,5.681035577514504,97.66749999999998
SETD2,I2005V,2005.0,Q9BYW2,0,86.12,74.05636363636364,11,5.971024536257582,86.19454545454545
SETD2,T1951A,1951.0,Q9BYW2,0,24.270000000000003,30.49454545454545,4,5.730133084774616,29.9
SETD2,E1142D,1142.0,Q9BYW2,0,22.17,24.159090909090903,4,5.37084786729784,24.9725
SETD2,K772E,772.0,Q9BYW2,0,26.36,26.543636363636367,7,5.789471538826096,26.365714285714287
NPT2B,R513G,513.0,O95436,0,92.38,93.49363636363637,8,5.349844629263506,94.06875
LIFR,S473P,473.0,P42702,0,75.12,83.80636363636363,6,5.525773491620034,84.51
MYB,T336I,336.0,P10242,0,45.160000000000004,44.42909090909091,4,5.483452023319213,45.805
ESR1,S137G,137.0,P03372,0,40.16,37.62090909090909,4,5.317708246438482,38.47
K1549,V1550I,1550.0,Q9HCM3,0,47.31,43.25818181818182,4,5.1600664289304845,44.06249999999999
K1549,S906G,906.0,Q9HCM3,0,33.88,35.08272727272726,4,5.328217590206615,34.724999999999994
K1549,A904T,904.0,Q9HCM3,0,35.19,34.87181818181818,4,5.259830461222909,35.15
K1549,T375A,375.0,Q9HCM3,0,31.82999999999999,32.40909090909091,4,4.983250982343253,34.8125
K1549,D320N,320.0,Q9HCM3,0,27.2,27.21272727272727,4,5.04423478061077,27.2625
HIP1,R526W,526.0,O00291,0,69.80999999999999,69.67727272727274,8,5.216867622465815,69.81875
HIP1,R508Q,508.0,O00291,0,82.94000000000001,81.20363636363636,8,5.114127403678284,81.44375
NSD3,S855G,855.0,Q9BZ95,0,44.03,60.461818181818174,5,5.289663935865098,51.153999999999996
KAT6A,A957S,957.0,Q92794,0,26.360000000000003,26.188181818181818,4,5.311384857377791,27.439999999999998
TET1,L166F,166.0,Q8NFU7,0,32.16,29.182727272727277,4,5.163038043426997,29.105
KAT6B,R976G,976.0,Q8WYB5,0,83.38,85.24454545454546,7,5.8007096083815055,83.7942857142857
EXT2,I376V,376.0,Q93063,0,97.69,96.32909090909092,8,5.375608952630337,96.83500000000001
ARID2,T749I,749.0,Q68CP9,0,28.07999999999999,30.63363636363636,4,5.6351571462843735,31.4775
ARID2,K1513R,1513.0,Q68CP9,0,35.03,30.223636363636363,4,5.064074568439754,28.677499999999995
ERBB3,N385S,385.0,P21860,0,96.38,96.00090909090909,7,5.023050475553524,96.21428571428571
ERBB3,G1271S,1271.0,P21860,0,31.98,33.167272727272724,4,5.557966388396494,33.7325
STAT6,V714M,714.0,P42226,0,29.47,29.230909090909094,4,5.122490591511712,29.2025
GLI1,P168R,168.0,P08151,0,49.12,40.695454545454545,4,5.501513279169249,38.7275
LATS2,D1013N,1013.0,Q9NRM7,0,44.66,44.32727272727272,6,5.513510022086866,44.73
LATS2,D852E,852.0,Q9NRM7,0,35.84,38.942727272727275,4,5.009293281707169,35.7875
KPCD1,M341L,341.0,Q15139,0,29.81,31.803636363636368,4,5.35847760161403,31.747500000000002
NCOR1,M2290I,2290.0,O75376,0,37.09,34.88,4,5.61530655433085,39.1175
RN213,S164P,164.0,Q63HN8,0,87.75,86.78454545454547,7,5.489403863263908,89.0557142857143
RN213,A324G,324.0,Q63HN8,0,84.19,87.72909090909091,7,5.3070008619722335,88.56285714285715
RN213,P375L,375.0,Q63HN8,0,88.75,86.18181818181819,11,5.467948918898966,87.99363636363636
ASXL1,A611T,611.0,Q8IXJ9,0,43.0,52.32,4,5.2027190597763004,53.3575
ASXL1,P873L,873.0,Q8IXJ9,0,40.53000000000001,40.403636363636366,4,5.582136107108266,43.0725
ASXL1,V891I,891.0,Q8IXJ9,0,36.75,36.97454545454545,4,5.375452790737332,37.7425
ASXL1,P911S,911.0,Q8IXJ9,0,35.28,31.018181818181823,5,5.714596166306391,33.239999999999995
ASXL1,M1050V,1050.0,Q8IXJ9,0,32.28,31.217272727272732,4,5.507516960364925,29.165
TMPS2,H18R,18.0,O15393,0,32.779999999999994,33.081818181818186,8,6.084171296136178,53.08
TFE3,A484T,484.0,P19532,0,43.56,42.733636363636364,4,5.544088104561181,44.205
AMER1,N978S,978.0,Q5JTC6,0,36.53,38.809090909090905,4,5.086487184699153,38.38
ZMYM3,T354I,354.0,Q14202,0,87.43999999999998,77.34727272727272,8,5.485016667976076,86.59375
MTOR,I1159V,1159.0,P42345,0,88.81,87.3281818181818,11,5.612799326924647,87.92000000000002
CMTA1,S1216N,1216.0,Q9Y6Y1,0,31.44,31.953636363636363,4,5.102819940772805,32.82
SETD2,S2079N,2079.0,Q9BYW2,0,29.860000000000003,33.02363636363636,4,5.5116331331557085,33.67
SETD2,F341I,341.0,Q9BYW2,0,21.59,25.480909090909094,4,5.062151102743746,27.485
FOXP1,V445M,445.0,Q9H334,0,50.71999999999999,47.72909090909091,5,5.605944967361706,45.983999999999995
CSF1R,N153H,153.0,P07333,0,93.94,90.89181818181817,7,5.742402542577493,92.83857142857144
CSF1R,A123G,123.0,P07333,0,96.0,93.71636363636365,13,6.149299660292622,94.67846153846153
K1549,D897N,897.0,Q9HCM3,0,27.84,31.38181818181818,4,5.442180913339542,30.3275
K1549,L702Q,702.0,Q9HCM3,0,32.34,30.229090909090907,7,6.320557546169203,30.16571428571429
K1549,S601L,601.0,Q9HCM3,0,32.34,30.64363636363636,4,5.1745030310086815,31.207499999999996
K1549,S551C,551.0,Q9HCM3,0,22.55,26.531818181818185,4,5.501153787540654,25.510000000000005
CSMD3,D1479E,1479.0,Q7Z407,0,58.0,63.850909090909084,9,5.641609492780411,64.05
PCM1,E624K,624.0,Q15154,0,32.31,29.94818181818182,4,5.424470349929657,29.71
TSC1,H59L,59.0,Q92574,0,86.19000000000001,86.34636363636363,8,5.179354408486116,86.23375
KDM5A,D1104G,1104.0,P29375,0,33.69,40.477272727272734,7,6.018613994139021,40.575714285714284
ARID2,G1450E,1450.0,Q68CP9,0,30.36,30.243636363636366,4,5.573037822723198,31.499999999999996
TSC2,C253Y,253.0,P49815,0,84.38,86.10363636363637,11,5.583532650110538,86.48454545454545
TMPS2,Y45D,45.0,O15393,0,42.34000000000001,39.769999999999996,4,5.242092919543385,36.8525
ELF4,A147V,147.0,Q99607,0,42.69,42.26272727272727,4,5.378102009619487,41.33
AMER1,D725E,725.0,Q5JTC6,0,33.84,38.849999999999994,4,5.494216317679307,36.6725
AMER1,A295T,295.0,Q5JTC6,0,36.53,40.70545454545454,4,5.37057999553329,41.0375
AMER1,H104R,104.0,Q5JTC6,0,43.69,43.75545454545455,4,5.253999098770326,43.29
MTOR,A461V,461.0,P42345,0,78.69,73.91999999999999,8,5.5611613634352075,75.1875
ERCC3,S735P,735.0,P19447,0,27.19,31.704545454545453,4,5.016562455166611,28.540000000000003
K1549,A842V,842.0,Q9HCM3,0,31.47,32.23818181818182,4,4.924497316965907,32.1575
CNTRL,Q1534P,1534.0,Q7Z7A1,0,69.88,68.27545454545454,8,4.945330867476411,67.98
BCOR,L808H,808.0,Q6W2J9,0,32.97,32.46545454545455,4,5.543562681662036,32.065
AMER1,M999V,999.0,Q5JTC6,0,43.62,38.652727272727276,4,5.146307147407805,39.92
AMER1,D731G,731.0,Q5JTC6,0,37.12,39.209090909090904,4,5.058327574013149,43.165
AMER1,S677P,677.0,Q5JTC6,0,34.81,42.448181818181816,4,5.465010340444287,43.6325
AMER1,R646W,646.0,Q5JTC6,0,74.69000000000001,72.69545454545454,7,5.049637484333682,75.27142857142857
AMER1,Q629R,629.0,Q5JTC6,0,93.75,93.41454545454545,8,5.131518502544888,93.6725
AMER1,P308Q,308.0,Q5JTC6,0,53.02999999999999,50.61909090909091,6,5.595703109998916,53.01499999999999
ATRX,E886Q,886.0,P46100,0,27.27,27.64909090909091,4,5.420896658792581,28.02
TSC2,S1282R,1282.0,P49815,0,24.52,25.678181818181816,4,5.096902225356666,26.2425
AMER1,P248T,248.0,Q5JTC6,0,47.53000000000001,40.58909090909091,4,5.539751789873408,37.665
ATRX,I2291M,2291.0,P46100,0,33.44,33.06181818181818,4,4.834794924968484,29.770000000000003
ATRX,I1216V,1216.0,P46100,0,28.0,29.242727272727276,4,5.354531329605418,28.2275
ATRX,I1208V,1208.0,P46100,0,33.28,30.404545454545453,4,5.350951904095572,30.857499999999998
ATRX,S742G,742.0,P46100,0,26.079999999999995,28.83,4,5.174828734708633,29.495
ATRX,D705G,705.0,P46100,0,27.14,28.549999999999997,4,5.211202663329594,27.740000000000002
TSHR,T477P,477.0,P16473,0,88.68999999999998,87.30727272727272,10,5.542592141622956,86.74999999999999
ANDR,S176R,176.0,P10275,0,29.31,31.470909090909092,4,5.18337514951149,30.2625
TENA,V605I,605.0,P24821,0,73.5,74.11454545454545,8,5.894669924755792,73.9225
VAV,T739M,739.0,P15498,0,91.88,90.66454545454545,6,4.950663558707467,91.83333333333333
MTOR,T1870S,1870.0,P42345,0,65.56,63.965454545454534,8,5.203358200965301,63.97625
MTOR,T1856I,1856.0,P42345,0,29.550000000000004,31.94727272727273,4,5.645147724864634,29.98
MTOR,I1825V,1825.0,P42345,0,34.53,34.25454545454545,4,5.507050162711475,31.4925
MTOR,S1785N,1785.0,P42345,0,86.5,86.69818181818181,6,5.795819741830584,85.85333333333335
MTOR,T1508S,1508.0,P42345,0,86.62,85.69272727272727,9,5.38072563625149,85.35444444444444
MTOR,V643M,643.0,P42345,0,52.38,59.38181818181818,5,5.409567425465549,55.33399999999999
SETD2,N2114K,2114.0,Q9BYW2,0,40.59,49.717272727272736,4,4.957692598066319,45.815
SETD2,S1940G,1940.0,Q9BYW2,0,28.079999999999995,28.608181818181823,4,5.020624298041357,30.855
SETD2,S1051L,1051.0,Q9BYW2,0,36.69,35.06181818181819,8,5.7597366914721135,32.09875
SETD2,P677S,677.0,Q9BYW2,0,33.81,26.704545454545453,4,5.127898453975533,26.55
SETD2,P617T,617.0,Q9BYW2,0,33.5,28.0,8,5.626189609015123,27.7725
SETD2,G597D,597.0,Q9BYW2,0,25.41,29.158181818181824,7,6.420508704932226,28.561428571428568
PTC1,S719N,719.0,Q13635,0,28.2,30.569999999999997,4,5.279043711002088,29.884999999999998
CHD2,G1575A,1575.0,O14647,0,31.03,40.63181818181818,5,5.739152158854308,40.5
CHD2,N1634T,1634.0,O14647,0,27.11,29.45727272727273,4,5.341253684866787,28.8675
CHD2,Q1702E,1702.0,O14647,0,34.69,35.23636363636364,4,5.225585130748861,34.755
MTOR,S2514A,2514.0,P42345,0,79.31,82.75636363636363,6,5.142138511546052,81.26166666666667
MTOR,H1687R,1687.0,P42345,0,78.0,78.92636363636365,6,5.500421513474197,77.88666666666667
MTOR,H1541Q,1541.0,P42345,0,88.05999999999999,88.57363636363635,12,6.028788228565319,88.54666666666667
SETD2,H1250D,1250.0,Q9BYW2,0,21.62,23.15909090909091,4,5.166989188475665,23.03
ATRX,K433E,433.0,P46100,0,26.19,29.58545454545455,4,5.343893006985318,27.02
BRCA1,M1783L,1783.0,P38398,0,96.5,94.99454545454546,12,5.688756881664748,95.46333333333332
ERBB4,R103H,103.0,Q15303,0,96.75,95.21818181818183,13,5.8030067763807915,96.2830769230769
DCTN1,R932C,932.0,Q14203,0,89.25,89.16545454545454,8,5.156026375066818,89.1575
EXT2,R417W,417.0,Q93063,0,87.62,89.06727272727272,8,5.4645867278696985,89.53125
EPAS1,A553V,553.0,Q99814,0,30.339999999999996,33.235454545454544,4,5.402054777428617,33.97
EPAS1,N759S,759.0,Q99814,0,34.22,33.90181818181817,4,5.358643207402833,35.300000000000004
EPAS1,R825W,825.0,Q99814,0,55.43999999999999,50.76727272727273,9,5.355316149865966,54.614444444444445
MITF,G506E,506.0,O75030,0,50.06,45.699090909090906,4,5.347836752208518,45.025
CSF1R,R710H,710.0,P07333,0,31.55,34.46727272727273,5,5.764575911465183,33.38
CSF1R,V406I,406.0,P07333,0,93.88,92.65363636363637,12,6.007538972978402,93.95333333333333
ARID2,P1590L,1590.0,Q68CP9,0,38.410000000000004,33.123636363636365,4,5.483356136471148,34.32
MTOR,Q2499R,2499.0,P42345,0,80.44,78.43090909090908,8,5.183752084636081,78.46000000000001
MTOR,A2248T,2248.0,P42345,0,89.25,88.47727272727273,9,5.506210641183318,88.56888888888888
MTOR,H1693R,1693.0,P42345,0,83.30999999999999,83.75090909090909,8,5.653762401780952,84.36
MTOR,I1091V,1091.0,P42345,0,88.44,86.00090909090909,9,5.541653252367042,85.89666666666666
MTOR,I274V,274.0,P42345,0,82.38,80.09181818181817,15,6.266462580582828,78.62333333333335
SETD2,N1396S,1396.0,Q9BYW2,0,26.92,28.90909090909091,8,5.669313659763208,29.8875
SETD2,Y1205C,1205.0,Q9BYW2,0,28.75,27.874545454545455,5,5.944598834270782,30.034000000000002
MTOR,T1861S,1861.0,P42345,0,32.44,37.82272727272727,4,5.180619140631088,40.1575
MTOR,V21I,21.0,P42345,0,72.69,70.10727272727271,8,5.204534275242406,70.9675
SETD2,P971R,971.0,Q9BYW2,0,32.41,35.12272727272727,9,5.200243518852705,37.37555555555556
SETD2,S771C,771.0,Q9BYW2,0,23.94,26.66181818181818,7,5.818920073021039,28.167142857142856
ATRX,N1318S,1318.0,P46100,0,30.5,30.827272727272724,4,5.575626022443165,31.059999999999995
HNF1A,V617I,617.0,P20823,0,39.31,41.64090909090909,4,5.246387105780369,42.9025
ANDR,G216R,216.0,P10275,0,30.72,31.12090909090909,4,5.443056087122967,31.1575
ATRX,M40V,40.0,P46100,0,33.03,32.21545454545455,4,5.510452452291781,31.2275
MTOR,V1198A,1198.0,P42345,0,84.81000000000002,85.00545454545455,11,5.787244149995889,85.5109090909091
MTOR,P1130R,1130.0,P42345,0,89.38,87.03272727272726,8,5.700586949471672,87.4125
MTOR,D1712N,1712.0,P42345,0,86.5,86.68181818181819,9,5.714034809529011,87.31333333333333
MTOR,R628H,628.0,P42345,0,77.25,75.75909090909092,8,5.282574718148545,77.625
MTOR,G344E,344.0,P42345,0,24.22,25.024545454545454,7,5.761857995135491,25.118571428571432
KAT6A,K1147I,1147.0,Q92794,0,33.75,32.30090909090909,4,5.14192407550796,34.585
SETBP,R401Q,401.0,Q9Y6X0,0,39.09000000000001,40.25727272727272,4,4.6873304887852,39.66
IL6RB,G148R,148.0,P40189,0,90.94,92.3590909090909,10,6.156797902382321,92.807
MTOR,S2002G,2002.0,P42345,0,82.69,86.0,9,5.567269834630807,86.18
MTOR,A1836T,1836.0,P42345,0,31.380000000000003,31.19727272727273,4,5.359675454844316,31.255
MTOR,H1819R,1819.0,P42345,0,47.470000000000006,44.271818181818176,7,5.179073352526345,45.40571428571429
MTOR,D1812N,1812.0,P42345,0,61.28,62.70545454545454,8,5.093275364657849,62.5875
MTOR,M1701V,1701.0,P42345,0,88.5,87.95545454545454,12,5.728658699977429,88.0675
MTOR,K1471R,1471.0,P42345,0,75.38,81.85818181818182,6,5.415761355219108,81.59333333333333
MTOR,M1078V,1078.0,P42345,0,89.0,87.29636363636364,9,5.516966990644542,87.77111111111111
MTOR,A469T,469.0,P42345,0,41.03,47.124545454545455,4,5.1403113387105135,45.82
MTOR,A443T,443.0,P42345,0,77.94,81.13727272727273,11,5.793986359276675,80.26181818181819
MTOR,K298R,298.0,P42345,0,47.06,47.63363636363636,8,5.129669989353203,47.25375
MTOR,A8T,8.0,P42345,0,40.5,38.64454545454546,5,5.310698989197966,39.386
MYCN,A184S,184.0,P04198,0,54.09000000000001,58.9109090909091,5,5.451195522500327,53.626
ASXL2,K127R,127.0,Q76L83,0,40.0,38.41090909090909,4,5.47778380825721,37.945
SETD2,I2355V,2355.0,Q9BYW2,0,26.22,29.39090909090909,4,5.260239615502941,30.465000000000003
SETD2,I2295V,2295.0,Q9BYW2,0,25.91,27.974545454545456,4,5.494808872583514,29.44
SETD2,A2242T,2242.0,Q9BYW2,0,34.44,35.24636363636363,4,5.407194305069921,33.8525
SETD2,H1096R,1096.0,Q9BYW2,0,30.25,31.143636363636368,4,5.441003466518844,32.102500000000006
SETD2,S1091R,1091.0,Q9BYW2,0,26.7,27.437272727272727,7,6.322393590617052,27.217142857142854
SETD2,E639K,639.0,Q9BYW2,0,27.92,26.042727272727276,4,5.538308902238669,27.122500000000002
SETD2,P617L,617.0,Q9BYW2,0,33.5,28.0,8,5.626189609015123,27.7725
SETD2,R541Q,541.0,Q9BYW2,0,30.230000000000004,30.421818181818175,4,5.11085260507685,27.427500000000002
SETD2,T468I,468.0,Q9BYW2,0,30.360000000000007,31.869090909090914,4,5.271690444397821,31.895
PGFRB,R685C,685.0,P09619,0,88.80999999999999,91.92545454545456,9,5.827452269773567,78.4011111111111
IL7RA,V80A,80.0,P16871,0,96.18999999999998,96.15545454545455,7,5.752810725585735,96.13571428571427
IL7RA,E95K,95.0,P16871,0,96.44,95.61454545454545,8,5.62387303523226,96.72749999999999
IL6RB,V499I,499.0,P40189,0,95.06000000000002,93.89090909090909,12,5.6078005650182865,94.02083333333333
IL6RB,I454T,454.0,P40189,0,96.69,95.0281818181818,13,5.983884274195292,96.12846153846155
IL6RB,P434R,434.0,P40189,0,94.31000000000002,93.99909090909091,11,5.7755133145399915,93.80090909090909
IL6RB,L397V,397.0,P40189,0,92.69,92.36181818181818,12,5.87455487239382,90.43583333333333
IL6RB,K76E,76.0,P40189,0,81.81,83.91000000000001,6,5.456043713383443,85.0
IL6RB,L8V,8.0,P40189,0,70.69,67.51727272727274,8,5.160657014180824,68.05000000000001
M3K1,G102R,102.0,Q13233,0,37.97,35.694545454545455,4,5.598636729961415,33.36
K1549,Q1198R,1198.0,Q9HCM3,0,86.25,85.51636363636364,9,5.402145159112318,86.25
K1549,T1090K,1090.0,Q9HCM3,0,87.5,79.35636363636364,8,5.718667034679155,87.95375
K1549,D934N,934.0,Q9HCM3,0,33.97,30.230909090909094,4,5.313742648337897,29.835
K1549,G889V,889.0,Q9HCM3,0,34.09,30.069090909090907,4,5.161305719268239,29.63
K1549,S849L,849.0,Q9HCM3,0,28.0,31.377272727272736,4,5.212380986752825,31.4825
K1549,P772S,772.0,Q9HCM3,0,36.0,30.78636363636364,7,5.680827104924207,29.944285714285716
K1549,P652L,652.0,Q9HCM3,0,37.03000000000001,32.193636363636365,4,5.176836012015263,32.525000000000006
K1549,S647C,647.0,Q9HCM3,0,28.05,31.4509090909091,4,5.28949226321542,30.7075
K1549,R617G,617.0,Q9HCM3,0,27.81,29.65909090909091,4,5.356579408252012,30.6475
K1549,P486A,486.0,Q9HCM3,0,43.5,36.32909090909091,4,5.169580063338139,34.305
K1549,T364A,364.0,Q9HCM3,0,27.07999999999999,27.880909090909086,4,5.357186484983195,27.24
K1549,D154E,154.0,Q9HCM3,0,38.19,35.97,4,5.340781965712479,37.92
KAT6B,E1233K,1233.0,Q8WYB5,0,33.72,33.655454545454546,8,5.633269858453931,34.72
KAT6B,L1462I,1462.0,Q8WYB5,0,32.94,28.1,4,5.112082716244872,27.927499999999995
EXT2,D561H,561.0,Q93063,0,88.94,91.31727272727271,11,6.413991050316883,85.65545454545457
BC11B,A495T,495.0,Q9C0K0,0,39.28,42.00818181818181,4,5.500950458311327,39.295
UBP8,T739A,739.0,P40818,0,49.0,49.33454545454546,4,5.091296648476896,48.78
DPOG1,Q49E,49.0,P54098,0,36.69,36.447272727272725,7,5.483852760116885,37.47714285714286
ERBB2,P1135S,1135.0,P04626,0,33.56,29.17,4,5.13424798646374,28.2025
BRCA1,M658I,658.0,P38398,0,32.31,28.50909090909091,4,5.167771796027205,29.2925
RNF43,G754A,754.0,Q68DV7,0,38.0,38.881818181818176,4,5.178955329646465,39.1925
RNF43,P686R,686.0,Q68DV7,0,44.410000000000004,35.35727272727273,4,5.441647595426664,34.3275
RNF43,R657P,657.0,Q68DV7,0,39.779999999999994,38.290909090909096,4,5.341981138481773,36.95
RNF43,A365T,365.0,Q68DV7,0,38.16,40.04636363636364,4,5.07798282137673,38.5225
RNF43,R343H,343.0,Q68DV7,0,36.25,38.00727272727273,4,5.237553068971958,38.2725
RNF43,G336D,336.0,Q68DV7,0,38.38,38.57545454545454,4,5.1213231619439545,40.392500000000005
RNF43,P231L,231.0,Q68DV7,0,71.25,66.16636363636364,6,5.101310430566811,71.22333333333334
RNF43,R221Q,221.0,Q68DV7,0,81.44000000000001,72.16363636363636,6,5.062591097601092,78.82
RNF43,P192L,192.0,Q68DV7,0,58.27999999999999,67.2109090909091,4,4.856893230309165,59.88250000000001
RNF43,R127Q,127.0,Q68DV7,0,92.94000000000001,91.97181818181816,9,5.361454328455217,91.92333333333333
RNF43,R117H,117.0,Q68DV7,0,83.55999999999999,85.99454545454545,4,4.956275839408477,82.8925
JAK3,I1003V,1003.0,P52333,0,96.06,96.1718181818182,12,5.791504075025817,94.64583333333333
BTK,D426N,426.0,Q06187,0,93.31,92.14818181818181,10,5.9533715323470915,93.801
BCOR,K1137R,1137.0,Q6W2J9,0,35.03,31.74363636363636,4,5.181178278101326,33.3375
BCOR,P838S,838.0,Q6W2J9,0,46.589999999999996,33.09090909090909,4,5.391990117515659,35.475
BCOR,P152L,152.0,Q6W2J9,0,48.78000000000001,35.01454545454545,4,5.335669351702995,32.865
BCOR,R63K,63.0,Q6W2J9,0,31.110000000000003,32.03363636363637,4,5.425529364467798,32.9075
BCOR,T60M,60.0,Q6W2J9,0,32.28,31.58909090909091,4,5.656961693548519,32.445
GATA1,A58V,58.0,P15976,0,69.62,63.83636363636363,8,5.171283202902917,64.53
GATA1,L386P,386.0,P15976,0,47.41,50.629090909090905,4,5.425335918372803,50.01
GATA1,T403I,403.0,P15976,0,61.84000000000002,64.12181818181818,4,4.986154090989088,63.8175
MED12,R1854H,1854.0,Q93074,0,26.45,28.182727272727274,4,5.075170491647315,27.582500000000003
MED12,T2013P,2013.0,Q93074,0,29.67000000000001,28.03818181818182,4,5.278325401096733,27.4525
MED12,V2038I,2038.0,Q93074,0,31.97,31.624545454545455,4,5.428062475312617,31.587500000000002
ATRX,P2478S,2478.0,P46100,0,46.78000000000001,37.75181818181818,4,5.389891229799204,40.6
ATRX,M2467I,2467.0,P46100,0,34.31,34.29181818181818,4,5.0837223385908805,32.824999999999996
ATRX,M2410T,2410.0,P46100,0,84.25,83.81272727272727,8,5.131870530483625,83.93
ATRX,A2009G,2009.0,P46100,0,72.56,76.79454545454547,6,5.3749645501156325,75.42833333333333
ATRX,S1620R,1620.0,P46100,0,88.06,88.3690909090909,8,5.666049684059649,89.655
ATRX,D1378E,1378.0,P46100,0,30.67,30.013636363636362,4,5.527626061489501,29.915000000000003
ATRX,S1328Y,1328.0,P46100,0,28.639999999999997,29.29363636363636,8,5.098049618213456,30.39875
ATRX,V957L,957.0,P46100,0,23.270000000000003,26.844545454545457,4,5.233779044135478,27.4075
ATRX,D922N,922.0,P46100,0,36.19,36.03,4,5.658062439692543,37.035000000000004
ATRX,V895L,895.0,P46100,0,23.81,25.95363636363636,4,4.518463341793713,24.82
ATRX,K858R,858.0,P46100,0,23.73,26.79545454545455,4,5.373502952785668,24.7675
ATRX,T844A,844.0,P46100,0,28.199999999999996,28.775454545454544,10,6.459700237237575,30.252
ATRX,S827N,827.0,P46100,0,33.78,33.294545454545464,7,5.273360571763754,33.44
ATRX,S706T,706.0,P46100,0,26.53,29.70181818181818,4,5.210678621428965,29.160000000000004
ATRX,S560C,560.0,P46100,0,24.44,27.80454545454546,4,5.611263055826784,27.445
ATRX,E481Q,481.0,P46100,0,24.02,24.456363636363633,4,4.875318468724023,24.03
ATRX,A462P,462.0,P46100,0,29.72,28.407272727272723,4,5.508155714603295,28.2425
ATRX,N306S,306.0,P46100,0,31.0,35.761818181818185,7,5.569924350426587,37.08571428571428
ATRX,S76L,76.0,P46100,0,32.81,32.88545454545454,4,5.465098054721704,33.265
ASXL1,A636V,636.0,Q8IXJ9,0,35.03,36.446363636363635,4,5.120452986859366,35.11
KAT6A,M482K,482.0,Q92794,0,66.38,66.5490909090909,9,5.4956537742392975,65.30222222222223
ERBB3,S1119C,1119.0,P21860,0,25.77,28.14636363636364,4,5.4384341233151705,27.4325
ALK,H1030P,1030.0,Q9UM73,0,38.69,48.99000000000001,4,5.2949128535919945,46.095
ARI1B,G651R,651.0,Q8NFD5,0,36.12,32.0,4,5.492737177612598,32.36
KAT6B,L1481V,1481.0,Q8WYB5,0,28.36,28.394545454545458,5,5.869327519811269,29.665999999999997
ASXL1,D741V,741.0,Q8IXJ9,0,29.53,32.38545454545454,4,5.494070143405501,32.395
BCR,N796S,796.0,P11274,0,76.38,77.90818181818182,8,5.145005138023391,77.94375
AMER1,R601Q,601.0,Q5JTC6,0,94.30999999999999,93.96727272727271,8,5.164955571677676,93.59625
CHD4,E139D,139.0,Q14839,0,30.690000000000005,30.25090909090909,4,5.469287035227572,30.232499999999998
KAT6A,R1131H,1131.0,Q92794,0,31.7,30.51,4,4.995847157624951,31.05
FANCJ,S919T,919.0,Q9BX63,0,27.329999999999995,29.187272727272724,4,5.121419215703206,29.895
NSD1,K954T,954.0,Q96L73,0,27.27,28.61363636363637,4,5.263325351674975,28.142500000000002
EP300,P2312S,2312.0,Q09472,0,34.12,34.81181818181819,4,5.261101353327326,33.765
EMAL4,K283E,283.0,Q9HC35,0,97.69,96.9718181818182,11,5.503313197975513,96.32363636363635
CBP,P84T,84.0,Q92793,0,42.78000000000001,33.58,4,5.692606738832794,33.025
CBP,G1069C,1069.0,Q92793,0,33.59,32.81727272727273,4,5.282771245556868,31.05
TENA,I1677L,1677.0,P24821,0,85.5,81.24909090909091,8,5.674800306660168,83.945
TF7L2,P500T,500.0,Q9NQB0,0,36.94,40.550909090909094,4,5.450003200995552,42.4975
GLI1,G933D,933.0,P08151,0,36.66,37.36090909090909,4,5.204555561602575,36.7025
ASXL1,D1163N,1163.0,Q8IXJ9,0,29.92,32.21090909090909,4,4.9290469916971515,33.457499999999996
ARI1B,H179N,179.0,Q8NFD5,0,25.7,27.230000000000004,4,5.486128150487913,26.692500000000003
TENA,G145V,145.0,P24821,0,31.91,35.86181818181819,4,5.223851063557718,34.1975
TENA,L1247I,1247.0,P24821,0,77.62,75.51363636363635,8,5.727894497758339,81.6325
KAT6A,P1679L,1679.0,Q92794,0,38.96999999999999,36.559090909090905,4,5.324426163567591,33.9075
SH2B3,F182L,182.0,Q9UQQ2,0,44.970000000000006,41.50909090909091,4,5.3312902422785164,42.1
ARI1A,A183T,183.0,O14497,0,28.329999999999995,29.463636363636365,4,5.116177061208416,28.2875
FLT3,D7G,7.0,P36888,0,39.88,38.370000000000005,4,5.304121665843395,38.195
NSD1,P2353S,2353.0,Q96L73,0,38.06,30.83090909090909,4,5.535446029198093,29.6425
ARI1B,H172Y,172.0,Q8NFD5,0,30.77,30.782727272727275,4,5.200845466144845,30.325
KDM5A,M865T,865.0,P29375,0,74.31,73.15545454545453,6,5.561733143147976,73.82833333333333
TMPS2,V160M,160.0,O15393,0,94.12,90.52272727272727,14,6.085625099044308,92.08571428571429
TENA,Q539R,539.0,P24821,0,78.25,73.98272727272727,10,5.733946947351197,77.53900000000002
LPP,Y346H,346.0,Q93052,0,33.44,36.346363636363634,4,5.349507192321754,34.5
TENA,E2008Q,2008.0,P24821,0,82.5,84.97818181818182,9,5.6863275775247555,83.32
CBP,A2219V,2219.0,Q92793,0,30.28,34.01,8,5.448836858720796,30.2175
KAT6A,R845C,845.0,Q92794,0,26.06,28.894545454545458,4,5.383055120505121,26.907500000000002
PTC1,P1202L,1202.0,Q13635,0,42.88,42.31909090909091,4,5.018730711428092,42.315000000000005
ARI1A,A1872V,1872.0,O14497,0,32.59,33.65,4,5.345454987735437,31.8925
KAT6B,Q1465K,1465.0,Q8WYB5,0,25.88,28.128181818181815,4,5.262007568939369,28.5975
SETBP,P1489S,1489.0,Q9Y6X0,0,39.78000000000001,37.31454545454545,4,5.175738337497526,36.2025
ARI1B,P327R,327.0,Q8NFD5,0,43.19,31.85454545454545,4,4.919458491904357,31.9725
SH2B3,W262R,262.0,Q9UQQ2,0,91.38000000000001,87.44363636363636,9,5.839656605563764,79.42666666666668
RA51B,L172W,172.0,O15315,0,91.94,92.81818181818183,8,5.238374352066596,92.625
ARI1B,G67S,67.0,Q8NFD5,0,25.91,27.053636363636368,4,5.441440417018563,25.825000000000003
NCOR2,A2489T,2489.0,Q9Y618,0,33.53,30.283636363636365,4,5.141681486162895,30.77
KAT6A,Q876P,876.0,Q92794,0,27.72,28.664545454545454,4,5.2137373657182975,29.615000000000002
ARI1A,G125S,125.0,O14497,0,27.08,30.683636363636364,5,6.045575032043295,28.622000000000003
TENA,D433N,433.0,P24821,0,76.38,74.19272727272727,15,6.0478540301339025,76.11266666666667
CASP9,A28V,28.0,P55211,0,92.5,91.49454545454546,11,5.802268717091103,92.67727272727274
KAT6B,D1381H,1381.0,Q8WYB5,0,30.33,29.724545454545453,4,5.0855525531567185,31.6625
BCORL,G209S,209.0,Q5H9F3,0,31.53,34.12818181818182,4,5.109377152260393,32.38
ASXL1,A492P,492.0,Q8IXJ9,0,33.59,34.88363636363636,4,5.249776163544441,34.8125
NCOR2,A1699T,1699.0,Q9Y618,0,49.81,50.44909090909091,10,5.363972650684056,50.513
EP300,T865I,865.0,Q09472,0,35.78,39.11000000000001,4,5.0793216638204814,42.085
BCOR,R1589C,1589.0,Q6W2J9,0,56.56000000000001,63.88545454545454,7,5.820845391050619,65.94571428571429
NSD1,V2618I,2618.0,Q96L73,0,25.800000000000004,34.93818181818182,4,5.110754231643963,37.292500000000004
LPP,T146A,146.0,Q93052,0,38.75,41.00363636363636,4,5.442266941411994,38.4075
CTND1,R915K,915.0,O60716,0,38.40999999999999,38.75909090909091,4,5.414089840650969,39.695
TENA,Q680R,680.0,P24821,0,86.94,83.85727272727273,7,5.301164150184207,85.90857142857142
PGFRB,R507H,507.0,P09619,0,86.80999999999999,83.70454545454545,11,5.531839985053448,84.90272727272726
RSPO2,L186P,186.0,Q6UXX9,0,70.06,75.21545454545456,8,6.286556294946109,72.27375
GLI1,E1100Q,1100.0,P08151,0,37.97,36.25454545454546,4,5.437309813185975,36.83
CBP,I1977N,1977.0,Q92793,0,26.05,30.611818181818183,4,5.224133112410401,29.3575
TENA,R1066H,1066.0,P24821,0,86.44000000000001,80.47636363636364,9,5.85644498886858,85.71555555555557
CAD17,E739A,739.0,Q12864,0,87.12,88.12454545454547,8,5.537940874413531,87.74249999999999
KAT6A,S1866C,1866.0,Q92794,0,31.920000000000005,33.22909090909091,7,6.121282100485977,33.70857142857143
ARI1B,S70R,70.0,Q8NFD5,0,28.0,26.801818181818188,8,5.667906478780224,28.06875
ARI1A,G1016S,1016.0,O14497,0,80.06,82.02363636363637,6,6.136429562399953,81.33333333333333
KAT6A,D1465G,1465.0,Q92794,0,32.34,32.306363636363635,4,5.088568684744225,30.962500000000002
KAT6B,T552A,552.0,Q8WYB5,0,30.5,29.64363636363636,4,5.295693391238131,29.6025
ASXL1,Q1448R,1448.0,Q8IXJ9,0,30.940000000000005,32.059090909090905,4,4.771724846747584,33.1225
ALK,F921L,921.0,Q9UM73,0,97.55999999999999,94.46454545454547,19,5.79066829906577,95.48736842105262
MYO5A,E362D,362.0,Q9Y4I1,0,93.69,94.37000000000002,8,5.255215248480906,94.57124999999999
BRCA1,T779S,779.0,P38398,0,29.229999999999997,28.13363636363636,4,5.191403969405318,28.3675
SH2B3,I257T,257.0,Q9UQQ2,0,87.88,88.30181818181818,13,5.96602801399225,87.28846153846153
SH2B3,L476F,476.0,Q9UQQ2,0,46.22,39.11545454545455,8,6.085728585262418,64.74625
M3K1,V863A,863.0,Q13233,0,84.0,83.19727272727273,8,5.657977171044668,84.63875
PLAG1,P458T,458.0,Q6DJT9,0,44.71999999999999,39.407272727272726,4,5.594956972891258,40.8675
SETBP,V752I,752.0,Q9Y6X0,0,29.699999999999996,34.77090909090909,4,5.451977787779127,33.339999999999996
AMER1,E729Q,729.0,Q5JTC6,0,39.75,39.377272727272725,4,5.067597722392898,41.0225
NPT2B,T330M,330.0,O95436,0,82.18999999999998,80.57,8,5.609180509021773,82.47875
GATA1,G99S,99.0,P15976,0,45.38,41.14272727272728,4,5.223979180445514,41.22
MED12,V732M,732.0,Q93074,0,89.56000000000002,88.10272727272728,10,5.545240018304373,86.944
GATA1,H71P,71.0,P15976,0,44.720000000000006,45.80727272727273,4,4.930889713042532,44.86750000000001
FBX11,P32A,32.0,Q86XK2,0,54.31,43.38909090909091,4,5.178475913944204,44.555
SETBP,V387M,387.0,Q9Y6X0,0,33.38,32.29363636363637,4,5.190935653819565,30.5025
SETBP,S1287L,1287.0,Q9Y6X0,0,31.06,36.39545454545455,4,5.226774308093972,35.11
BCOR,D551N,551.0,Q6W2J9,0,36.12,34.49272727272727,4,5.221930920886747,36.485
SETBP,A630V,630.0,Q9Y6X0,0,40.97,39.32181818181818,4,5.151692795236819,40.14
SETBP,L556V,556.0,Q9Y6X0,0,45.28,39.65272727272727,4,5.360355589715938,42.6275
AMER1,T716S,716.0,Q5JTC6,0,41.53000000000001,39.405454545454546,4,4.924582501862022,39.57
ATRX,K910E,910.0,P46100,0,36.28,37.29909090909091,4,5.001136748478416,40.94
NF2L2,Q390H,390.0,Q16236,0,48.34,43.82272727272727,4,5.212394541343434,42.6425
SETBP,A408S,408.0,Q9Y6X0,0,41.5,43.74727272727272,6,5.617256837592566,43.410000000000004
RN213,M321T,321.0,Q63HN8,0,95.19,90.13363636363637,12,5.975423787636625,93.61083333333333
AMER1,A9P,9.0,Q5JTC6,0,42.62,42.57636363636363,4,5.405124843938147,42.475
IKKB,A736T,736.0,O14920,0,53.11999999999999,52.211818181818174,6,5.329724210655968,50.35999999999999
NOTC1,P1641S,1641.0,P46531,0,32.41,29.95,5,5.240337432189235,30.982
SETBP,G371V,371.0,Q9Y6X0,0,32.94,31.873636363636365,4,5.096472549022727,30.825
ATRX,R696T,696.0,P46100,0,26.2,26.84909090909091,6,5.774393034548479,29.666666666666668
ARI1B,P1110S,1110.0,Q8NFD5,0,28.78,26.648181818181822,4,5.301095254109151,25.4825
ATRX,N1321S,1321.0,P46100,0,27.11,29.430909090909086,4,5.491652616536577,29.535
MTOR,G1240S,1240.0,P42345,0,41.41,45.56636363636365,8,5.472395753056153,46.227500000000006
NF2L2,Q421H,421.0,Q16236,0,32.03,34.70090909090909,4,5.044748613154366,33.855000000000004
ASXL1,V1216L,1216.0,Q8IXJ9,0,33.97,33.14181818181818,4,5.1356930417843545,34.7125
FOXL2,P205R,205.0,P58012,0,60.59000000000002,53.38999999999999,4,4.849392246174501,53.69749999999999
SETBP,Q1244R,1244.0,Q9Y6X0,0,28.86,35.19,4,5.297780613432299,32.225
P63,M216I,216.0,Q9H3D4,0,94.88,95.93818181818183,7,5.643097879356581,96.18857142857144
AMER1,P300T,300.0,Q5JTC6,0,51.160000000000004,40.736363636363635,4,5.482376072327684,37.5175
MTOR,K1815N,1815.0,P42345,0,50.47,55.02272727272728,8,5.015820963302929,55.02375
BTK,A209S,209.0,Q06187,0,31.920000000000005,39.871818181818185,4,4.924623064634643,37.7975
ABL1,E197K,197.0,P00519,0,94.56,95.36454545454545,11,5.636766471125329,89.33545454545454
SETBP,R1412G,1412.0,Q9Y6X0,0,76.55999999999999,72.62181818181817,9,5.454204614753589,70.99666666666667
TNAP3,A434V,434.0,P21580,0,33.34,32.86363636363636,4,5.203417694845328,31.955
FBX11,H418R,418.0,Q86XK2,0,98.38,98.41090909090909,13,5.8311919466199,97.79846153846155
BC11B,P98L,98.0,Q9C0K0,0,38.69,37.096363636363634,4,5.45194623528575,36.3675
TNAP3,T513A,513.0,P21580,0,39.78000000000001,42.059999999999995,4,5.18937942683008,37.7425
MED12,Q1189H,1189.0,Q93074,0,40.34,43.303636363636365,5,5.379216024368782,40.798
CBL,P548L,548.0,P22681,0,61.0,50.627272727272725,4,5.295847110988207,49.835
FBX11,I294M,294.0,Q86XK2,0,96.0,95.29545454545456,9,5.941941054459596,97.00555555555555
NF2L2,V397I,397.0,Q16236,0,37.46999999999999,39.24181818181818,4,5.585669807945413,37.6325
CBL,R593W,593.0,P22681,0,35.12,34.84181818181818,4,5.466961262157844,36.6275
MTOR,Q878E,878.0,P42345,0,81.12,80.2609090909091,7,5.4700834077298035,83.02714285714286
ATRX,T670I,670.0,P46100,0,28.020000000000003,30.250909090909094,4,4.8473616449180765,30.732499999999998
SETBP,D227E,227.0,Q9Y6X0,0,31.61,33.290909090909096,4,5.1458718248253374,33.0375
GATA1,G356D,356.0,P15976,0,38.88,44.93454545454545,4,5.477405670873361,48.99250000000001
KAT6A,P955R,955.0,Q92794,0,33.19,26.004545454545454,4,5.255998495326487,25.474999999999998
MTOR,A9T,9.0,P42345,0,37.59,39.522727272727266,7,5.743167738269144,39.839999999999996
MTOR,T1841P,1841.0,P42345,0,30.300000000000004,30.99090909090909,4,5.542844108383602,30.529999999999998
AMER1,R21H,21.0,Q5JTC6,0,46.81000000000001,43.723636363636366,4,5.25034535113065,42.945
ARI1A,P2161A,2161.0,O14497,0,90.88,92.11727272727273,9,5.7646413631040145,88.85222222222222
BC11B,A659T,659.0,Q9C0K0,0,40.94,38.37363636363636,4,5.303553051489251,36.5025
NF2L2,V432I,432.0,Q16236,0,40.339999999999996,41.77363636363636,4,5.509137108233967,42.72
SETBP,N225D,225.0,Q9Y6X0,0,30.05,32.92818181818182,4,4.910076532515008,30.4425
DDX3X,S57N,57.0,O00571,0,38.31,37.11454545454546,4,5.296486240952724,37.995
AMER1,R646P,646.0,Q5JTC6,0,74.69000000000001,72.69545454545454,7,5.049637484333682,75.27142857142857
STAG1,Q1132H,1132.0,Q8WVM7,0,28.84,31.12090909090909,4,5.198306296751456,31.689999999999998
ASXL2,K1060R,1060.0,Q76L83,0,75.25,65.53727272727271,6,5.09367762612884,75.13166666666666
SETBP,R498G,498.0,Q9Y6X0,0,28.44,38.03909090909091,4,5.154943738865679,39.0925
ASXL1,R1148H,1148.0,Q8IXJ9,0,31.660000000000004,32.17454545454545,6,5.644504509921483,33.45666666666667
ASXL1,K1225N,1225.0,Q8IXJ9,0,29.690000000000005,30.932727272727274,4,5.4806076148718965,30.7325
AMER1,R531Q,531.0,Q5JTC6,0,39.470000000000006,44.25363636363637,5,5.463552029374503,42.626
KAT6A,K815R,815.0,Q92794,0,29.940000000000005,28.257272727272724,4,5.21857951099707,27.792499999999997
MTOR,N1470K,1470.0,P42345,0,80.94,82.01727272727273,7,5.346699037047018,81.25
SETBP,A1193S,1193.0,Q9Y6X0,0,33.59,31.627272727272725,4,5.264385400913589,29.22
SETBP,V231I,231.0,Q9Y6X0,0,31.5,33.67545454545455,4,4.941197193952349,35.1
RN213,M270T,270.0,Q63HN8,0,96.68999999999998,95.2781818181818,14,6.348762360745229,95.58000000000001
SETD2,T217K,217.0,Q9BYW2,0,44.910000000000004,42.36181818181819,9,6.0129509496018265,39.52444444444444
MTOR,I1764V,1764.0,P42345,0,81.12,83.7218181818182,10,6.430480762203345,84.162
ATRX,K799N,799.0,P46100,0,34.03,31.490000000000006,4,5.346094859481726,31.19
SETBP,G1218S,1218.0,Q9Y6X0,0,38.19,36.59818181818182,4,5.174542625682034,37.82
ASXL1,K1174N,1174.0,Q8IXJ9,0,28.05,30.596363636363638,4,5.239413736703676,29.409999999999997
P63,R7L,7.0,Q9H3D4,0,31.639999999999997,31.54636363636363,4,5.050807496288279,33.5075
ASXL2,A1041P,1041.0,Q76L83,0,30.02,30.80454545454546,4,5.151443306182054,30.869999999999997
ASXL1,A1320V,1320.0,Q8IXJ9,0,34.34,36.07090909090909,4,4.806046300258354,38.775
MTOR,N33I,33.0,P42345,0,80.06,80.09636363636363,6,5.071039447081713,79.31166666666667
TNAP3,S466R,466.0,P21580,0,30.360000000000003,33.14636363636363,4,5.4945095889704705,34.5475
FBX11,P313A,313.0,Q86XK2,0,94.38,95.45454545454545,8,5.352580138615398,95.10249999999999
CNOT3,P472S,472.0,O75175,0,51.52999999999999,41.87272727272728,4,5.6677472249835095,38.7425
ABL1,R332Q,332.0,P00519,0,94.87999999999998,96.10363636363635,6,4.885940990265714,95.335
ATRX,N2450K,2450.0,P46100,0,31.17,32.10454545454546,4,5.600824648748598,32.2975
CSF1R,G936S,936.0,P07333,0,28.38,31.217272727272725,4,5.29945475519583,30.895
CNOT3,P314S,314.0,O75175,0,44.25,41.85363636363636,4,5.1222084939416614,42.0425
NF2L2,D183A,183.0,Q16236,0,82.25,71.49454545454545,8,5.067160227697197,71.33625
SETBP,V257M,257.0,Q9Y6X0,0,33.38,35.9809090909091,4,5.56768284998252,34.557500000000005
KAT6B,M1475V,1475.0,Q8WYB5,0,32.06,29.13545454545454,4,5.249708735524706,27.805
ARI1B,A92T,92.0,Q8NFD5,0,28.119999999999997,28.838181818181816,4,5.3786173230434375,27.7625
NF2L2,L430F,430.0,Q16236,0,43.69,40.055454545454545,4,5.385496142305287,37.9175
MTOR,G307R,307.0,P42345,0,29.41,33.833636363636366,4,5.466679698526001,32.427499999999995
ATRX,T810N,810.0,P46100,0,27.550000000000004,29.781818181818185,9,5.420639970115052,31.00555555555555
BC11B,K108E,108.0,Q9C0K0,0,32.81,35.14727272727273,4,5.166227571541183,33.96
MTOR,E1613Q,1613.0,P42345,0,85.56,85.76,7,5.375576512771824,85.79285714285713
ATRX,I1035V,1035.0,P46100,0,29.52,30.499090909090906,4,5.268620009448993,28.55
TNAP3,F470L,470.0,P21580,0,30.079999999999995,34.156363636363636,4,5.484328768356933,29.475
RN213,K340R,340.0,Q63HN8,0,85.0,83.37545454545455,12,5.730697174592815,83.47916666666667
SETBP,R54H,54.0,Q9Y6X0,0,32.31,36.41636363636364,4,5.2163290830061495,35.7375
UBP8,R763W,763.0,P40818,0,92.62,93.01090909090908,8,5.324847363951352,93.0625
CHD4,T349I,349.0,Q14839,0,31.360000000000007,31.35727272727273,4,5.593434305379309,31.755000000000003
NOTC1,N459S,459.0,P46531,0,64.69,71.12545454545453,6,5.265254509858005,74.90666666666667
KAT6B,E1076K,1076.0,Q8WYB5,0,40.44,42.00909090909091,8,5.591572825317015,42.457499999999996
ARI1A,P111A,111.0,O14497,0,31.66,28.56181818181818,4,5.199152246354508,30.432499999999994
ATRX,R1403G,1403.0,P46100,0,30.3,28.596363636363638,4,5.083956039629507,29.387500000000003
GATA1,A53D,53.0,P15976,0,57.220000000000006,59.00545454545454,6,4.947723738788519,60.629999999999995
ARI1A,G1375A,1375.0,O14497,0,29.95,30.60181818181818,4,5.473878090841498,26.93
FOXP1,L291S,291.0,Q9H334,0,40.03,35.473636363636366,4,5.519388661274558,33.0275
BCOR,G81E,81.0,Q6W2J9,0,27.98,30.017272727272722,4,5.449167817200475,27.63
ARI1A,F150L,150.0,O14497,0,28.269999999999996,29.849090909090908,4,5.182587015182709,28.7625
ASXL1,S663N,663.0,Q8IXJ9,0,43.19,43.42000000000001,4,5.28619086763313,44.1475
ABL1,R674W,674.0,P00519,0,29.62,30.823636363636364,4,5.339428196142096,29.0
SETBP,Q1558L,1558.0,Q9Y6X0,0,42.19,46.41181818181818,4,5.577996688155201,47.3975
KAT6B,T514A,514.0,Q8WYB5,0,30.53,33.20545454545454,4,5.552176492303771,32.035000000000004
SETBP,Q378R,378.0,Q9Y6X0,0,32.09,33.02909090909091,4,5.188913458186047,32.79
IL6RB,I135V,135.0,P40189,0,95.81,94.4090909090909,12,6.035354650887602,95.20333333333333
AMER1,G290E,290.0,Q5JTC6,0,37.22,39.91090909090909,4,5.433793199749633,41.6175
CBP,R742P,742.0,Q92793,0,28.55,38.89545454545455,5,5.760792554998014,43.144
UBP8,N764K,764.0,P40818,0,93.94,93.55636363636363,9,5.830941576108571,94.34666666666668
KAT6B,I1178T,1178.0,Q8WYB5,0,30.45,32.31909090909091,4,5.2075285057454055,30.46
NF2L2,T139M,139.0,Q16236,0,31.110000000000007,34.93454545454546,4,5.1565547101741425,33.457499999999996
MTOR,R62H,62.0,P42345,0,74.62,73.17454545454545,8,5.15426441289919,73.1325
ATRX,V556M,556.0,P46100,0,31.449999999999996,29.725454545454546,4,5.010668951038962,30.3575
AMER1,L448P,448.0,Q5JTC6,0,41.06,41.53454545454545,4,5.492057666697165,41.08
FBX11,I306V,306.0,Q86XK2,0,92.56,94.60272727272726,12,6.043491685447129,93.21416666666666
AMER1,D403G,403.0,Q5JTC6,0,43.16,47.64909090909091,6,5.531697944285455,48.19833333333333
BC11B,P184L,184.0,Q9C0K0,0,44.53000000000001,37.72727272727272,5,5.47764710190372,38.13
ATR,N951H,951.0,Q13535,0,45.34,48.64181818181819,4,5.293031757423438,45.65
P63,T494A,494.0,Q9H3D4,0,28.41,31.68454545454546,4,5.510089819157784,35.97
BRCA1,L574F,574.0,P38398,0,25.75,27.75818181818182,4,5.202266333821003,27.015
RA51B,S175R,175.0,O15315,0,94.31,94.13636363636364,7,5.290703237222646,93.83142857142857
RA51B,S250A,250.0,O15315,0,93.81,94.7609090909091,11,5.813653692993976,93.37545454545456
NSD2,V222I,222.0,O96028,0,92.68999999999998,89.24727272727272,9,5.769350595597746,93.17222222222223
NSD2,P302S,302.0,O96028,0,77.56000000000002,80.93818181818182,6,6.046782023236748,79.74
NSD2,D417N,417.0,O96028,0,29.62,31.91,4,5.456411501651395,33.0375
NSD2,Y1006H,1006.0,O96028,0,84.19000000000001,88.02181818181818,6,5.437665965736252,88.68666666666667
NSD2,A1331V,1331.0,O96028,0,34.81,42.82272727272727,4,5.126374349386856,36.575
BRCA1,L218V,218.0,P38398,0,35.31,34.485454545454544,4,5.605741806658338,34.3375
CHD4,S1537F,1537.0,Q14839,0,36.69,33.872727272727275,4,5.433102475737737,34.45
CYLD,R172C,172.0,Q9NQC7,0,88.0,88.24909090909091,10,5.490564451796606,88.331
EP300,T1878N,1878.0,Q09472,0,33.91,33.39545454545455,4,5.199731548361197,35.69
EP300,H1944Q,1944.0,Q09472,0,30.579999999999995,36.69181818181818,6,5.379513955074722,39.315
IKKB,S675G,675.0,O14920,0,39.16,38.72454545454545,4,5.303934072453733,40.475
KAT6A,K834T,834.0,Q92794,0,30.77,29.814545454545453,4,5.174997016852411,28.7025
MYCN,V205A,205.0,P04198,0,65.12,51.45272727272727,4,5.313043429153588,49.525
NSD1,T2114R,2114.0,Q96L73,0,36.96999999999999,46.051818181818184,4,5.052021572882482,40.71
NTRK3,T93M,93.0,Q16288,0,91.38,89.09727272727274,9,5.545282070025083,92.46444444444445
DPOD1,P7S,7.0,P28340,0,44.31,34.49909090909091,4,5.25391492315115,32.155
PTC1,E339G,339.0,Q13635,0,91.0,90.8690909090909,11,5.571814918448641,91.43727272727273
RET,Q490E,490.0,P07949,0,86.06,90.46000000000001,8,5.617443575004355,89.68
RL10,R210W,210.0,P27635,0,85.75,85.651,8,5.102998283950283,85.0325
SETBP,P1533L,1533.0,Q9Y6X0,0,81.12,80.7209090909091,4,5.19777813621209,81.595
SH2B3,A38T,38.0,Q9UQQ2,0,93.94,92.67636363636363,8,5.090406614207586,92.67875000000001
AFF4,G829R,829.0,Q9UHB7,0,44.28,43.13181818181818,4,5.51996318879271,43.07
ANDR,E654K,654.0,P10275,0,35.12,37.092727272727274,4,5.2078094985097225,36.3425
ARI1A,S1513N,1513.0,O14497,0,32.5,30.106363636363643,5,5.307208480315979,29.532
ARI1A,P1643T,1643.0,O14497,0,84.38,81.04363636363637,6,5.35434534369174,87.43833333333333
ARI1A,P1813L,1813.0,O14497,0,70.69,75.14363636363636,6,5.9726457048254185,74.075
ARI1B,G440A,440.0,Q8NFD5,0,25.14,27.33727272727273,4,5.237694982019179,29.3625
ARI1B,S1884R,1884.0,Q8NFD5,0,86.5,84.92545454545454,7,5.941892287797148,87.33142857142857
HNF1A,G606S,606.0,P20823,0,39.94,42.062727272727265,4,5.242074260033988,40.9925
BCORL,G158R,158.0,Q5H9F3,0,34.25,32.49272727272727,4,5.519869016467776,37.665
EP300,P882R,882.0,Q09472,0,34.75,35.03909090909091,4,4.856606013750001,38.09
DDX3X,Q14H,14.0,O00571,0,38.59,37.526363636363634,6,5.679718960766739,37.964999999999996
CMTA1,P1355S,1355.0,Q9Y6Y1,0,30.31,27.850909090909088,4,5.213361237149423,26.6575
DDX6,T64N,64.0,P26196,0,37.19,37.25727272727272,4,4.6108018718475385,38.19
SET1B,P353L,353.0,Q9UPS6,0,41.089999999999996,32.25636363636364,4,5.545359859221756,30.4625
SET1B,P1352L,1352.0,Q9UPS6,0,34.19,30.874545454545455,4,5.3798839771512155,31.88
CNOT3,A426V,426.0,O75175,0,38.84,35.608181818181826,4,5.021187164789227,35.6875
HNF1A,S594G,594.0,P20823,0,40.03,40.88727272727272,4,5.176032494887932,41.83
SET1B,G1384R,1384.0,Q9UPS6,0,29.52,37.50545454545454,4,5.2811113006106645,34.4275
P53,A129D,129.0,P04637,0,95.0,97.37545454545453,6,5.670489799980743,96.89666666666666
KAT6A,R105Q,105.0,Q92794,0,89.69000000000001,89.25454545454545,8,5.118922154751003,89.39750000000001
RL10,R210Q,210.0,P27635,0,85.75,85.651,8,5.102998283950283,85.0325
KAT6A,A1867V,1867.0,Q92794,0,31.410000000000004,33.3609090909091,8,5.983457730953568,33.07
KAT6A,M1931V,1931.0,Q92794,0,35.06,33.31636363636363,4,5.238571061779049,35.3325
MSH2,I648V,648.0,P43246,0,81.5,88.38545454545455,8,5.82600718471024,86.975
NSD1,D1001N,1001.0,Q96L73,0,35.09,31.476363636363637,8,6.404242885436129,29.45375
KPCD1,P585L,585.0,Q15139,0,78.25,82.30636363636364,8,5.925364342383416,83.2575
ALK,G1552R,1552.0,Q9UM73,0,34.5,32.54727272727273,4,5.606836969803453,34.9675
ALK,V1545I,1545.0,Q9UM73,0,31.41,32.845454545454544,4,5.680168689341312,33.56999999999999
ALK,D1529E,1529.0,Q9UM73,0,33.22,32.61000000000001,4,5.575178169687026,33.945
ALK,K1491R,1491.0,Q9UM73,0,26.56,28.010909090909085,4,5.3610670797464985,27.625
ALK,D1349H,1349.0,Q9UM73,0,89.25,87.99454545454546,4,5.195283124626325,91.6875
ALK,T1343I,1343.0,Q9UM73,0,83.0,85.15454545454544,8,5.375026916609141,84.03999999999999
ALK,A1266V,1266.0,Q9UM73,0,97.75,91.51636363636364,13,5.872162420376161,96.75692307692309
ALK,A1234T,1234.0,Q9UM73,0,98.31,97.69090909090909,12,5.656396225058035,97.82166666666667
ALK,L1204F,1204.0,Q9UM73,0,96.12,93.04999999999998,15,6.073200473969047,93.89066666666665
ALK,I1183T,1183.0,Q9UM73,0,92.38,92.80181818181818,9,6.045827360463209,93.14
ALK,T1151M,1151.0,Q9UM73,0,90.25,86.75181818181818,13,5.89723264746292,85.42923076923077
ALK,G1137R,1137.0,Q9UM73,0,69.88,75.18363636363637,9,6.346366463476406,74.14555555555555
ALK,A1099T,1099.0,Q9UM73,0,54.44,60.404545454545456,6,5.5273820982943995,67.39833333333333
ALK,D1091N,1091.0,Q9UM73,0,47.78,51.07272727272728,6,5.089189235765615,50.076666666666675
ALK,T1087I,1087.0,Q9UM73,0,49.46999999999999,48.656363636363636,8,5.2417753411102606,48.28125
ALK,E994K,994.0,Q9UM73,0,68.88,69.53727272727274,10,6.015779368232114,75.53300000000002
ALK,G875R,875.0,Q9UM73,0,85.31,91.80545454545455,11,5.664502740399018,88.18636363636364
ALK,S865P,865.0,Q9UM73,0,82.0,86.86,7,5.984922468344732,86.14428571428572
ALK,P858S,858.0,Q9UM73,0,63.69,69.62272727272726,4,5.049232463627737,69.6175
ALK,T680I,680.0,Q9UM73,0,49.94,59.67454545454546,5,5.5336718508027545,62.05
ALK,A585T,585.0,Q9UM73,0,79.62,77.42000000000002,7,5.424120858344652,80.92
ALK,L560F,560.0,Q9UM73,0,85.19,86.55818181818181,16,6.152224644280134,80.41062500000001
ALK,M552I,552.0,Q9UM73,0,91.75,87.31272727272727,12,5.715922971135952,89.89583333333333
ALK,S529Y,529.0,Q9UM73,0,66.81,75.40272727272728,9,5.836750102717172,77.17444444444443
ALK,F457L,457.0,Q9UM73,0,87.88,84.8409090909091,7,5.899079302540174,87.21428571428571
ALK,R401Q,401.0,Q9UM73,0,88.0,83.48454545454545,12,5.717398202085622,83.73083333333334
ALK,H354Q,354.0,Q9UM73,0,64.30999999999999,72.19181818181818,7,5.687745305247154,63.10857142857144
ALK,P336S,336.0,Q9UM73,0,77.38,78.50727272727273,9,6.109142365534713,81.57777777777777
ALK,M301I,301.0,Q9UM73,0,63.25,62.47181818181818,7,5.40184809912616,63.080000000000005
ALK,A195V,195.0,Q9UM73,0,33.19,55.11181818181817,4,5.216804147740595,50.2725
ALK,R133H,133.0,Q9UM73,0,49.09000000000001,45.780909090909084,8,5.525792457960523,59.3725
ARID2,A1434T,1434.0,Q68CP9,0,31.5,29.50818181818182,4,5.392204820788669,29.6225
BAP1,T613M,613.0,Q92560,0,34.5,32.72909090909091,4,5.267013643482522,31.7725
BARD1,S241C,241.0,Q99728,0,30.81,30.60363636363636,4,5.1381852165117365,28.54
BARD1,Q11H,11.0,Q99728,0,37.41,37.3590909090909,4,5.217181403826338,35.8425
BCL6,A493T,493.0,P41182,0,28.97,29.21454545454545,4,5.136183762961447,29.3375
BMR1A,E415K,415.0,P36894,0,92.94,92.79545454545455,7,5.2769187076812605,92.38428571428572
BRAF,A762V,762.0,P15056,0,43.16,44.23700000000001,4,5.255026221455873,44.472500000000004
BRAF,T241P,241.0,P15056,0,91.56000000000002,88.76636363636364,7,5.435416966482647,89.81142857142856
BRAF,V600A,600.0,P15056,0,49.06,50.41181818181818,12,5.961203426843298,57.01916666666668
BRAF,L597V,597.0,P15056,0,56.44,61.906363636363636,9,5.800125555003144,59.089999999999996
BRAF,N581D,581.0,P15056,0,92.06,91.60272727272728,12,5.913911339133404,91.37
BRAF,W531C,531.0,P15056,0,92.5,88.86818181818182,8,5.336648164706126,91.81875
BRAF,E501G,501.0,P15056,0,70.94,76.78454545454547,11,5.741327536326849,70.61090909090909
BRAF,L485F,485.0,P15056,0,81.38,82.08000000000001,11,5.682807859191182,81.07
BRAF,W450L,450.0,P15056,0,85.44000000000003,77.29545454545455,8,5.615796190557212,82.1575
BRAF,R389C,389.0,P15056,0,31.920000000000005,31.246363636363636,4,5.325052272917973,30.865
BRAF,D380H,380.0,P15056,0,26.64,29.587272727272726,4,5.045879746242248,29.857499999999998
BRAF,S364L,364.0,P15056,0,25.58,27.80454545454546,5,5.5967764151048325,34.324
BRAF,P348T,348.0,P15056,0,30.020000000000003,28.39818181818182,4,5.284771667247835,27.330000000000002
BRAF,P341S,341.0,P15056,0,28.42000000000001,29.250000000000004,4,5.222131300775724,26.6975
BRAF,A320T,320.0,P15056,0,37.72,36.81818181818182,4,5.568536958984096,38.4825
BRAF,F294L,294.0,P15056,0,38.529999999999994,41.631818181818176,8,5.230581574504223,42.339999999999996
BRAF,E275K,275.0,P15056,0,83.06,81.78363636363636,6,5.387411769221337,84.67833333333333
BRAF,R271H,271.0,P15056,0,92.12,89.60818181818183,5,5.294076551955689,89.964
BRAF,F259L,259.0,P15056,0,95.44000000000001,89.68818181818182,12,5.655491462968949,92.355
BRAF,E228V,228.0,P15056,0,63.559999999999995,71.73545454545454,4,4.906528773255296,69.9425
BRAF,K205Q,205.0,P15056,0,83.19,82.69909090909091,8,5.504912273828575,83.16375
BRAF,R188T,188.0,P15056,0,71.55999999999999,77.52272727272727,7,5.350632964718357,78.2057142857143
BRAF,P162S,162.0,P15056,0,71.19,80.46090909090908,8,5.705599007980997,79.515
BRAF,P141L,141.0,P15056,0,36.78000000000001,33.440909090909095,4,5.51053989537956,31.93
BRAF,G104E,104.0,P15056,0,63.06,61.86727272727273,7,5.183353810206661,66.08714285714287
BRAF,L64I,64.0,P15056,0,86.19,86.68272727272728,12,5.8378132459313,81.3275
BRAF,N49I,49.0,P15056,0,82.94,85.05727272727272,8,5.181867310531221,85.305
BRCA1,H1862L,1862.0,P38398,0,41.279999999999994,59.97428571428571,3,4.5521617712362525,46.99
BRCA1,P1856S,1856.0,P38398,0,87.38,81.39272727272727,6,5.911997194505965,88.085
BRCA1,P1856T,1856.0,P38398,0,87.38,81.39272727272727,6,5.911997194505965,88.085
BRCA1,T1852S,1852.0,P38398,0,91.43999999999998,91.7218181818182,5,5.190558744795972,92.924
BRCA1,D1851E,1851.0,P38398,0,89.81,92.47090909090909,5,4.88105827554929,93.25
BRCA1,A1843P,1843.0,P38398,0,96.75,95.90181818181819,14,6.211326320734189,95.80357142857143
BRCA1,R1835Q,1835.0,P38398,0,95.55999999999999,94.90363636363637,9,5.407543217433387,95.59666666666666
BRCA1,V1833M,1833.0,P38398,0,95.62,92.4718181818182,13,5.738143467813701,94.34230769230768
BRCA1,A1823T,1823.0,P38398,0,83.81,80.36,10,5.64968053581239,81.91499999999999
BRCA1,N1819S,1819.0,P38398,0,74.38,78.94272727272727,7,5.964718809816384,77.64999999999999
BRCA1,P1812R,1812.0,P38398,0,91.0,87.96454545454544,7,5.663959756493198,90.36714285714287
BRCA1,V1809A,1809.0,P38398,0,95.93999999999998,92.05181818181818,13,5.810713429151354,94.72999999999999
BRCA1,V1809F,1809.0,P38398,0,95.93999999999998,92.05181818181818,13,5.810713429151354,94.72999999999999
BRCA1,V1808A,1808.0,P38398,0,95.18999999999998,90.74545454545454,12,5.673803122392985,93.745
BRCA1,P1806A,1806.0,P38398,0,93.43999999999998,86.18818181818182,12,6.061939477561921,90.83333333333333
BRCA1,H1805P,1805.0,P38398,0,89.12,83.85272727272728,7,5.475678108200937,89.42999999999999
BRCA1,V1804A,1804.0,P38398,0,85.93999999999998,82.50636363636363,9,5.70707512284024,82.77111111111111
BRCA1,G1803A,1803.0,P38398,0,75.38,81.69363636363636,5,5.501515779484587,78.962
BRCA1,E1794D,1794.0,P38398,0,86.38,88.85272727272728,8,5.79288443797785,89.28125
BRCA1,C1787S,1787.0,P38398,0,94.88,94.73909090909092,13,5.706658247284701,94.73615384615385
BRCA1,Q1785H,1785.0,P38398,0,95.38,95.05727272727272,10,5.250450305161161,94.994
BRCA1,M1783I,1783.0,P38398,0,96.5,94.99454545454546,12,5.688756881664748,95.46333333333332
BRCA1,M1783T,1783.0,P38398,0,96.5,94.99454545454546,12,5.688756881664748,95.46333333333332
BRCA1,W1782C,1782.0,P38398,0,95.55999999999997,95.11999999999999,8,5.097119693714401,95.18
BRCA1,W1782R,1782.0,P38398,0,95.55999999999997,95.11999999999999,8,5.097119693714401,95.18
BRCA1,L1780P,1780.0,P38398,0,95.25,94.60818181818182,10,5.613544661955315,94.462
BRCA1,D1778G,1778.0,P38398,0,93.38,93.32999999999998,6,5.004827596991318,94.79
BRCA1,D1778Y,1778.0,P38398,0,93.38,93.32999999999998,6,5.004827596991318,94.79
BRCA1,D1778H,1778.0,P38398,0,93.38,93.32999999999998,6,5.004827596991318,94.79
BRCA1,D1778N,1778.0,P38398,0,93.38,93.32999999999998,6,5.004827596991318,94.79
BRCA1,P1776S,1776.0,P38398,0,93.12,92.63090909090909,8,5.704222359052972,92.35249999999999
BRCA1,M1775V,1775.0,P38398,0,90.38,91.60272727272728,8,5.833272521700845,92.99875
BRCA1,T1773S,1773.0,P38398,0,89.75,91.29090909090908,7,5.874456619265458,91.28571428571429
BRCA1,P1771L,1771.0,P38398,0,90.75,91.51727272727273,9,6.2559619183512245,90.95888888888891
BRCA1,C1767S,1767.0,P38398,0,94.5,92.15363636363635,13,5.804944830625227,92.9576923076923
BRCA1,L1764P,1764.0,P38398,0,93.31,93.41545454545457,12,5.6676018750600825,92.49
BRCA1,R1758G,1758.0,P38398,0,88.44000000000001,90.67090909090909,6,5.350301130100218,89.54333333333334
BRCA1,A1752G,1752.0,P38398,0,95.75,92.56272727272727,13,5.599721081863578,93.95615384615384
BRCA1,V1741G,1741.0,P38398,0,93.62,93.94181818181819,5,5.37467221532332,93.638
BRCA1,D1739E,1739.0,P38398,0,96.12,94.56181818181818,13,5.7902490177366355,94.40384615384616
BRCA1,V1736A,1736.0,P38398,0,97.56000000000002,95.51,15,6.20586063641912,96.27133333333335
BRCA1,N1730S,1730.0,P38398,0,95.0,94.28454545454547,6,5.616877087919065,94.75
BRCA1,R1726G,1726.0,P38398,0,90.94000000000001,94.10181818181817,6,5.10416538531921,93.895
BRCA1,T1720I,1720.0,P38398,0,95.43999999999998,95.85727272727271,9,5.52821747615213,95.86
BRCA1,R1699Q,1699.0,P38398,0,95.94000000000001,95.81818181818181,9,6.2916328912801855,95.94333333333333
BRCA1,R1699W,1699.0,P38398,0,95.94000000000001,95.81818181818181,9,6.2916328912801855,95.94333333333333
BRCA1,V1696L,1696.0,P38398,0,96.5,94.98909090909092,14,5.782332922125791,94.6692857142857
BRCA1,F1695L,1695.0,P38398,0,94.55999999999999,95.13727272727274,13,5.882583061073837,95.25000000000001
BRCA1,D1692N,1692.0,P38398,0,94.06,95.6081818181818,7,5.44436267352627,94.91142857142856
BRCA1,E1682V,1682.0,P38398,0,89.56,93.52181818181818,6,6.014688556352374,93.45833333333333
BRCA1,A1669S,1669.0,P38398,0,95.0,93.96090909090908,11,5.371925698049949,93.84181818181818
BRCA1,V1665M,1665.0,P38398,0,96.5,95.03909090909092,9,5.272869988401258,95.36777777777779
BRCA1,M1663K,1663.0,P38398,0,94.44,95.21,8,5.1066668681172125,95.2875
BRCA1,V1653M,1653.0,P38398,0,97.25,90.3009090909091,13,5.872466194277485,95.15769230769232
BRCA1,S1651F,1651.0,P38398,0,94.06,79.99727272727273,12,5.603507073742854,93.0625
BRCA1,N1647K,1647.0,P38398,0,43.16,55.76454545454546,5,5.206005604289307,45.848
BRCA1,S1631N,1631.0,P38398,0,26.25,30.317272727272726,5,5.343107810426699,31.623999999999995
BRCA1,M1628V,1628.0,P38398,0,30.12,32.343636363636364,7,6.139009001689649,30.217142857142857
BRCA1,R1589P,1589.0,P38398,0,28.639999999999997,31.66363636363636,4,5.087070881450384,29.700000000000003
BRCA1,R1589H,1589.0,P38398,0,28.639999999999997,31.66363636363636,4,5.087070881450384,29.700000000000003
BRCA1,E1586G,1586.0,P38398,0,28.700000000000003,31.60818181818182,4,5.3917639658872725,34.065
BRCA1,E1581D,1581.0,P38398,0,34.97,33.75181818181819,4,5.292021354076667,33.88
BRCA1,S1577P,1577.0,P38398,0,27.889999999999997,33.45727272727272,4,5.349378044988388,37.265
BRCA1,T1561I,1561.0,P38398,0,27.949999999999996,29.480909090909087,8,5.875614828036939,29.78
BRCA1,I1529V,1529.0,P38398,0,29.09,27.69545454545455,4,4.987918185253981,25.9925
BRCA1,Y1522C,1522.0,P38398,0,30.3,30.576363636363634,7,5.933754158183191,28.367142857142856
BRCA1,S1497A,1497.0,P38398,0,27.81,30.35090909090909,4,5.069057000443824,30.4425
BRCA1,K1487R,1487.0,P38398,0,26.48,27.946363636363632,4,5.3392831677026305,25.61
BRCA1,S1486C,1486.0,P38398,0,25.670000000000005,27.94818181818182,4,5.234896953033886,26.3825
BRCA1,T1485I,1485.0,P38398,0,26.22,27.737272727272728,4,5.265002726898052,26.5575
BRCA1,S1473P,1473.0,P38398,0,30.889999999999997,32.29363636363637,4,5.019977236943226,32.2525
BRCA1,S1448G,1448.0,P38398,0,31.56,32.37454545454545,4,5.294952653132128,32.2825
BRCA1,R1443G,1443.0,P38398,0,32.470000000000006,31.862727272727273,7,6.4020426940175446,33.145714285714284
BRCA1,M1411T,1411.0,P38398,0,86.81,88.31727272727274,8,5.057125430747839,88.6
BRCA1,Q1409L,1409.0,P38398,0,93.0,89.86727272727272,8,5.077270545423687,90.17
BRCA1,L1407P,1407.0,P38398,0,92.25,91.1290909090909,8,5.0609228424692265,91.06875
BRCA1,I1405V,1405.0,P38398,0,92.0,91.08454545454545,8,5.1620579371391635,91.32
BRCA1,M1400V,1400.0,P38398,0,87.75,88.20272727272727,8,5.073962998478567,88.295
BRCA1,C1372Y,1372.0,P38398,0,31.45,30.547272727272727,4,5.437828741309995,30.345
BRCA1,T1349P,1349.0,P38398,0,27.57999999999999,30.62636363636364,4,5.115361573826433,29.51
BRCA1,E1346K,1346.0,P38398,0,34.88,31.59272727272727,4,5.32334840509869,33.72
BRCA1,T1310K,1310.0,P38398,0,25.699999999999996,29.420909090909092,4,5.492836797800258,28.3325
BRCA1,S1301R,1301.0,P38398,0,31.12,32.620909090909095,4,4.92327615311671,32.917500000000004
BRCA1,A1293V,1293.0,P38398,0,34.47,33.55181818181818,7,5.6656923918011515,31.647142857142857
BRCA1,E1282V,1282.0,P38398,0,31.58,30.55818181818182,4,5.2998133554261635,30.467499999999994
BRCA1,N1268S,1268.0,P38398,0,27.14,27.819999999999997,4,4.998011847517683,27.545
BRCA1,L1267S,1267.0,P38398,0,27.52,28.44545454545454,4,5.2099829176639965,28.009999999999998
BRCA1,T1249S,1249.0,P38398,0,25.270000000000003,26.233636363636368,4,5.106360652003556,25.03
BRCA1,E1221A,1221.0,P38398,0,31.619999999999997,32.81545454545455,4,5.59708628201951,35.565
BRCA1,G1205R,1205.0,P38398,0,29.09,28.87090909090909,4,5.406114912543618,28.33
BRCA1,D1152N,1152.0,P38398,0,28.05,30.41545454545455,4,5.247697983925783,29.43
BRCA1,V1088D,1088.0,P38398,0,28.270000000000003,28.129090909090905,4,5.316960553461346,29.0325
BRCA1,L1086S,1086.0,P38398,0,28.84,28.38090909090909,4,5.1175732254094735,28.160000000000004
BRCA1,E1060A,1060.0,P38398,0,31.27,29.020909090909086,8,5.80978080277343,30.9725
BRCA1,E1038G,1038.0,P38398,0,24.0,27.37090909090909,4,5.433492045809288,26.607499999999998
BRCA1,E1038A,1038.0,P38398,0,24.0,27.37090909090909,4,5.433492045809288,26.607499999999998
BRCA1,I1019V,1019.0,P38398,0,28.62,28.778181818181817,4,5.190574634004287,29.295
BRCA1,M1014V,1014.0,P38398,0,27.64,29.292727272727276,7,5.287825993510715,31.192857142857143
BRCA1,S988A,988.0,P38398,0,24.89,28.931818181818183,4,4.888555462302088,29.512499999999996
BRCA1,L965F,965.0,P38398,0,27.19,30.34,4,4.889979023372132,29.5525
BRCA1,I917M,917.0,P38398,0,29.98,27.994545454545456,4,5.434723063880071,29.475
BRCA1,N913K,913.0,P38398,0,28.34,27.60363636363636,4,5.306255368512891,27.855000000000004
BRCA1,N909I,909.0,P38398,0,25.0,26.834545454545456,4,5.132230009239376,25.8425
BRCA1,G890R,890.0,P38398,0,34.06,29.770909090909093,4,5.468512217211165,28.939999999999998
BRCA1,N877S,877.0,P38398,0,29.62,30.037272727272725,4,5.193210711923204,29.245
BRCA1,R866C,866.0,P38398,0,43.90999999999999,46.04363636363637,5,5.071641117206792,44.333999999999996
BRCA1,R841Q,841.0,P38398,0,26.160000000000004,27.88090909090909,4,5.219023752836669,25.9525
BRCA1,E827D,827.0,P38398,0,31.880000000000003,35.08272727272727,4,5.248279513221012,32.870000000000005
BRCA1,H816R,816.0,P38398,0,33.029999999999994,36.68090909090909,4,5.34072832297851,34.045
BRCA1,A807S,807.0,P38398,0,23.09,28.799999999999997,4,5.455529793228375,26.075
BRCA1,P798L,798.0,P38398,0,34.0,31.189090909090908,4,5.478042231753322,31.152499999999996
BRCA1,V788I,788.0,P38398,0,27.449999999999996,28.14636363636364,4,5.200975209088316,26.87
BRCA1,R756K,756.0,P38398,0,26.910000000000004,26.773636363636356,4,5.0036286416588105,27.555
BRCA1,S741F,741.0,P38398,0,30.139999999999997,30.907272727272723,4,5.227364526234237,31.9925
BRCA1,E736A,736.0,P38398,0,25.89,27.495454545454546,4,5.152437287140829,26.4
BRCA1,R728K,728.0,P38398,0,23.59,26.44363636363637,4,5.458847431132888,25.995
BRCA1,D695N,695.0,P38398,0,31.36,29.819999999999997,4,5.161666235525831,29.582499999999996
BRCA1,H662R,662.0,P38398,0,28.75,28.780000000000005,4,5.055099829960399,28.855
BRCA1,P633S,633.0,P38398,0,41.589999999999996,28.14545454545454,4,5.37891109833755,25.610000000000003
BRCA1,S632N,632.0,P38398,0,23.78,28.08,4,5.5211509711654205,30.122499999999995
BRCA1,S628R,628.0,P38398,0,27.16,30.176363636363636,4,5.493342724562712,28.6875
BRCA1,V627I,627.0,P38398,0,28.860000000000007,29.551818181818188,4,5.247775221483457,29.36
BRCA1,I571T,571.0,P38398,0,25.81,28.80272727272727,4,5.2517268776802,28.9325
BRCA1,K503R,503.0,P38398,0,34.19,34.26090909090909,4,5.139265796626081,35.8425
BRCA1,H476R,476.0,P38398,0,30.45,31.954545454545453,4,5.397825397537899,31.0025
BRCA1,I456T,456.0,P38398,0,32.03,29.178181818181816,4,5.05551775473032,27.615
BRCA1,S454N,454.0,P38398,0,26.56,26.703636363636363,4,5.1064987927660885,26.555
BRCA1,D420Y,420.0,P38398,0,29.48,29.621818181818185,5,4.9540599298075,30.296
BRCA1,N417S,417.0,P38398,0,28.22,31.85272727272727,4,5.18173217256054,30.0625
BRCA1,D411E,411.0,P38398,0,32.78,32.960909090909084,4,5.1128370594843,33.2875
BRCA1,D411N,411.0,P38398,0,32.78,32.960909090909084,4,5.1128370594843,33.2875
BRCA1,K408E,408.0,P38398,0,32.09,32.38818181818181,4,5.283197137493815,32.0125
BRCA1,I379M,379.0,P38398,0,57.59,53.25,8,5.096911090279581,52.730000000000004
BRCA1,P334H,334.0,P38398,0,34.34,28.9009090909091,4,5.359966542836204,28.0725
BRCA1,R332Q,332.0,P38398,0,27.420000000000005,28.517272727272733,8,5.558803963727967,30.21
BRCA1,A322P,322.0,P38398,0,29.420000000000005,28.08272727272727,4,5.106315723258565,29.2625
BRCA1,M297L,297.0,P38398,0,37.41,33.22727272727272,4,5.285815991398178,34.48
BRCA1,V271L,271.0,P38398,0,32.19,30.499090909090906,4,5.085854966854953,31.0375
BRCA1,V271M,271.0,P38398,0,32.19,30.499090909090906,4,5.085854966854953,31.0375
BRCA1,R252H,252.0,P38398,0,30.95,31.44454545454545,4,5.161019955257396,31.5925
BRCA1,D245V,245.0,P38398,0,32.69,30.467272727272725,4,5.217156259258487,28.47
BRCA1,D232N,232.0,P38398,0,27.2,28.1490909090909,4,5.468833041017682,29.4525
BRCA1,T231M,231.0,P38398,0,28.91,27.960909090909094,5,5.778193843419388,28.43
BRCA1,A221S,221.0,P38398,0,35.84,34.00909090909091,4,5.615358339948165,34.62
BRCA1,R213G,213.0,P38398,0,34.12,33.92909090909091,4,5.729316668105501,32.7325
BRCA1,L204F,204.0,P38398,0,34.19,33.343636363636364,4,5.556787438332319,32.8225
BRCA1,R170Q,170.0,P38398,0,32.12,34.01727272727273,4,5.269146266596964,34.5775
BRCA1,L165P,165.0,P38398,0,33.88,33.53818181818181,4,5.329721845965895,34.5925
BRCA1,L147F,147.0,P38398,0,34.19,33.702727272727266,6,6.26398206746545,32.395
BRCA1,S127N,127.0,P38398,0,36.12,34.46181818181819,5,5.769161596240183,42.986000000000004
BRCA1,L87V,87.0,P38398,0,91.31,90.93272727272728,8,5.134671986994319,91.0325
BRCA1,I42V,42.0,P38398,0,91.56,90.45454545454547,9,5.673052891776452,91.22111111111111
BRCA1,I31M,31.0,P38398,0,92.44,90.41,11,5.567025281699105,91.08363636363636
BRCA1,I15L,15.0,P38398,0,90.81,89.1190909090909,10,5.652982873145178,89.625
FANCJ,R106H,106.0,Q9BX63,0,30.62,29.715454545454545,4,5.273425194193377,29.07
BTK,Y551F,551.0,Q06187,0,71.25,72.9090909090909,12,5.717799361255431,76.70333333333333
BTK,Y223F,223.0,Q06187,0,88.38,89.60818181818182,11,5.860394533360874,89.19181818181818
CBL,S80N,80.0,P22681,0,78.38,86.62454545454547,8,6.004249611213815,85.85875
CBL,H94Y,94.0,P22681,0,97.55999999999999,96.75545454545454,10,5.549659379980395,96.857
CBL,Q249E,249.0,P22681,0,93.12,94.45454545454545,11,5.799033041863232,94.08000000000001
CBL,M374V,374.0,P22681,0,76.75,80.35272727272726,6,5.005279425156533,79.585
CBL,P428L,428.0,P22681,0,83.43999999999998,82.77272727272728,10,5.866497386474538,75.613
CBL,V430M,430.0,P22681,0,82.75,79.92545454545456,10,5.613499251757047,74.811
CBL,N454D,454.0,P22681,0,40.5,44.95181818181818,4,5.466688975981165,45.2275
CBLB,N883D,883.0,Q13191,0,35.28,36.684545454545464,4,5.48773945796193,35.75
CADH1,V556M,556.0,P12830,0,91.43999999999998,90.81363636363635,12,5.760335154562668,91.3975
CDK12,K975E,975.0,Q9NYV4,0,78.12,88.51636363636364,5,5.776751565125591,85.91
CDK12,T1195I,1195.0,Q9NYV4,0,24.53,29.767272727272722,4,5.462273430831388,28.25
CHK2,I448S,448.0,O96017,0,92.94,93.02181818181818,6,5.343279236161812,93.125
CRLF2,D132N,132.0,Q9HC73,0,93.12,95.73272727272729,10,5.655032865321376,94.56300000000002
DDR2,H246R,246.0,Q16832,0,72.19000000000001,79.0390909090909,7,6.3258330907316305,81.74000000000001
DDR2,E655K,655.0,Q16832,0,88.5,88.97727272727273,11,6.092238623783734,89.9218181818182
ECT2L,F4L,4.0,Q008S8,0,43.56,40.82555555555556,5,5.565514202101465,42.4
ECT2L,F77S,77.0,Q008S8,0,81.88,72.71909090909091,7,5.330369564445661,79.0442857142857
ECT2L,D525N,525.0,Q008S8,0,41.72,45.38,8,5.325520757824449,44.995000000000005
ECT2L,E527K,527.0,Q008S8,0,37.84,42.028181818181814,7,5.185582323344627,42.11571428571428
ERBB2,L49H,49.0,P04626,0,89.62,92.17181818181818,12,6.011849607767407,89.59500000000001
ERBB2,T276M,276.0,P04626,0,77.56000000000002,77.52181818181818,6,5.475487502655785,74.77
ERBB2,N319D,319.0,P04626,0,85.75,84.55818181818181,11,5.377800973582941,84.88181818181819
ERBB2,D326G,326.0,P04626,0,77.81,85.04,4,4.694900428201664,80.5775
ERBB2,R647K,647.0,P04626,0,35.44,41.18727272727273,4,5.036120719943528,39.0775
ERBB2,K676R,676.0,P04626,0,76.44,75.84454545454545,8,5.036303204615251,76.47749999999999
ERBB2,R678Q,678.0,P04626,0,75.88,72.32181818181817,8,5.039828929225128,72.5275
ERBB2,Q680R,680.0,P04626,0,65.12,68.27363636363637,8,5.023202012252816,68.4975
ERBB2,V750E,750.0,P04626,0,90.81000000000002,84.54636363636364,13,5.562752155982565,87.13000000000001
ERBB2,K753A,753.0,P04626,0,86.5,79.11181818181818,11,5.428245559254274,85.09181818181818
ERBB2,K753E,753.0,P04626,0,86.5,79.11181818181818,11,5.428245559254274,85.09181818181818
ERBB2,K753M,753.0,P04626,0,86.5,79.11181818181818,11,5.428245559254274,85.09181818181818
ERBB2,S760A,760.0,P04626,0,52.75,58.799090909090914,6,5.109411181053487,54.85
ERBB2,Y835F,835.0,P04626,0,93.55999999999999,91.30545454545455,9,5.318865635527708,90.70666666666666
ERBB2,I655V,655.0,P04626,0,55.44,55.18090909090908,7,5.162313009932203,56.59571428571429
ERBB2,A1186D,1186.0,P04626,0,22.91,25.59909090909091,6,5.574762639706262,44.79333333333333
ERBB2,Y1248F,1248.0,P04626,0,40.56,33.23454545454545,9,5.7166233236142885,53.47888888888889
ERBB3,G40S,40.0,P21860,0,73.81,80.65454545454546,7,5.70331088724705,78.9042857142857
ERBB3,V104M,104.0,P21860,0,91.12,92.99272727272727,15,6.039038929459332,90.866
ERBB3,D297Y,297.0,P21860,0,90.31,87.50999999999999,11,5.8116810432435555,89.76636363636364
ERBB3,V714M,714.0,P21860,0,91.56000000000002,86.00545454545454,9,5.7351259979571925,89.30000000000001
ERBB4,H618P,618.0,Q15303,0,91.88,90.61363636363637,10,5.769778485102885,90.04400000000001
ERBB4,V348L,348.0,Q15303,0,97.5,94.4509090909091,14,6.347079100408114,96.07214285714288
ERBB4,D245G,245.0,Q15303,0,96.5,94.9709090909091,13,6.095444795225451,95.70615384615384
ERBB4,T244R,244.0,Q15303,0,96.18999999999998,95.26636363636362,7,5.023919512671874,94.46428571428571
ERBB4,N181S,181.0,Q15303,0,70.38,77.57,4,4.757770474541261,75.75
ERCC2,R450H,450.0,P18074,0,84.69000000000001,88.4309090909091,7,5.304310176145633,85.70285714285716
ERCC2,I444L,444.0,P18074,0,88.0,87.63545454545455,11,5.808341322498261,87.86818181818182
XPF,R415Q,415.0,Q92889,0,83.25,85.38636363636364,6,4.920836484908826,84.66666666666667
ERCC5,Q256R,256.0,P28715,0,79.12,74.95363636363636,9,5.440372355894201,72.79444444444444
ERCC5,C529S,529.0,P28715,0,33.41,37.33545454545454,4,5.471833026034965,38.9675
ESR1,E247K,247.0,P03372,0,94.5,92.72727272727273,7,5.358458279729459,94.98142857142855
ESR1,R269C,269.0,P03372,0,37.12,39.11636363636364,4,5.233613459930256,35.4075
ESR1,V392I,392.0,P03372,0,98.56000000000002,98.04545454545455,14,5.867877643949901,98.09285714285716
ESR1,S432L,432.0,P03372,0,98.0,97.55545454545455,12,5.3276906935753106,97.79583333333333
ESR1,V534E,534.0,P03372,0,88.0,91.0281818181818,9,5.8272545794788915,91.4088888888889
ESR1,P535H,535.0,P03372,0,88.62,91.37454545454545,7,6.178253822464005,90.84857142857143
ESR1,R555C,555.0,P03372,0,36.529999999999994,37.149090909090916,4,4.8128288711042835,32.1125
EXT2,S75G,75.0,Q93063,0,92.06,92.28363636363635,7,5.332237869572305,92.17857142857143
FANCA,T1328A,1328.0,O15360,0,80.31000000000002,82.02818181818182,9,5.456674972023649,81.33333333333333
FANCA,V1287I,1287.0,O15360,0,83.12,81.29454545454544,11,5.762912598784783,79.46272727272726
FANCA,S1088F,1088.0,O15360,0,76.69,78.72636363636364,11,5.486196176981315,77.75999999999999
FANCA,G809D,809.0,O15360,0,51.44,59.718181818181804,5,5.374482652598251,57.528
FANCA,Q417H,417.0,O15360,0,89.12,88.8809090909091,11,5.784652083950962,88.13727272727274
FANCA,A412V,412.0,O15360,0,90.44,90.53363636363636,8,5.132430792886675,90.67875000000001
FANCA,D252G,252.0,O15360,0,45.88,54.01999999999999,5,5.002405689649153,49.124
FANCA,K249E,249.0,O15360,0,64.38,64.46363636363635,5,5.435258942075903,68.36
FANCC,G139E,139.0,Q00597,0,56.12,55.223636363636366,6,5.242604711480594,57.203333333333326
FACD2,L456R,456.0,Q9BXW9,0,94.44,94.14363636363636,9,5.365408939928773,93.45888888888891
FACD2,Q623P,623.0,Q9BXW9,0,82.81,88.8281818181818,8,6.339270892446166,89.55375000000001
FACD2,P714L,714.0,Q9BXW9,0,31.56,38.18636363636363,4,5.251123624521415,33.065
FANCG,S378L,378.0,O15287,0,43.47,60.56272727272728,5,5.517694684367012,62.343999999999994
FANCG,T297I,297.0,O15287,0,96.68999999999998,96.15363636363635,6,5.0660981351225125,96.71
TNR6,A16T,16.0,P25445,0,43.62,43.061818181818175,6,5.360607310502417,43.083333333333336
FBXW7,R689Q,689.0,Q969H0,0,92.69000000000001,96.38636363636364,10,6.714483506160309,95.981
FBXW7,R658Q,658.0,Q969H0,0,98.37999999999998,98.24,8,5.719437338485329,98.57
FBXW7,S462Y,462.0,Q969H0,0,98.69,98.68272727272728,10,5.583519010072996,98.75
FBXW7,I347M,347.0,Q969H0,0,83.81,79.51727272727273,4,5.159105029210693,81.685
FBXW7,T205A,205.0,Q969H0,0,30.32999999999999,32.20727272727273,4,5.1247246193327065,31.955
FGFR1,A263V,263.0,P11362,0,95.25,94.16363636363636,10,6.0253888238334605,95.85
FUMH,Q376P,376.0,P07954,0,98.69,97.84636363636363,10,5.611614314116824,98.588
FUMH,P174R,174.0,P07954,0,98.31000000000002,98.22727272727273,8,6.021143259248137,98.5175
FLCN,E303K,303.0,Q8NFG4,0,48.09,47.98727272727273,8,5.754241918680123,47.42875
FLT3,G831E,831.0,P36888,0,65.44,74.97,9,6.056253379223382,67.52111111111111
FLT3,M737I,737.0,P36888,0,31.89,32.199999999999996,4,5.512553362780117,34.0
FLT3,Y364H,364.0,P36888,0,77.55999999999999,84.81181818181818,4,4.949055178917135,80.3275
FLT3,D324N,324.0,P36888,0,91.0,91.58545454545455,8,5.814869761300129,91.50874999999999
FLT3,T167A,167.0,P36888,0,74.0,71.72454545454546,8,5.649554254865638,74.45625000000001
HNF1A,I27L,27.0,P20823,0,82.38,77.82363636363635,8,5.118038466725146,79.8125
HNF1A,A98V,98.0,P20823,0,87.31,85.09090909090911,8,5.102395492628746,84.9225
HNF1A,T196A,196.0,P20823,0,38.56,43.02909090909091,4,4.890890879611152,37.3175
IDHP,A416V,416.0,P48735,0,97.88,97.00545454545455,14,5.81472123932297,97.11214285714287
IDHP,T331M,331.0,P48735,0,92.88,92.55272727272727,16,6.128386474265275,94.66437499999999
IDHP,V294M,294.0,P48735,0,98.12,97.89181818181818,8,5.225496021771195,97.95375
IDHP,E268D,268.0,P48735,0,98.69,98.56181818181818,8,5.262267277068654,98.655
IDHP,G137E,137.0,P48735,0,87.69,91.60090909090908,8,5.318100407356464,91.53
IDHP,A47V,47.0,P48735,0,97.75,97.84636363636363,6,5.971248370884896,98.37333333333333
JAK2,V617F,617.0,O60674,0,92.81000000000002,91.59727272727272,12,6.327322657272139,91.90166666666666
VGFR2,C482R,482.0,P35968,0,67.25,64.88818181818182,9,5.835422771568659,69.15777777777777
VGFR2,Q472H,472.0,P35968,0,36.09,40.57545454545455,5,5.600748481390749,36.706
VGFR2,V297I,297.0,P35968,0,89.12,89.5909090909091,14,6.108067624920116,89.41642857142858
KIT,M541L,541.0,P10721,0,86.38,84.89818181818181,8,4.99157402988671,85.195
KIT,E839K,839.0,P10721,0,90.25,88.81818181818181,10,5.599881398287589,85.644
MP2K4,R134Q,134.0,P45985,0,83.25,84.78454545454547,9,5.705035206572995,82.3488888888889
MP2K4,A279T,279.0,P45985,0,71.5,74.63090909090909,7,5.38234617783911,78.77857142857144
M3K1,E1286V,1286.0,Q13233,0,66.06,67.38000000000001,8,5.13913296714205,66.9375
MEN1,T546A,546.0,O00255,0,55.72000000000001,64.68181818181819,6,5.805144530905309,64.21333333333334
MET,G24E,24.0,P08581,0,43.34,46.88363636363636,5,4.993763701200488,51.888
MET,Y205C,205.0,P08581,0,57.529999999999994,76.86636363636364,7,5.922226372652474,76.39142857142858
MET,P351A,351.0,P08581,0,80.75,89.30727272727272,5,5.404868663544479,86.176
MET,A354D,354.0,P08581,0,84.5,88.75545454545455,11,6.392675866579126,90.07999999999998
MET,I367V,367.0,P08581,0,95.12,93.59636363636363,11,5.735144537137102,94.33545454545455
MET,R413G,413.0,P08581,0,48.84000000000001,62.26636363636364,4,5.137563897982318,53.305
MET,F434C,434.0,P08581,0,90.94000000000001,89.83000000000001,11,5.938188292853234,91.54
MET,V486A,486.0,P08581,0,97.25,94.03454545454547,17,6.055356825432007,95.54823529411766
MET,H644Y,644.0,P08581,0,84.19000000000001,90.35909090909091,9,6.151428547118737,87.04333333333334
MET,H979Y,979.0,P08581,0,30.690000000000005,30.89363636363636,4,5.272677201731457,32.1825
MET,R1086K,1086.0,P08581,0,67.0,69.87090909090908,8,5.776786758637873,70.95125
MET,M1192I,1192.0,P08581,0,97.31,95.86818181818184,11,5.685007887989808,95.7209090909091
MLH1,I25T,25.0,P40692,0,89.25,87.38545454545455,12,5.895606673622162,87.33833333333332
MLH1,A29S,29.0,P40692,0,93.5,91.25454545454545,10,5.475273485725525,93.493
MLH1,I32V,32.0,P40692,0,94.69,93.03818181818183,13,6.159741087366994,94.27769230769232
MLH1,D41H,41.0,P40692,0,90.38,93.44454545454545,10,5.7622430313361015,85.282
MLH1,S44A,44.0,P40692,0,95.31,94.55818181818182,14,5.875086164876348,94.66642857142858
MLH1,E53A,53.0,P40692,0,92.56,94.68727272727273,10,5.853760510117861,93.71900000000001
MLH1,Q62K,62.0,P40692,0,97.12,96.16454545454545,11,5.736037098764079,97.12454545454547
MLH1,G67R,67.0,P40692,0,94.38,95.12545454545456,13,5.655447303142993,95.54769230769232
MLH1,I68V,68.0,P40692,0,95.38,94.81363636363636,11,6.2394705437298805,95.43181818181819
MLH1,R69K,69.0,P40692,0,94.55999999999999,94.45545454545454,10,6.067003550680465,94.48200000000001
MLH1,C77R,77.0,P40692,0,92.56,90.25999999999999,14,6.14407767765906,91.37785714285714
MLH1,A92P,92.0,P40692,0,60.06,66.68727272727273,7,5.25279303683528,70.97285714285714
MLH1,S93G,93.0,P40692,0,64.62,66.19272727272728,8,5.58508028094061,69.695
MLH1,S95A,95.0,P40692,0,65.31,66.2781818181818,6,6.028235898894337,72.53
MLH1,G98S,98.0,P40692,0,67.06,71.29636363636362,11,6.393073168459335,80.33181818181816
MLH1,G101S,101.0,P40692,0,77.38,78.47272727272728,11,5.644653379621865,82.0281818181818
MLH1,G101D,101.0,P40692,0,77.38,78.47272727272728,11,5.644653379621865,82.0281818181818
MLH1,T116K,116.0,P40692,0,97.18999999999998,95.82363636363635,12,5.810998742873128,96.46750000000002
MLH1,T117M,117.0,P40692,0,97.56000000000002,95.46545454545456,16,6.032455567824195,95.735
MLH1,Y126N,126.0,P40692,0,97.0,94.29,14,5.922480767048337,95.07642857142858
MLH1,R127K,127.0,P40692,0,96.94000000000001,93.95454545454545,12,5.721723155743188,96.3175
MLH1,L135V,135.0,P40692,0,93.12,92.09,12,6.152511685440746,92.85833333333335
MLH1,A160V,160.0,P40692,0,85.69,87.75545454545454,8,5.512643075260852,87.59375
MLH1,L166F,166.0,P40692,0,82.5,85.54636363636361,9,6.051964547023616,85.77111111111111
MLH1,R182G,182.0,P40692,0,95.44000000000001,95.0218181818182,10,5.622143577975023,94.874
MLH1,E199Q,199.0,P40692,0,92.12,92.10909090909091,7,5.501417013626051,91.37714285714286
MLH1,V213L,213.0,P40692,0,94.93999999999998,93.05727272727272,9,5.759540129933008,93.93777777777778
MLH1,V213A,213.0,P40692,0,94.93999999999998,93.05727272727272,9,5.759540129933008,93.93777777777778
MLH1,N215S,215.0,P40692,0,94.88,93.67636363636362,13,5.602183811213384,93.7830769230769
MLH1,I216S,216.0,P40692,0,94.88,93.58545454545455,12,5.605274518514754,93.25916666666666
MLH1,R217C,217.0,P40692,0,94.05999999999999,93.30090909090909,12,5.399962159885085,92.5625
MLH1,L260F,260.0,P40692,0,94.75,91.59545454545456,13,6.109619699323902,93.4423076923077
MLH1,H264R,264.0,P40692,0,88.62,91.20363636363636,10,6.291044270783128,89.662
MLH1,R265C,265.0,P40692,0,88.12,90.66909090909091,7,5.176264941878768,87.58
MLH1,R265H,265.0,P40692,0,88.12,90.66909090909091,7,5.176264941878768,87.58
MLH1,L272V,272.0,P40692,0,91.19,91.21,8,5.2240628633220965,91.35875
MLH1,A281V,281.0,P40692,0,90.12,90.16454545454546,9,5.620437665306567,89.91000000000001
MLH1,K286Q,286.0,P40692,0,85.25,89.86363636363636,5,5.438032123580127,88.762
MLH1,S295G,295.0,P40692,0,95.38,92.26545454545455,13,5.924314821640224,93.43153846153844
MLH1,E320D,320.0,P40692,0,89.81,88.37909090909092,6,5.0067911622440135,89.35166666666667
MLH1,N338S,338.0,P40692,0,57.88,65.65090909090908,8,5.424900220676886,71.15125
MLH1,A353V,353.0,P40692,0,37.69,37.667272727272724,4,5.298014370151726,37.4375
MLH1,T364A,364.0,P40692,0,31.32999999999999,34.31272727272727,4,5.4617980216122355,33.1025
MLH1,H381Y,381.0,P40692,0,64.69000000000001,53.47454545454547,5,5.203846889557828,55.538
MLH1,V384D,384.0,P40692,0,54.34000000000002,57.63090909090909,5,5.423791849202263,56.34400000000001
MLH1,R385P,385.0,P40692,0,47.31000000000001,58.469090909090916,5,5.495682905243733,55.976
MLH1,R389Q,389.0,P40692,0,72.12,58.6390909090909,4,5.015587071882791,62.1675
MLH1,L400V,400.0,P40692,0,35.5,41.26272727272727,4,5.080991621226638,40.72
MLH1,P403S,403.0,P40692,0,33.16,36.79636363636364,4,5.535543117786397,34.78
MLH1,T413I,413.0,P40692,0,31.88,33.119090909090914,4,5.507168941372383,32.6075
MLH1,K416E,416.0,P40692,0,35.09,33.93454545454545,4,5.43831198408342,33.43
MLH1,D418E,418.0,P40692,0,32.97,34.400909090909096,4,5.369054735838116,35.54
MLH1,S420C,420.0,P40692,0,36.44,34.235454545454544,4,5.347467768026714,35.0225
MLH1,E433Q,433.0,P40692,0,26.62,29.95090909090909,4,5.369321278486906,28.905
MLH1,P435L,435.0,P40692,0,31.479999999999997,29.873636363636365,4,5.41796017521593,31.07
MLH1,K443Q,443.0,P40692,0,31.86,29.88272727272727,4,5.3762678115881055,29.44
MLH1,G454R,454.0,P40692,0,32.03,30.831818181818186,4,5.311011351475768,31.019999999999996
MLH1,M458K,458.0,P40692,0,30.06,30.026363636363634,4,5.478651116978801,30.4375
MLH1,S459L,459.0,P40692,0,29.98,30.33909090909091,4,5.51826346372384,29.635
MLH1,E460A,460.0,P40692,0,28.700000000000003,29.989999999999995,4,5.5522759263942145,29.285
MLH1,K461N,461.0,P40692,0,28.05,29.83818181818182,4,5.520688903629902,28.892500000000002
MLH1,N468D,468.0,P40692,0,27.11,29.120909090909095,4,5.213830307147298,30.315
MLH1,R474W,474.0,P40692,0,31.110000000000003,29.173636363636366,4,5.453205603099153,28.102500000000003
MLH1,R474Q,474.0,P40692,0,31.110000000000003,29.173636363636366,4,5.453205603099153,28.102500000000003
MLH1,D485H,485.0,P40692,0,32.56,34.67818181818182,5,5.258801766187846,35.744
MLH1,R487Q,487.0,P40692,0,39.34000000000001,38.35545454545454,5,5.273122547471907,35.42
MLH1,A492T,492.0,P40692,0,50.47,46.43181818181818,10,5.552852583121672,72.232
MLH1,P496R,496.0,P40692,0,52.06,60.56818181818182,4,5.2220727448539375,56.14750000000001
MLH1,P496L,496.0,P40692,0,52.06,60.56818181818182,4,5.2220727448539375,56.14750000000001
MLH1,V506A,506.0,P40692,0,91.81000000000002,90.65363636363637,13,6.134714996227263,91.35615384615383
MLH1,E515K,515.0,P40692,0,91.81,90.81181818181818,6,5.015236494354663,91.44833333333334
MLH1,R522Q,522.0,P40692,0,90.19000000000001,89.88545454545455,12,5.610547079329568,89.60333333333334
MLH1,E523D,523.0,P40692,0,89.88,90.34,8,5.163753586383219,90.0375
MLH1,A539D,539.0,P40692,0,93.88,91.46727272727274,14,5.915976967278165,91.88357142857141
MLH1,Q542L,542.0,P40692,0,92.75,92.52909090909091,12,5.69796884348107,92.72416666666668
MLH1,L549P,549.0,P40692,0,94.31,92.98181818181818,13,5.960369141829701,92.65538461538462
MLH1,N551T,551.0,P40692,0,94.31,93.59545454545454,11,5.504395992742567,92.98272727272727
MLH1,P581L,581.0,P40692,0,95.62,92.36818181818181,9,5.329649847619773,93.5688888888889
MLH1,L582V,582.0,P40692,0,94.94,92.71545454545456,13,5.92838857134484,94.02307692307694
MLH1,L585R,585.0,P40692,0,93.81,93.66454545454545,13,5.790313494819965,93.71076923076924
MLH1,L588P,588.0,P40692,0,92.44,91.50545454545454,9,5.283686382360244,92.02666666666669
MLH1,P603R,603.0,P40692,0,90.12,87.3409090909091,7,5.669842744309924,87.48285714285713
MLH1,L607H,607.0,P40692,0,91.56,91.66454545454546,9,5.408401879761438,91.3477777777778
MLH1,K618A,618.0,P40692,0,93.5,93.82909090909092,8,5.316874338094971,93.92125
MLH1,K618R,618.0,P40692,0,93.5,93.82909090909092,8,5.316874338094971,93.92125
MLH1,A619P,619.0,P40692,0,93.69,93.60181818181817,12,5.781767665208768,93.84249999999999
MLH1,L622H,622.0,P40692,0,94.5,93.28909090909089,11,5.4292850041543455,93.33454545454546
MLH1,A623S,623.0,P40692,0,93.19,93.30636363636363,11,5.277662634306385,93.58454545454546
MLH1,N635S,635.0,P40692,0,94.31,92.96636363636364,11,5.367921369286825,92.81181818181818
MLH1,P640S,640.0,P40692,0,93.88,91.5690909090909,11,5.471749659155588,91.92636363636363
MLH1,P640L,640.0,P40692,0,93.88,91.5690909090909,11,5.471749659155588,91.92636363636363
MLH1,N645S,645.0,P40692,0,83.5,89.51272727272728,5,5.671025017387235,88.814
MLH1,Y646C,646.0,P40692,0,89.44000000000001,88.93818181818183,9,6.1203903935034125,89.3
MLH1,V647M,647.0,P40692,0,89.18999999999998,88.65363636363637,6,6.144875592479839,89.89666666666666
MLH1,I655V,655.0,P40692,0,92.94,92.50454545454546,12,5.881005762503267,91.60333333333334
MLH1,I655T,655.0,P40692,0,92.94,92.50454545454546,12,5.881005762503267,91.60333333333334
MLH1,F656S,656.0,P40692,0,94.44000000000001,92.73181818181818,11,5.601467363085852,93.7209090909091
MLH1,R659Q,659.0,P40692,0,93.94000000000001,93.44272727272728,10,5.386805784938116,93.662
MLH1,T662P,662.0,P40692,0,91.25,93.24909090909091,6,5.13957400162024,93.59333333333332
MLH1,E663G,663.0,P40692,0,93.0,93.09636363636363,8,5.885298501050923,93.985
MLH1,E663D,663.0,P40692,0,93.0,93.09636363636363,8,5.885298501050923,93.985
MLH1,W666R,666.0,P40692,0,93.11999999999999,92.98363636363638,7,5.72287666883548,93.42142857142858
MLH1,E668K,668.0,P40692,0,92.94,93.57454545454544,7,5.370829583830612,93.38428571428572
MLH1,A681T,681.0,P40692,0,95.56,94.4218181818182,15,5.720630545404138,94.85466666666667
MLH1,L724M,724.0,P40692,0,91.56,88.80636363636363,13,5.908690002087299,89.92153846153846
MLH1,L729V,729.0,P40692,0,90.5,88.09454545454547,11,6.286487458854179,88.96545454545455
MLH1,K751R,751.0,P40692,0,71.62,72.61,8,5.256897425943194,73.40625
TPOR,T374A,374.0,P40238,0,87.81000000000002,88.7209090909091,7,5.404803443794671,86.66857142857143
TPOR,W515P,515.0,P40238,0,74.94000000000003,73.49,7,5.236069764662413,74.56428571428572
TPOR,W515C,515.0,P40238,0,74.94000000000003,73.49,7,5.236069764662413,74.56428571428572
MSH2,A2T,2.0,P43246,0,39.16,44.15571428571428,4,5.408353815396964,52.28
MSH2,T44M,44.0,P43246,0,92.75,89.76636363636364,13,5.933142966988895,91.7969230769231
MSH2,A45V,45.0,P43246,0,93.81,90.28818181818183,14,5.915911124629514,92.86500000000001
MSH2,A72L,72.0,P43246,0,57.61999999999999,71.61272727272727,6,5.332139753823977,64.29166666666667
MSH2,V102I,102.0,P43246,0,94.43999999999998,86.9309090909091,12,5.6098994085013665,91.96833333333332
MSH2,M141V,141.0,P43246,0,47.47,55.61272727272728,6,5.730418422865514,58.02166666666667
MSH2,I145M,145.0,P43246,0,67.44,70.53454545454545,13,6.308879924856634,78.33769230769231
MSH2,I169V,169.0,P43246,0,75.12,86.99727272727273,9,6.095662179099545,77.06777777777776
MSH2,A189S,189.0,P43246,0,90.69,90.41363636363636,12,5.4791777322275435,90.52
MSH2,C199R,199.0,P43246,0,94.31,88.9918181818182,14,5.879423643629506,91.50428571428571
MSH2,G203R,203.0,P43246,0,82.56,83.69727272727272,8,5.4323591833262235,86.53875
MSH2,A207S,207.0,P43246,0,74.0,80.15363636363637,6,5.115340356013905,78.76166666666667
MSH2,I216V,216.0,P43246,0,86.38,85.46636363636364,10,5.597732698448532,86.718
MSH2,I237V,237.0,P43246,0,88.69,89.00090909090909,11,5.808575456952661,90.21636363636364
MSH2,K248E,248.0,P43246,0,63.03,72.61727272727272,7,5.925587314291817,66.36571428571428
MSH2,N331D,331.0,P43246,0,93.38,93.48909090909092,12,5.99809609007779,94.95333333333333
MSH2,P336S,336.0,P43246,0,88.38,92.62545454545456,12,6.09490453014467,81.09583333333335
MSH2,V342I,342.0,P43246,0,95.56000000000002,93.05181818181819,12,5.7334872830025185,93.75166666666667
MSH2,N361S,361.0,P43246,0,98.5,98.28363636363635,10,5.543076022358446,97.66199999999999
MSH2,A370T,370.0,P43246,0,95.0,96.6190909090909,8,5.461175698448451,96.59375
MSH2,Y408C,408.0,P43246,0,94.80999999999999,93.53454545454547,11,5.6314936506293245,93.69818181818182
MSH2,Q419K,419.0,P43246,0,97.25,96.13545454545455,8,5.125583242302893,96.49125000000001
MSH2,T441P,441.0,P43246,0,97.88,97.34636363636363,10,5.6348088728453565,97.36200000000001
MSH2,V470E,470.0,P43246,0,89.81000000000002,85.7781818181818,11,5.989273066628676,88.88
MSH2,S473L,473.0,P43246,0,87.94,88.90818181818182,7,5.3795029189913475,89.5257142857143
MSH2,D487E,487.0,P43246,0,95.25,93.54090909090907,8,5.1853631769457005,93.74375
MSH2,G508S,508.0,P43246,0,80.75,86.56818181818181,7,5.492109010747645,87.23285714285716
MSH2,F519L,519.0,P43246,0,83.94000000000001,87.73363636363636,7,5.692572162151214,86.26857142857143
MSH2,N547S,547.0,P43246,0,77.88,86.03090909090909,6,5.7095238423426045,83.51166666666667
MSH2,S554T,554.0,P43246,0,89.88,91.63636363636364,8,5.850874221067631,90.74000000000001
MSH2,E561K,561.0,P43246,0,92.25,92.84636363636363,8,5.1793559071195805,92.9375
MSH2,I577T,577.0,P43246,0,91.38,91.23363636363636,9,5.5028894746998125,90.90333333333335
MSH2,M592V,592.0,P43246,0,93.5,92.57363636363635,11,5.573740684985959,91.2390909090909
MSH2,N596S,596.0,P43246,0,94.44,95.2781818181818,11,5.463610533269297,93.5109090909091
MSH2,H610N,610.0,P43246,0,97.88,96.94272727272728,12,5.882724836960221,96.96249999999999
MSH2,A636V,636.0,P43246,0,97.62,96.94272727272727,10,5.399712053407359,97.899
MSH2,R638G,638.0,P43246,0,96.87999999999998,95.77181818181818,12,5.949067895008651,95.57666666666667
MSH2,H639Y,639.0,P43246,0,95.55999999999999,94.91363636363639,14,6.376449198095067,94.79928571428572
MSH2,Q645E,645.0,P43246,0,87.0,87.61818181818182,8,5.778625037630212,81.315
MSH2,N671Y,671.0,P43246,0,74.75,84.92,8,6.369202211993796,79.11625000000001
MSH2,T682A,682.0,P43246,0,97.81000000000002,96.3809090909091,9,5.4994269708039205,96.68777777777777
MSH2,P696L,696.0,P43246,0,98.12,98.47545454545455,13,6.075843453530997,97.29846153846155
MSH2,C697R,697.0,P43246,0,98.56,98.50363636363637,12,5.41024961988451,98.24416666666667
MSH2,I708N,708.0,P43246,0,96.62,90.56727272727272,15,6.238630891660956,94.5153333333333
MSH2,V722I,722.0,P43246,0,67.75,66.12181818181817,9,5.760382840943876,63.830000000000005
MSH2,S723F,723.0,P43246,0,75.94,69.14727272727272,9,5.7535357430787535,65.75
MSH2,D748Y,748.0,P43246,0,91.19,89.58545454545454,11,5.678444872426105,87.10727272727273
MSH2,I770V,770.0,P43246,0,96.31,95.19909090909091,12,5.732460575564869,95.30250000000001
MSH2,T803A,803.0,P43246,0,83.68999999999998,82.0409090909091,13,6.202031353878668,83.78999999999999
MSH2,T807S,807.0,P43246,0,68.56,73.59818181818181,6,5.195670738720789,69.21
MSH2,E809K,809.0,P43246,0,65.38,72.8990909090909,6,6.020083513757313,69.58333333333333
MSH2,A834T,834.0,P43246,0,81.94,81.94818181818181,6,4.975492867858349,79.49833333333333
MSH2,N835H,835.0,P43246,0,82.0,83.36909090909091,6,5.148510492230927,82.02
MSH2,H839Q,839.0,P43246,0,89.88,86.5281818181818,6,4.970474646976744,87.85333333333334
MSH2,A848S,848.0,P43246,0,81.56,78.93909090909091,8,5.175727124040922,79.67125
MSH2,S860L,860.0,P43246,0,37.56,41.730909090909094,7,5.759195718220421,41.48428571428571
MSH2,A870G,870.0,P43246,0,47.16,50.4,6,4.9020607819121125,53.405
MSH2,E886G,886.0,P43246,0,83.75,83.82363636363637,8,5.168268999252604,84.10875
MSH2,T905R,905.0,P43246,0,84.62,84.96,8,5.1551474110205415,84.77375
MSH2,T905I,905.0,P43246,0,84.62,84.96,8,5.1551474110205415,84.77375
MSH2,V923E,923.0,P43246,0,82.93999999999998,78.82454545454546,15,6.391804759604039,79.842
MSH2,I930M,930.0,P43246,0,60.31,58.687,6,5.180581789383067,62.745
MSH6,A20V,20.0,P52701,0,36.75,33.45909090909091,4,5.442698781548785,33.265
MSH6,N21S,21.0,P52701,0,34.88,33.34818181818182,4,5.315689916905821,33.8275
MSH6,P42S,42.0,P52701,0,54.62,42.907272727272726,4,5.6843096209283255,42.975
MSH6,G54A,54.0,P52701,0,34.28,36.09909090909091,4,5.219432437458071,34.262499999999996
MSH6,S65L,65.0,P52701,0,36.91,40.65454545454545,4,5.38234703361624,45.3525
MSH6,A81T,81.0,P52701,0,29.389999999999997,32.16272727272727,4,5.0550222868068575,31.549999999999997
MSH6,R128L,128.0,P52701,0,86.5,78.28272727272726,11,5.3717246081839045,83.15363636363635
MSH6,L147H,147.0,P52701,0,87.38,86.85909090909091,9,5.65208180034651,85.88333333333334
MSH6,K185E,185.0,P52701,0,84.0,82.72909090909091,8,5.54409957808468,82.58
MSH6,K187T,187.0,P52701,0,81.38,80.8990909090909,9,5.599250121627956,82.59111111111112
MSH6,E221D,221.0,P52701,0,34.66,31.486363636363635,4,5.277693254342707,31.0825
MSH6,N223S,223.0,P52701,0,32.72,32.19363636363636,4,5.447973095829265,31.65
MSH6,I251V,251.0,P52701,0,25.45,26.91272727272727,4,4.723813271914752,26.535
MSH6,T269S,269.0,P52701,0,32.72,32.955454545454536,4,5.2305620728181905,33.785
MSH6,G289D,289.0,P52701,0,35.28,35.34454545454546,4,5.143122632719365,36.985
MSH6,S315F,315.0,P52701,0,36.12,33.39363636363637,4,5.309014741448774,32.985
MSH6,A326V,326.0,P52701,0,27.440000000000005,31.264545454545456,4,5.088148973849586,28.927500000000002
MSH6,F340S,340.0,P52701,0,38.75,36.85545454545455,5,5.184993116599811,37.75
MSH6,R361H,361.0,P52701,0,53.220000000000006,60.777272727272724,6,5.910192519401819,61.09833333333333
MSH6,R378K,378.0,P52701,0,95.5,94.50545454545454,12,5.974248926108125,94.87583333333332
MSH6,I425V,425.0,P52701,0,98.44,96.97818181818182,12,6.007423955153732,97.92666666666668
MSH6,R468H,468.0,P52701,0,94.44000000000001,94.96454545454544,9,5.549365036989232,93.35222222222222
MSH6,S503C,503.0,P52701,0,91.5,91.86363636363636,6,5.310051744806475,91.67833333333333
MSH6,V509A,509.0,P52701,0,95.62,94.72818181818184,12,6.189400892423804,93.60916666666667
MSH6,S532A,532.0,P52701,0,75.94,87.50545454545454,4,5.404891653354257,86.375
MSH6,K610N,610.0,P52701,0,89.81,88.99272727272727,10,5.755308120229112,83.674
MSH6,P623A,623.0,P52701,0,95.18999999999998,95.35727272727271,9,5.5539931116540835,95.31222222222222
MSH6,P623L,623.0,P52701,0,95.18999999999998,95.35727272727271,9,5.5539931116540835,95.31222222222222
MSH6,R644S,644.0,P52701,0,90.38,88.28454545454545,11,5.821034276478596,86.75727272727273
MSH6,I669T,669.0,P52701,0,79.88,83.09727272727272,6,5.757530649714034,81.60333333333334
MSH6,E675D,675.0,P52701,0,86.94,91.38090909090909,6,5.602517077768531,91.5
MSH6,Q698E,698.0,P52701,0,95.31,96.00727272727272,12,6.0215551915831504,94.76666666666667
MSH6,I725M,725.0,P52701,0,56.66,51.98272727272727,10,5.864694660105242,53.374
MSH6,K728T,728.0,P52701,0,56.69,63.93727272727272,7,5.790330738934894,59.55428571428571
MSH6,R761K,761.0,P52701,0,89.0,90.42090909090909,9,5.643518308282221,87.76333333333335
MSH6,A787V,787.0,P52701,0,92.88,93.51181818181819,9,5.671519767296271,93.84
MSH6,V800L,800.0,P52701,0,94.62,94.5790909090909,6,5.298191231053744,95.04166666666667
MSH6,V800A,800.0,P52701,0,94.62,94.5790909090909,6,5.298191231053744,95.04166666666667
MSH6,D803G,803.0,P52701,0,92.12,93.99909090909091,6,5.204929637411664,93.56166666666667
MSH6,P831A,831.0,P52701,0,90.38,90.9890909090909,7,5.604738958225123,90.28571428571429
MSH6,I886V,886.0,P52701,0,94.0,93.0909090909091,9,5.719244416815811,94.4711111111111
MSH6,F985L,985.0,P52701,0,73.44000000000001,74.51363636363637,9,5.873975298814485,75.55777777777779
MSH6,I1054F,1054.0,P52701,0,97.38,96.42090909090908,11,5.710695979135358,96.25
MSH6,P1073S,1073.0,P52701,0,90.62,88.88000000000001,9,5.995189791802871,89.80444444444444
MSH6,P1073R,1073.0,P52701,0,90.62,88.88000000000001,9,5.995189791802871,89.80444444444444
MSH6,P1082L,1082.0,P52701,0,83.88,89.34000000000002,10,5.846183926761173,84.44200000000002
MSH6,P1087T,1087.0,P52701,0,91.81000000000002,90.34727272727272,13,6.352659743966798,91.48076923076923
MSH6,P1087R,1087.0,P52701,0,91.81000000000002,90.34727272727272,13,6.352659743966798,91.48076923076923
MSH6,R1095H,1095.0,P52701,0,91.5,86.98363636363636,11,5.9732600991253175,91.05727272727273
MSH6,Y1128C,1128.0,P52701,0,89.80999999999999,77.78545454545456,16,5.943310175068861,90.339375
MSH6,E1163V,1163.0,P52701,0,95.12,95.61272727272727,11,5.855976223354255,94.72727272727273
MSH6,M1202T,1202.0,P52701,0,90.19,92.13636363636364,6,5.149518492183907,92.25999999999999
MSH6,E1254D,1254.0,P52701,0,83.38,84.85272727272726,7,5.005011261353389,85.78571428571429
MSH6,R1304K,1304.0,P52701,0,78.30999999999999,81.62454545454545,11,5.679058174767013,83.31727272727272
MSH6,E1310D,1310.0,P52701,0,87.12,87.37545454545453,7,5.3894027412628365,87.50142857142858
MSH6,S1329L,1329.0,P52701,0,80.56,78.12545454545453,8,5.3602878320324105,78.36875
MSH6,L1354Q,1354.0,P52701,0,68.38,66.42727272727274,8,5.189562586697587,67.05125
NBN,K408E,408.0,O60934,0,33.88,36.846363636363634,4,5.160571476984217,33.07
NF1,D176E,176.0,P21359,0,96.25,93.34545454545454,10,5.885768161654198,95.625
MERL,Q324L,324.0,P35240,0,95.88,95.49454545454546,8,5.15205148679977,95.78125
MERL,T352M,352.0,P35240,0,92.38,92.62545454545456,8,5.1305600079383025,92.71875
MERL,K413E,413.0,P35240,0,70.81,70.92181818181818,9,5.896772628885656,73.80444444444444
NOTC1,R1608S,1608.0,P46531,0,82.12,79.25090909090909,9,5.436090783062732,76.44555555555556
NOTC1,C838Y,838.0,P46531,0,66.81,60.940000000000005,13,6.164904830314959,62.42923076923076
PALB2,V1103M,1103.0,Q86YC2,0,89.93999999999998,90.85818181818182,9,5.975715263950921,87.39555555555556
PALB2,E1083D,1083.0,Q86YC2,0,44.03,60.14363636363637,5,5.513213879565209,54.779999999999994
PALB2,K1048R,1048.0,Q86YC2,0,94.69,91.29545454545455,10,6.085316731806383,94.852
PALB2,E1018D,1018.0,Q86YC2,0,96.75,94.8409090909091,10,5.895892562061756,96.86800000000001
PALB2,G998E,998.0,Q86YC2,0,73.88,84.8409090909091,9,5.759694238569455,86.60555555555555
PALB2,S951P,951.0,Q86YC2,0,70.19,81.2209090909091,5,5.1656420557624925,74.15
PALB2,P918S,918.0,Q86YC2,0,96.06000000000002,94.83000000000001,11,5.628245353990582,93.94909090909091
PALB2,P864S,864.0,Q86YC2,0,75.31000000000002,86.30636363636364,7,5.911509070560735,85.69571428571429
PALB2,A712V,712.0,Q86YC2,0,37.22,37.97636363636364,4,5.272630938284302,38.43
PALB2,E672Q,672.0,Q86YC2,0,35.72,35.290909090909096,4,5.45187905867433,36.025
PALB2,Q559R,559.0,Q86YC2,0,30.33,34.295454545454554,4,5.086879774417454,35.77
PALB2,R365S,365.0,Q86YC2,0,36.44,34.02181818181818,4,5.2810953058944605,34.8425
PALB2,L337S,337.0,Q86YC2,0,33.22,32.85454545454546,4,5.331420680341257,32.6425
PALB2,Y334C,334.0,Q86YC2,0,36.029999999999994,32.976363636363644,4,5.228527097692129,33.82
PALB2,I309V,309.0,Q86YC2,0,35.72,31.755454545454544,4,5.2982536934502376,31.452499999999997
PALB2,N241D,241.0,Q86YC2,0,29.98,31.623636363636365,4,5.302320677922772,31.697499999999998
PALB2,P210L,210.0,Q86YC2,0,38.21999999999999,35.66181818181818,4,5.498198942231702,34.95
PALB2,D134N,134.0,Q86YC2,0,31.0,36.58454545454546,4,5.422718572697521,36.14
PALB2,K18R,18.0,Q86YC2,0,88.06,87.6190909090909,8,5.1425422830140555,87.46000000000001
PALB2,P5S,5.0,Q86YC2,0,47.28000000000001,57.322,4,5.363880753819759,54.8075
PGFRA,L31F,31.0,P16234,0,88.19,84.19272727272728,8,5.439130588808698,88.1725
PGFRA,P130S,130.0,P16234,0,82.06000000000002,79.36363636363636,6,5.629672736453917,83.77166666666666
PGFRA,T153A,153.0,P16234,0,91.18999999999998,90.34636363636363,14,5.6524124763482435,90.52642857142858
PGFRA,G185W,185.0,P16234,0,83.56,88.24545454545455,9,5.9207921395323275,84.97444444444444
PGFRA,V193I,193.0,P16234,0,86.68999999999998,89.32454545454544,11,6.038834440797945,88.24545454545455
PGFRA,S308F,308.0,P16234,0,90.88,89.38636363636364,11,5.877545104443642,89.74363636363637
PGFRA,P414L,414.0,P16234,0,85.25,86.01272727272728,12,6.018291162698752,83.8975
PGFRA,V469A,469.0,P16234,0,56.52999999999999,60.88636363636363,7,5.780689429110018,57.058571428571426
PGFRA,S478P,478.0,P16234,0,70.12,69.31454545454545,8,5.602997913617115,75.33625
PGFRA,R481G,481.0,P16234,0,70.12,75.91454545454548,6,5.9663195273226,73.82166666666667
PGFRA,V484M,484.0,P16234,0,88.31000000000002,79.60272727272728,14,5.954949153023483,79.39714285714285
PGFRA,L507P,507.0,P16234,0,80.94,86.6209090909091,8,5.9835893523875985,85.11125
PGFRA,R558C,558.0,P16234,0,68.88,62.95727272727274,9,6.0886490016158366,74.38777777777779
PGFRA,I562M,562.0,P16234,0,70.62,62.873636363636365,12,5.811748638794184,73.17916666666666
PGFRA,H570R,570.0,P16234,0,53.88000000000001,60.37818181818181,6,5.697543204411175,57.531666666666666
PGFRA,E459D,459.0,P16234,0,72.12,76.31272727272727,6,5.42551374448729,76.17833333333333
PGFRA,L705P,705.0,P16234,0,28.95,30.35181818181818,4,4.955620695688873,31.509999999999998
PGFRA,G829R,829.0,P16234,0,81.44,90.3809090909091,11,5.880187681379597,63.106363636363625
PGFRA,N870S,870.0,P16234,0,83.31,89.35818181818182,7,5.253207232832788,88.79571428571428
PGFRA,E996K,996.0,P16234,0,35.44,31.538181818181815,4,5.440462172405133,31.325
PGFRA,D1071N,1071.0,P16234,0,31.41,31.777272727272734,4,5.165490067983006,30.8475
PGFRB,P660T,660.0,P09619,0,92.75,91.0509090909091,10,6.178393338009755,90.325
PK3CA,W11L,11.0,P42336,0,91.75,88.71636363636362,11,6.176294678032469,90.94454545454545
PK3CA,C24Y,24.0,P42336,0,98.31,97.37545454545456,13,5.768781834920921,98.00076923076924
PK3CA,I31M,31.0,P42336,0,97.88,97.22818181818182,8,5.545717888933821,97.57124999999999
PK3CA,R38C,38.0,P42336,0,94.37999999999998,96.58000000000001,12,5.729601709044176,95.0
PK3CA,E52K,52.0,P42336,0,96.88,96.73909090909092,10,5.8864000983489975,96.882
PK3CA,Q60K,60.0,P42336,0,93.69,95.43272727272728,5,5.276821387520284,95.626
PK3CA,R108L,108.0,P42336,0,90.75,91.69363636363636,9,6.008014831143915,91.14
PK3CA,K111N,111.0,P42336,0,92.0,91.97636363636364,9,5.489788191525246,91.62444444444445
PK3CA,E116K,116.0,P42336,0,95.12,94.77181818181818,11,5.851476957651784,95.58454545454546
PK3CA,E149G,149.0,P42336,0,96.94,96.9718181818182,9,5.500045636904209,97.26333333333334
PK3CA,P217K,217.0,P42336,0,97.06000000000002,96.29636363636364,15,6.376830649696377,96.78800000000001
PK3CA,E218K,218.0,P42336,0,94.94,95.88181818181816,9,5.655431213713927,94.86111111111111
PK3CA,V356I,356.0,P42336,0,98.56000000000002,96.15727272727273,12,5.939635222365138,98.24833333333333
PK3CA,G363A,363.0,P42336,0,95.19,97.1418181818182,12,5.91186024609502,96.67166666666668
PK3CA,R382K,382.0,P42336,0,97.94000000000001,96.04636363636364,8,5.454021051837097,97.16999999999999
PK3CA,R398H,398.0,P42336,0,98.5,98.45454545454545,9,6.2669225630914145,98.25111111111111
PK3CA,C420G,420.0,P42336,0,93.0,91.69272727272727,9,5.82648374556828,93.61666666666666
PK3CA,F614I,614.0,P42336,0,98.75,98.64090909090909,10,5.610356673418203,98.44200000000001
PK3CA,H701P,701.0,P42336,0,97.80999999999999,97.5,10,5.650925566293685,97.75
PK3CA,L766F,766.0,P42336,0,96.0,97.33363636363634,8,5.738220034732375,96.64
PK3CA,R818C,818.0,P42336,0,98.30999999999999,97.9081818181818,11,5.645453161337278,97.94363636363637
PK3CA,G912R,912.0,P42336,0,92.62,89.72272727272728,13,5.735960495967327,84.10307692307691
PK3CA,R975S,975.0,P42336,0,95.0,93.37090909090908,6,5.14359025334576,93.84666666666668
PK3CA,D1017G,1017.0,P42336,0,90.56,91.95454545454547,6,5.090106910222533,92.53333333333335
PK3CA,A1020V,1020.0,P42336,0,93.44,93.28363636363635,9,5.412384103222483,93.62444444444445
PK3CA,M1040V,1040.0,P42336,0,92.5,92.51818181818182,11,5.765802622724497,84.89818181818181
PK3CB,D1067A,1067.0,P42338,0,61.66,59.94777777777777,8,5.400489320345416,60.14
PK3CB,T1055A,1055.0,P42338,0,70.5,74.24909090909091,14,6.293117180885251,71.96357142857144
PK3CB,E1047K,1047.0,P42338,0,88.12,87.42545454545456,10,5.522813149616826,82.28399999999999
PK3CB,D1046N,1046.0,P42338,0,90.62,89.05,8,5.162528371714974,89.16375
PK3CB,E1036K,1036.0,P42338,0,96.94,94.87363636363635,8,5.14641252210847,95.43625
PK3CB,D1020H,1020.0,P42338,0,89.12,89.5909090909091,11,5.83696751975157,88.3809090909091
PK3CB,I992T,992.0,P42338,0,98.44,97.64363636363636,11,5.801503276366224,96.76272727272726
PK3CB,R981P,981.0,P42338,0,95.80999999999999,94.69818181818182,8,5.1274185670664245,95.0075
PK3CB,V967A,967.0,P42338,0,94.5,90.13000000000001,13,5.8463718067630595,92.65846153846154
PK3CB,F876L,876.0,P42338,0,77.12,79.80181818181818,8,5.834575748843259,75.30625
PK3CB,A875D,875.0,P42338,0,73.0,78.21636363636362,13,6.003815347542614,76.87461538461538
PK3CB,T859A,859.0,P42338,0,94.31000000000002,91.69181818181818,12,5.5837744935209175,92.10416666666667
PK3CB,R847G,847.0,P42338,0,93.75,96.28545454545456,11,5.681707491677755,94.64909090909092
PK3CB,A830T,830.0,P42338,0,92.25,92.07454545454544,7,5.337329621027169,92.64428571428572
PK3CB,W827L,827.0,P42338,0,95.75,93.12545454545453,14,5.7911249803679885,93.82642857142856
PK3CB,K805E,805.0,P42338,0,97.25,94.99545454545455,14,6.172888018617483,95.33571428571429
PK3CB,V789G,789.0,P42338,0,95.75,88.58454545454543,13,5.744708801497666,94.46615384615384
PK3CB,P785H,785.0,P42338,0,96.12,92.31818181818181,13,5.90335596057917,93.5823076923077
PK3CB,L768F,768.0,P42338,0,94.06,93.13454545454546,15,6.207514945335679,92.59866666666667
PK3CB,L674P,674.0,P42338,0,98.56,97.73727272727272,12,5.897404486863656,98.01
PK3CB,I670L,670.0,P42338,0,97.19,96.32818181818183,11,5.583906896070921,96.11272727272727
PK3CB,R668W,668.0,P42338,0,94.94000000000001,95.99909090909091,13,5.961358553192961,94.41769230769229
PK3CB,P615A,615.0,P42338,0,95.93999999999998,95.84090909090907,14,6.436612850191161,95.33071428571427
PK3CB,I512M,512.0,P42338,0,95.12,93.94818181818181,12,5.825728979523702,94.73416666666667
PK3CB,W462S,462.0,P42338,0,91.80999999999997,80.40272727272726,11,6.024570059254852,90.72636363636363
PK3CB,N442K,442.0,P42338,0,95.81,93.84545454545454,15,6.202745134281281,93.84200000000001
PK3CB,T417M,417.0,P42338,0,40.46999999999999,38.297272727272734,4,5.0849155677501585,36.0375
PK3CB,R321Q,321.0,P42338,0,60.529999999999994,64.38181818181819,5,5.378566219179463,57.13199999999999
PK3CB,K290N,290.0,P42338,0,93.94,92.1990909090909,9,5.191906042726665,92.35444444444445
PK3CB,N271D,271.0,P42338,0,83.12,84.24363636363637,9,5.45445409180363,84.42444444444443
PK3CB,R270W,270.0,P42338,0,85.94000000000001,85.61363636363636,10,5.394933792727246,87.088
PK3CB,G252R,252.0,P42338,0,80.44,90.64272727272727,10,5.899356702231938,79.693
PK3CB,P185N,185.0,P42338,0,63.0,67.54181818181819,7,5.673500584364443,71.54857142857142
PK3CB,S183F,183.0,P42338,0,66.25,70.75272727272727,5,5.494396029540262,71.25
PK3CB,E158K,158.0,P42338,0,88.44,87.07363636363637,8,5.168932240937266,87.10125
PK3CB,R149Q,149.0,P42338,0,93.69000000000001,93.44272727272727,10,5.503849708487691,94.125
PK3CB,L140S,140.0,P42338,0,86.31,87.44272727272727,6,5.096800205035619,85.575
PK3CB,H135N,135.0,P42338,0,79.05999999999999,83.7781818181818,6,4.852693539679756,83.04333333333334
PK3CB,R103K,103.0,P42338,0,81.5,85.58,9,5.503008679780461,79.68888888888888
PK3CB,M68I,68.0,P42338,0,89.12,89.7609090909091,7,5.62352624653537,89.78571428571429
PK3CB,K61T,61.0,P42338,0,91.38,92.19727272727273,7,5.294512278343321,92.11428571428573
PK3CB,A50P,50.0,P42338,0,88.94,90.06272727272727,10,5.571539090804803,89.169
PK3CB,A19V,19.0,P42338,0,58.94,52.47818181818182,7,5.345242590767033,61.16571428571428
PK3CB,S4C,4.0,P42338,0,36.31,30.838888888888885,4,4.737727188747732,30.895000000000003
PMS1,Y631H,631.0,P54277,0,84.94000000000001,84.05909090909091,12,5.680366017703104,81.13166666666667
PMS2,S587D,587.0,P54278,0,33.0,32.27454545454545,4,5.221902746813074,34.03
PMS2,S587T,587.0,P54278,0,33.0,32.27454545454545,4,5.221902746813074,34.03
PMS2,E635N,635.0,P54278,0,63.28,62.90090909090909,8,5.387781821157224,64.22749999999999
PMS2,I629L,629.0,P54278,0,81.06,77.60181818181817,8,5.139056079253118,77.49125000000001
PMS2,M600I,600.0,P54278,0,34.66,35.37636363636363,4,5.470500684131843,34.7125
PMS2,L594F,594.0,P54278,0,32.75,33.57363636363636,4,5.074175059006336,33.6475
PMS2,L594V,594.0,P54278,0,32.75,33.57363636363636,4,5.074175059006336,33.6475
PMS2,I590L,590.0,P54278,0,36.41,33.61181818181818,4,5.374553582766058,33.855000000000004
PMS2,L585I,585.0,P54278,0,33.34,31.49272727272727,4,5.315978002692374,30.6175
PMS2,E583K,583.0,P54278,0,27.77,29.925454545454546,4,5.461679271005367,29.485
PMS2,K581E,581.0,P54278,0,27.52,29.645454545454548,4,5.369263384697153,27.744999999999997
PMS2,T573S,573.0,P54278,0,30.770000000000003,33.52363636363637,4,5.361267738037134,35.125
PMS2,A572T,572.0,P54278,0,33.31,34.06818181818182,4,5.348984148232754,34.625
PMS2,L571I,571.0,P54278,0,34.97,34.71,4,5.3251719099682475,32.565000000000005
PMS2,R563L,563.0,P54278,0,31.519999999999996,34.126363636363635,4,4.979346975670962,33.0625
PMS2,N554H,554.0,P54278,0,32.84,32.231818181818184,4,5.2050470242924085,32.61
PMS2,P540T,540.0,P54278,0,36.31,32.01727272727273,4,5.508861190631908,32.052499999999995
PMS2,D526E,526.0,P54278,0,30.67,31.285454545454545,4,5.441538618795897,34.0725
PMS2,S523T,523.0,P54278,0,30.22,30.85,4,5.153490896609609,32.2125
PMS2,A520V,520.0,P54278,0,30.23,29.25454545454545,4,5.244079733464529,27.985
PMS2,Y519C,519.0,P54278,0,28.25,28.429090909090906,4,5.1099671580579695,28.12
PMS2,D510E,510.0,P54278,0,26.44,27.679090909090906,4,5.0289352400218945,29.5275
PMS2,I508L,508.0,P54278,0,31.08,28.771818181818183,4,5.012064809354555,28.4025
PMS2,D502E,502.0,P54278,0,27.33,29.546363636363637,4,5.239309109548341,30.47
PMS2,H479Q,479.0,P54278,0,36.69,34.336363636363636,4,5.506057177549513,34.355
PMS2,S477F,477.0,P54278,0,31.88,34.02090909090909,4,5.397384261455979,34.7525
PMS2,E473V,473.0,P54278,0,31.42,33.79272727272728,4,5.501955024965368,33.285
PMS2,R469I,469.0,P54278,0,31.62,34.72636363636364,4,5.4557680014854615,35.6875
PMS2,L468F,468.0,P54278,0,34.56,35.06090909090909,4,5.526675860343458,35.6625
PMS2,L468V,468.0,P54278,0,34.56,35.06090909090909,4,5.526675860343458,35.6625
PMS2,V467G,467.0,P54278,0,35.34,35.57636363636364,4,5.551258369963637,34.5375
PMS2,I462M,462.0,P54278,0,37.09,35.052727272727275,4,5.449855058536885,35.6875
PMS2,I462T,462.0,P54278,0,37.09,35.052727272727275,4,5.449855058536885,35.6875
PMS2,I462L,462.0,P54278,0,37.09,35.052727272727275,4,5.449855058536885,35.6875
PMS2,S455A,455.0,P54278,0,31.84,34.402727272727276,4,5.449885646773378,33.427499999999995
PMS2,P446S,446.0,P54278,0,41.78000000000001,37.33727272727273,4,5.670186432538935,37.82
PMS2,S445T,445.0,P54278,0,40.88,37.88818181818182,4,5.5240569174989025,37.435
PMS2,Y318C,318.0,P54278,0,95.19000000000001,93.76727272727273,13,6.044062312766922,93.09692307692308
PMS2,A182T,182.0,P54278,0,94.94,94.42727272727274,8,5.149266992791436,94.57875
PTC1,T1404A,1404.0,Q13635,0,33.06,32.04727272727273,4,5.248634477693916,32.1725
PTC1,G1212D,1212.0,Q13635,0,38.34,39.82181818181818,4,5.2075652719805126,41.3125
PTC1,T1052M,1052.0,Q13635,0,92.88,93.15363636363635,14,6.231973784147322,92.5342857142857
PTC1,D894N,894.0,Q13635,0,85.69,87.0690909090909,4,4.905504827470866,86.22
PTC1,T768I,768.0,Q13635,0,95.25,94.87999999999998,14,5.938989151823451,95.64642857142857
PTEN,S10N,10.0,P60484,0,67.25,77.95999999999998,11,5.975222569393302,81.74454545454545
PTEN,L42R,42.0,P60484,0,74.69,80.36909090909091,6,5.4968866839820265,73.78166666666667
PTEN,A79T,79.0,P60484,0,94.88,92.75454545454546,6,4.756161718635173,92.685
PTEN,Q110R,110.0,P60484,0,98.62,98.53909090909092,8,5.2154355422127425,98.54625
PTEN,A121V,121.0,P60484,0,98.62,96.54454545454546,12,5.73814131010064,98.45166666666667
PTEN,I122V,122.0,P60484,0,98.75,96.05,15,6.1749278783332295,97.75266666666667
PTEN,K125R,125.0,P60484,0,91.12,95.45363636363636,8,5.681522722366729,94.21000000000001
PTEN,G129A,129.0,P60484,0,96.88,95.5281818181818,13,6.047514291103726,96.10153846153845
PTEN,T131S,131.0,P60484,0,98.56000000000002,96.65454545454544,13,5.618525651028188,97.18307692307692
PTEN,S294R,294.0,P60484,0,27.12,32.56363636363637,4,5.29069771327536,27.98
PTEN,D301N,301.0,P60484,0,43.09,51.02818181818182,8,5.597392339343669,52.386250000000004
PTEN,S362L,362.0,P60484,0,43.78,37.194545454545455,4,5.166478409897556,35.135000000000005
PTEN,V369G,369.0,P60484,0,36.88,37.74545454545454,4,5.15668907793691,38.32
PTEN,T401I,401.0,P60484,0,43.38,38.93875,4,4.972223359192661,38.5625
RB,R661W,661.0,P06400,0,95.62000000000002,95.33545454545452,9,5.545867945638572,95.06333333333333
RB,C712R,712.0,P06400,0,97.81,96.82818181818183,12,5.62411616285149,96.13916666666667
RET,L56M,56.0,P07949,0,93.94,91.00727272727272,13,6.170633513203731,92.1753846153846
RET,T338I,338.0,P07949,0,89.18999999999998,88.56363636363638,8,5.562242624463167,90.7975
RET,D631N,631.0,P07949,0,67.12,62.93727272727272,6,5.442148586825227,68.19833333333334
RET,D631A,631.0,P07949,0,67.12,62.93727272727272,6,5.442148586825227,68.19833333333334
RET,D631G,631.0,P07949,0,67.12,62.93727272727272,6,5.442148586825227,68.19833333333334
RET,V648I,648.0,P07949,0,90.06000000000002,89.8581818181818,8,5.12947074743897,90.16499999999999
RET,G691S,691.0,P07949,0,27.27,29.862727272727273,4,5.052221498824769,30.25
RET,E762Q,762.0,P07949,0,82.94,85.70545454545454,4,5.029476544392017,84.9675
RET,S767R,767.0,P07949,0,75.69,81.86363636363636,7,5.155992305126904,75.62428571428572
RET,Y791F,791.0,P07949,0,94.30999999999999,94.27272727272727,10,6.1385287707741725,91.751
RET,V804G,804.0,P07949,0,95.38,93.24545454545455,13,5.776299891851133,95.21307692307693
RET,P841L,841.0,P07949,0,41.21999999999999,50.540000000000006,7,5.707310009118038,51.37857142857143
RET,A883T,883.0,P07949,0,93.69,93.68818181818182,13,5.696934585532948,93.18384615384615
RET,M918V,918.0,P07949,0,92.19,88.06272727272727,13,6.128129243779155,91.36999999999999
RET,R972G,972.0,P07949,0,92.75,87.55090909090909,6,5.585368109155727,88.79166666666667
RET,M980T,980.0,P07949,0,93.38,91.23181818181818,8,5.255064811824145,92.6
SDHB,H57R,57.0,P21912,0,98.55999999999999,97.6990909090909,7,5.501761698658067,98.56428571428572
SDHB,G53E,53.0,P21912,0,95.44,97.37636363636362,4,5.136192155595117,96.3925
SF3B1,K700R,700.0,O75533,0,93.38,93.90272727272726,7,5.380663672146695,94.45428571428572
SMAD4,W398V,398.0,Q13485,0,98.61999999999999,96.74909090909092,13,5.799290640088658,97.91846153846154
SMAD4,R420H,420.0,Q13485,0,84.69000000000001,85.98727272727272,10,5.887515923928383,86.117
SMAD4,K436N,436.0,Q13485,0,97.69,97.15363636363635,9,5.828875754580348,97.93666666666667
SMAD4,R441P,441.0,Q13485,0,93.80999999999999,95.14181818181818,7,5.383506931433288,93.8742857142857
SMAD4,D493H,493.0,Q13485,0,84.81,78.58000000000001,6,4.99937703840832,87.09500000000001
SMAD4,I525V,525.0,Q13485,0,98.88,98.46545454545456,11,5.581287794153089,98.73181818181818
SMAD4,D537H,537.0,Q13485,0,93.44,92.58090909090909,8,5.143660285169494,93.03999999999999
SNF5,A236G,236.0,Q12824,0,97.31,96.97727272727273,8,5.252374753271072,97.1725
SMO,V54M,54.0,Q99835,0,40.5,49.61181818181819,4,4.880345052234483,43.47
SMO,E194K,194.0,Q99835,0,84.12,85.9609090909091,9,5.8085503116446136,84.47333333333333
SMO,L221F,221.0,Q99835,0,91.19,94.3409090909091,7,6.0732532443393294,91.44000000000001
SMO,H227Y,227.0,Q99835,0,96.5,96.32363636363635,11,5.51698407234301,96.16454545454545
SMO,G328V,328.0,Q99835,0,95.44,96.28909090909089,12,5.574263495266902,96.30083333333333
SMO,T336P,336.0,Q99835,0,92.12,91.10727272727274,12,5.439511899441087,91.46333333333335
SMO,N396S,396.0,Q99835,0,91.06,93.49545454545454,8,5.48424617161681,93.15
SMO,R398Q,398.0,Q99835,0,94.5,93.44363636363637,8,5.617416635158882,93.5475
SMO,R400C,400.0,Q99835,0,94.37999999999998,94.21,13,5.71930006841256,94.27461538461537
SMO,V414A,414.0,Q99835,0,97.43999999999998,96.20545454545454,9,5.415865792991994,96.16
SMO,E518D,518.0,Q99835,0,94.25,95.79545454545455,9,5.392597179494151,96.13888888888889
SMO,G527E,527.0,Q99835,0,95.31,95.13727272727273,11,5.705621077244763,95.69999999999999
SMO,S533N,533.0,Q99835,0,93.44,91.97090909090909,13,5.806669383962031,93.86923076923078
SMO,W535L,535.0,Q99835,0,88.05999999999997,90.55,9,6.079161300948549,86.71777777777778
SMO,R562Q,562.0,Q99835,0,49.38,53.1390909090909,4,4.98425385492486,50.0525
SMO,D613N,613.0,Q99835,0,44.0,46.88454545454545,4,4.63797926590662,45.3725
SMO,R628W,628.0,Q99835,0,62.75,57.653636363636366,7,5.551442840265485,60.541428571428575
SMO,P641A,641.0,Q99835,0,43.28000000000001,37.31454545454546,4,5.347068551099203,37.4625
SMO,A729V,729.0,Q99835,0,28.73,30.46181818181818,4,5.141876780959513,30.760000000000005
SRSF2,P95R,95.0,Q01130,0,59.88,60.46545454545455,6,5.972171445016429,58.223333333333336
SRSF2,P95H,95.0,Q01130,0,59.88,60.46545454545455,6,5.972171445016429,58.223333333333336
TET2,P29R,29.0,Q6N021,0,36.910000000000004,32.31272727272728,4,5.366414518633309,31.597499999999997
TET2,P363L,363.0,Q6N021,0,35.0,35.13,8,5.1669629515208255,31.331249999999997
TET2,R1262A,1262.0,Q6N021,0,94.5,94.47818181818182,5,5.35769424174916,94.888
TET2,S1290A,1290.0,Q6N021,0,97.06,95.51636363636362,12,6.20203021709485,96.69166666666666
TET2,Y1295A,1295.0,Q6N021,0,89.5,94.08272727272728,9,5.763329682099672,93.19888888888889
TET2,L1721W,1721.0,Q6N021,0,43.12,33.19,4,5.149755938288388,31.527500000000003
TM127,V90M,90.0,O75204,0,93.81000000000002,93.59636363636363,10,5.452616218312075,92.987
TM127,G73R,73.0,O75204,0,85.88,87.85272727272726,6,5.55717444230631,88.43833333333333
TM127,I41V,41.0,O75204,0,95.62,94.44454545454546,12,5.618743902163047,94.69916666666667
TMPS2,T75M,75.0,O15393,0,36.06,40.92272727272727,4,5.356708301768213,35.195
TNAP3,F127C,127.0,P21580,0,97.80999999999999,96.9590909090909,11,5.306824055048979,96.99909090909091
TNR14,K17R,17.0,Q92956,0,55.03,59.68636363636363,4,4.885194473786717,55.77250000000001
TNR14,S112Y,112.0,Q92956,0,98.31,97.57363636363635,10,5.9764706442298525,98.156
TNR14,A117T,117.0,Q92956,0,97.38,97.70454545454545,14,5.939839620345132,97.13285714285715
TNR14,V241I,241.0,Q92956,0,73.0,71.72454545454546,8,5.25809272566863,72.53125
TNR14,P262L,262.0,Q92956,0,57.34000000000002,51.23636363636364,4,5.301617089658112,50.11
P53,G334R,334.0,P04637,0,95.38,95.46545454545453,6,5.296234028936838,95.89333333333333
P53,H297N,297.0,P04637,0,47.94,51.724545454545456,4,5.065325899411137,45.21
P53,R283H,283.0,P04637,0,96.37999999999998,96.48272727272727,9,5.398104900154204,96.25555555555555
P53,R282W,282.0,P04637,0,97.5,96.79454545454546,13,5.954503721201717,96.93230769230769
P53,P222L,222.0,P04637,0,95.88,96.30818181818182,7,5.986254118881442,96.27857142857144
P53,S215C,215.0,P04637,0,97.88,96.34363636363636,14,6.14895673368874,97.05785714285715
P53,R202S,202.0,P04637,0,94.94000000000001,94.22727272727273,6,5.460935216864649,94.96
P53,G199R,199.0,P04637,0,90.0,94.5909090909091,5,5.701939712323387,93.812
P53,H168N,168.0,P04637,0,94.69000000000001,95.8009090909091,8,5.388627552526184,95.71125
P53,A161T,161.0,P04637,0,98.31,97.64090909090909,13,6.254220318105047,98.06615384615385
P53,R156H,156.0,P04637,0,98.25,97.88181818181819,13,5.680380311458391,97.63153846153847
P53,T150I,150.0,P04637,0,96.31000000000002,97.24,7,6.027093733622279,96.94000000000001
P53,T123A,123.0,P04637,0,97.18999999999998,95.32454545454544,10,6.0745190867841306,97.011
P53,P72R,72.0,P04637,0,48.25,47.12,4,5.215679336631951,48.6875
P63,R379C,379.0,Q9H3D4,0,34.25,32.230000000000004,4,5.292846325131247,29.095000000000002
TSC1,R1097H,1097.0,Q92574,0,58.12,53.02454545454546,7,5.336892684983037,54.71428571428571
TSC1,G1035S,1035.0,Q92574,0,28.75,28.309090909090912,4,4.850841094822156,28.515
TSC1,R509Q,509.0,Q92574,0,34.029999999999994,32.78636363636364,5,5.558576873090439,32.690000000000005
TSC1,T417I,417.0,Q92574,0,26.75,28.533636363636365,4,5.522319758372003,30.865000000000002
TSC1,G305W,305.0,Q92574,0,27.2,28.28818181818182,4,5.19081789200747,27.345
TSC1,G305R,305.0,Q92574,0,27.2,28.28818181818182,4,5.19081789200747,27.345
TSC1,R246K,246.0,Q92574,0,82.88,84.07454545454544,10,6.100186086490058,83.919
TSC1,F216D,216.0,Q92574,0,91.55999999999999,88.74363636363636,10,5.247618923991005,89.306
TSC1,H105R,105.0,Q92574,0,81.62,83.35272727272728,9,6.1112770310185525,83.9588888888889
TSC1,K82T,82.0,Q92574,0,87.81,88.45454545454545,8,5.410843503081448,87.93
TSC1,S35C,35.0,Q92574,0,83.0,83.70363636363636,6,5.2254456365925135,82.5
TSC2,L826M,826.0,P49815,0,90.62,89.38181818181818,9,5.27732303465665,89.42555555555555
TSHR,N744K,744.0,P16473,0,24.75,27.987272727272728,5,5.5980557382049,26.628000000000004
VHL,P25L,25.0,P40337,0,61.90999999999998,56.701818181818176,4,5.150504390621829,58.9275
VHL,S65A,65.0,P40337,0,98.25,96.1590909090909,12,5.5624302400817625,97.53083333333332
VHL,D121G,121.0,P40337,0,98.69,98.33000000000001,13,5.540063259701774,98.41384615384617
VHL,L128F,128.0,P40337,0,98.81,98.26181818181819,13,5.955059835166654,98.63538461538464
BRAF,C532W,532.0,P15056,0,88.62,89.43,9,6.298701097065627,88.2088888888889
DPOD1,P7T,7.0,P28340,0,44.31,34.49909090909091,4,5.25391492315115,32.155
MTOR,S2002C,2002.0,P42345,0,82.69,86.0,9,5.567269834630807,86.18
ARI1A,P2161T,2161.0,O14497,0,90.88,92.11727272727273,9,5.7646413631040145,88.85222222222222
SETBP,P1533Q,1533.0,Q9Y6X0,0,81.12,80.7209090909091,4,5.19777813621209,81.595
SETD2,H1096L,1096.0,Q9BYW2,0,30.25,31.143636363636368,4,5.441003466518844,32.102500000000006
AMER1,T716I,716.0,Q5JTC6,0,41.53000000000001,39.405454545454546,4,4.924582501862022,39.57
MTOR,H1819L,1819.0,P42345,0,47.470000000000006,44.271818181818176,7,5.179073352526345,45.40571428571429
AMER1,D731V,731.0,Q5JTC6,0,37.12,39.209090909090904,4,5.058327574013149,43.165
TSC2,K930E,930.0,P49815,0,51.53,51.03454545454545,4,5.107283467301176,53.42249999999999
MTOR,R2086S,2086.0,P42345,0,86.44000000000001,87.19909090909091,8,5.19164332030343,87.3825
ATRX,G832C,832.0,P46100,0,28.23,30.20181818181818,5,5.421158924943794,31.28
BRCA1,A1279V,1279.0,P38398,0,31.0,29.959090909090904,4,5.25492244714036,29.435
BRCA1,E1339D,1339.0,P38398,0,33.69,33.53636363636363,4,5.231788996065472,34.695
SETD2,T217I,217.0,Q9BYW2,0,44.910000000000004,42.36181818181819,9,6.0129509496018265,39.52444444444444
MTOR,K815N,815.0,P42345,0,86.44,85.07909090909091,6,5.6225866219740865,85.13333333333333
BLM,M439I,439.0,P54132,0,34.47,33.708181818181814,4,5.652732523601157,35.0425
PTC1,T36M,36.0,Q13635,0,31.34,28.756363636363634,4,4.834890154054908,28.072499999999998
ATRX,N1321I,1321.0,P46100,0,27.11,29.430909090909086,4,5.491652616536577,29.535
AMER1,G290V,290.0,Q5JTC6,0,37.22,39.91090909090909,4,5.433793199749633,41.6175
TSC1,K977R,977.0,Q92574,0,69.94,70.22727272727273,8,5.132952745629452,69.90625
TSC1,P591S,591.0,Q92574,0,36.88,31.477272727272734,4,5.106857371280144,31.755
SETD2,S771F,771.0,Q9BYW2,0,23.94,26.66181818181818,7,5.818920073021039,28.167142857142856
AMER1,N978I,978.0,Q5JTC6,0,36.53,38.809090909090905,4,5.086487184699153,38.38
TSC1,S893R,893.0,Q92574,0,88.44,88.7109090909091,8,5.184818466166069,89.30625
SETD2,H1284Y,1284.0,Q9BYW2,0,30.360000000000003,29.505454545454544,4,5.236840556067896,29.930000000000003
MTOR,K1471M,1471.0,P42345,0,75.38,81.85818181818182,6,5.415761355219108,81.59333333333333
ARI1A,P1813Q,1813.0,O14497,0,70.69,75.14363636363636,6,5.9726457048254185,74.075
TSC2,G33D,33.0,P49815,0,27.98,38.401818181818186,4,4.856475058511368,33.6975
TSC1,P56S,56.0,Q92574,0,85.5,86.71090909090908,10,5.863856264678075,84.057
SETD2,N801I,801.0,Q9BYW2,0,33.06,29.114545454545453,4,5.071938013453539,32.3425
SETD2,S1091C,1091.0,Q9BYW2,0,26.7,27.437272727272727,7,6.322393590617052,27.217142857142854
ARI1B,S1831R,1831.0,Q8NFD5,0,23.17,26.10363636363636,4,5.356970811791493,26.615000000000002
MTOR,H1693L,1693.0,P42345,0,83.30999999999999,83.75090909090909,8,5.653762401780952,84.36
TSC1,D1107Y,1107.0,Q92574,0,29.33,30.285454545454545,4,5.356866837563219,29.935
SETD2,P971L,971.0,Q9BYW2,0,32.41,35.12272727272727,9,5.200243518852705,37.37555555555556
ATRX,S1328F,1328.0,P46100,0,28.639999999999997,29.29363636363636,8,5.098049618213456,30.39875
AMER1,R531L,531.0,Q5JTC6,0,39.470000000000006,44.25363636363637,5,5.463552029374503,42.626
ATRX,S827I,827.0,P46100,0,33.78,33.294545454545464,7,5.273360571763754,33.44
PTEN,L320F,320.0,P60484,0,96.75,96.04454545454546,11,5.940551213649216,93.69727272727273
TSC2,D1677E,1677.0,P49815,0,80.25,87.41545454545454,10,6.258238583786259,83.862
TSC2,I1545L,1545.0,P49815,0,94.62,91.67636363636363,16,6.237758110372548,92.6725
ATRX,D861Y,861.0,P46100,0,27.62,27.856363636363632,4,5.225213018824504,28.165
GATA1,T403S,403.0,P15976,0,61.84000000000002,64.12181818181818,4,4.986154090989088,63.8175
ATRX,I1180F,1180.0,P46100,0,25.55,26.745454545454546,4,5.0463140050736275,26.0325
ATRX,V895F,895.0,P46100,0,23.81,25.95363636363636,4,4.518463341793713,24.82
ATRX,H1831Q,1831.0,P46100,0,89.55999999999999,88.12000000000002,9,5.946237986323989,90.95111111111112
ATRX,S560F,560.0,P46100,0,24.44,27.80454545454546,4,5.611263055826784,27.445
GATA1,A58G,58.0,P15976,0,69.62,63.83636363636363,8,5.171283202902917,64.53
ATRX,R1102S,1102.0,P46100,0,27.62,26.41545454545455,4,5.409731674243173,26.155
ATRX,I1208L,1208.0,P46100,0,33.28,30.404545454545453,4,5.350951904095572,30.857499999999998
ATRX,S706I,706.0,P46100,0,26.53,29.70181818181818,4,5.210678621428965,29.160000000000004
ATRX,S1620G,1620.0,P46100,0,88.06,88.3690909090909,8,5.666049684059649,89.655
ATRX,I1216L,1216.0,P46100,0,28.0,29.242727272727276,4,5.354531329605418,28.2275
ATRX,V556L,556.0,P46100,0,31.449999999999996,29.725454545454546,4,5.010668951038962,30.3575
GATA1,E200D,200.0,P15976,0,60.22,67.61727272727272,5,5.493127868602633,61.688
ATRX,R696I,696.0,P46100,0,26.2,26.84909090909091,6,5.774393034548479,29.666666666666668
ATRX,Q483L,483.0,P46100,0,22.94,24.969090909090912,4,4.988405769066285,23.705
ATRX,D705V,705.0,P46100,0,27.14,28.549999999999997,4,5.211202663329594,27.740000000000002
SETD2,N1396I,1396.0,Q9BYW2,0,26.92,28.90909090909091,8,5.669313659763208,29.8875
EP300,Q447H,447.0,Q09472,0,22.7,25.50090909090909,4,5.514169611982789,23.2975
PTC1,E339V,339.0,Q13635,0,91.0,90.8690909090909,11,5.571814918448641,91.43727272727273
ABL1,R674G,674.0,P00519,0,29.62,30.823636363636364,4,5.339428196142096,29.0
ARI1A,G1375D,1375.0,O14497,0,29.95,30.60181818181818,4,5.473878090841498,26.93
SETD2,G597V,597.0,Q9BYW2,0,25.41,29.158181818181824,7,6.420508704932226,28.561428571428568
SETBP,G371A,371.0,Q9Y6X0,0,32.94,31.873636363636365,4,5.096472549022727,30.825
TSC2,M788I,788.0,P49815,0,91.69,90.75,11,5.657757793096245,90.62
ARI1B,P870A,870.0,Q8NFD5,0,49.339999999999996,34.46818181818182,4,5.463417425275286,31.722500000000004
ASXL2,A1041S,1041.0,Q76L83,0,30.02,30.80454545454546,4,5.151443306182054,30.869999999999997
CBP,P84S,84.0,Q92793,0,42.78000000000001,33.58,4,5.692606738832794,33.025
MTOR,A9P,9.0,P42345,0,37.59,39.522727272727266,7,5.743167738269144,39.839999999999996
MTOR,I1711M,1711.0,P42345,0,88.12,86.46636363636364,8,5.787860036639919,86.775
TSC2,S1764R,1764.0,P49815,0,33.53,39.81454545454545,4,5.118734632431129,33.945
TSC1,N1134K,1134.0,Q92574,0,29.02,28.89272727272727,4,5.203405801560308,27.825
AMER1,Q629L,629.0,Q5JTC6,0,93.75,93.41454545454545,8,5.131518502544888,93.6725
ARID2,P1590Q,1590.0,Q68CP9,0,38.410000000000004,33.123636363636365,4,5.483356136471148,34.32
TSC2,A736G,736.0,P49815,0,90.12,89.32999999999998,11,5.628514361844421,89.69999999999999
TBX3,S615A,615.0,O15119,0,40.72,39.75454545454545,4,5.262306093750232,40.8575
AMER1,R982S,982.0,Q5JTC6,0,36.44,37.300000000000004,4,5.03139619332398,38.2025
SETBP,V331M,331.0,Q9Y6X0,0,38.06,38.762727272727275,8,6.184167480126376,40.605000000000004
KDM6A,I598V,598.0,O15550,0,23.28,22.075454545454548,4,5.41656449217418,21.735
ASXL1,A1320E,1320.0,Q8IXJ9,0,34.34,36.07090909090909,4,4.806046300258354,38.775
BCOR,V878G,878.0,Q6W2J9,0,28.12,28.66454545454545,4,5.2700035310834,27.894999999999996
EPAS1,K705E,705.0,Q99814,0,41.84,39.70545454545454,8,5.1342442657806755,39.0875
NSD1,P2353T,2353.0,Q96L73,0,38.06,30.83090909090909,4,5.535446029198093,29.6425
TSC1,H606Q,606.0,Q92574,0,54.56,50.53,7,5.606394191688072,50.90999999999999
KDM6A,L725M,725.0,O15550,0,31.02,30.55454545454546,4,5.497137146238286,29.3375
AMER1,A9S,9.0,Q5JTC6,0,42.62,42.57636363636363,4,5.405124843938147,42.475
SETD2,S2079T,2079.0,Q9BYW2,0,29.860000000000003,33.02363636363636,4,5.5116331331557085,33.67
KDM6A,I881M,881.0,O15550,0,29.91,34.38454545454545,4,5.062576220666012,30.8475
AMER1,A295P,295.0,Q5JTC6,0,36.53,40.70545454545454,4,5.37057999553329,41.0375
ERBB4,R103L,103.0,Q15303,0,96.75,95.21818181818183,13,5.8030067763807915,96.2830769230769
CBP,I1977T,1977.0,Q92793,0,26.05,30.611818181818183,4,5.224133112410401,29.3575
MTOR,D1812Y,1812.0,P42345,0,61.28,62.70545454545454,8,5.093275364657849,62.5875
BCOR,R63M,63.0,Q6W2J9,0,31.110000000000003,32.03363636363637,4,5.425529364467798,32.9075
IDHP,N367K,367.0,P48735,0,97.75,97.68272727272728,10,6.038050693374582,97.32600000000001
TBX3,A610T,610.0,O15119,0,37.75,39.59909090909091,4,5.42882707961074,39.93
SET1B,P353R,353.0,Q9UPS6,0,41.089999999999996,32.25636363636364,4,5.545359859221756,30.4625
RB,Y91C,91.0,P06400,0,53.220000000000006,61.05181818181818,8,5.246325325125662,59.43
ERBB4,E112D,112.0,Q15303,0,88.56,90.64636363636363,8,5.591399738822569,74.86875
TSC2,V920A,920.0,P49815,0,66.62,66.7009090909091,12,6.191832668134039,70.6475
MTOR,A8S,8.0,P42345,0,40.5,38.64454545454546,5,5.310698989197966,39.386
NF2L2,V432L,432.0,Q16236,0,40.339999999999996,41.77363636363636,4,5.509137108233967,42.72
KDM6A,L1047M,1047.0,O15550,0,83.75,86.98272727272727,8,5.195803045646358,87.055
BLM,E1293G,1293.0,P54132,0,35.06,49.01999999999999,4,4.981732205284507,42.082499999999996
CTNB1,E686D,686.0,P35222,0,35.91,45.163636363636364,5,5.422403287276822,38.565999999999995
AMER1,P300S,300.0,Q5JTC6,0,51.160000000000004,40.736363636363635,4,5.482376072327684,37.5175
FBX11,P229S,229.0,Q86XK2,0,86.81000000000002,90.85363636363637,4,5.194212389920871,90.11
NSD1,K1296N,1296.0,Q96L73,0,31.190000000000005,28.50272727272727,4,5.529708892413252,28.4825
KAT6A,T891M,891.0,Q92794,0,23.78,24.74909090909091,4,5.360687364096776,23.4525
TSC1,A307V,307.0,Q92574,0,26.190000000000005,28.200000000000003,4,5.148644084840462,27.950000000000003
K1549,S466R,466.0,Q9HCM3,0,27.22,29.16181818181818,4,5.31552986673775,28.722500000000004
P63,R7Q,7.0,Q9H3D4,0,31.639999999999997,31.54636363636363,4,5.050807496288279,33.5075
TNAP3,D253E,253.0,P21580,0,92.25,95.31363636363636,11,6.137496891644941,92.99454545454545
ERBB4,K51N,51.0,Q15303,0,91.75,93.34,7,5.173040207302317,93.38142857142859
PK3CA,D603E,603.0,P42336,0,97.5,98.14181818181818,13,6.021727774524573,98.11076923076924
ARI1B,S1827R,1827.0,Q8NFD5,0,24.05,26.015454545454542,4,5.2544208551346445,26.0575
ALK,D769E,769.0,Q9UM73,0,90.62,92.40181818181819,9,5.650235148592674,91.35888888888888
MTOR,D2424E,2424.0,P42345,0,67.75,67.13272727272727,9,5.522644120244458,67.99666666666667
CSF1R,E576D,576.0,P07333,0,92.81,87.98727272727272,10,5.6443105555791595,89.03699999999999
SETBP,A630E,630.0,Q9Y6X0,0,40.97,39.32181818181818,4,5.151692795236819,40.14
KAT6A,Q876R,876.0,Q92794,0,27.72,28.664545454545454,4,5.2137373657182975,29.615000000000002
MTOR,A443S,443.0,P42345,0,77.94,81.13727272727273,11,5.793986359276675,80.26181818181819
KAT6B,T514P,514.0,Q8WYB5,0,30.53,33.20545454545454,4,5.552176492303771,32.035000000000004
RNF43,C272W,272.0,Q68DV7,0,92.38,79.11818181818181,12,5.720739033112065,89.82916666666667
SETBP,P1489A,1489.0,Q9Y6X0,0,39.78000000000001,37.31454545454545,4,5.175738337497526,36.2025
BRCA1,L786V,786.0,P38398,0,27.7,27.243636363636366,4,4.977845086456776,27.9375
C560,H114L,114.0,Q99643,0,96.12,96.19272727272727,10,5.36509009681626,96.00699999999999
BRCA1,D693Y,693.0,P38398,0,28.7,29.820909090909087,4,5.194813535298676,30.222499999999997
FANCJ,E879D,879.0,Q9BX63,0,94.38,93.7781818181818,8,5.164454016758826,93.84375
NSD1,V614M,614.0,Q96L73,0,29.110000000000007,31.679090909090906,4,5.020010662715806,28.419999999999998
KDM6A,T581A,581.0,O15550,0,27.17000000000001,26.311818181818186,4,5.347004498430313,24.885
RNF43,R117L,117.0,Q68DV7,0,83.55999999999999,85.99454545454545,4,4.956275839408477,82.8925
IL7RA,I66N,66.0,P16871,0,86.69,89.11454545454546,6,5.284732256059381,87.875
DPOD1,S748R,748.0,P28340,0,95.0,94.13090909090907,11,5.84761052566218,94.25090909090909
KDM5A,M865R,865.0,P29375,0,74.31,73.15545454545453,6,5.561733143147976,73.82833333333333
MITF,L354I,354.0,O75030,0,98.44,97.56272727272726,10,5.633451167287808,97.725
PGFRB,N821K,821.0,P09619,0,85.94,89.92636363636362,10,5.773617516123084,78.79400000000001
PML,A628T,628.0,P29590,0,96.5,90.8809090909091,14,5.757026546379724,94.34714285714286
TBX3,S396P,396.0,O15119,0,34.53,39.02,4,5.346771747624822,38.28
DPOE1,C1935S,1935.0,Q07864,0,36.06,40.31363636363636,6,5.513612650556169,40.675000000000004
MTOR,D1210E,1210.0,P42345,0,83.19,80.54545454545456,9,5.412566977835535,80.90222222222222
NF2L2,E57D,57.0,Q16236,0,90.81,92.11999999999999,8,5.1113809028646955,92.0475
CSF1R,V406L,406.0,P07333,0,93.88,92.65363636363637,12,6.007538972978402,93.95333333333333
ABL1,E1058D,1058.0,P00519,0,90.0,88.84727272727272,8,5.140190341222652,89.41499999999999
AMER1,R21L,21.0,Q5JTC6,0,46.81000000000001,43.723636363636366,4,5.25034535113065,42.945
ARI1B,K1116N,1116.0,Q8NFD5,0,21.91,26.60272727272727,4,4.982117069918859,27.87
ATRX,D922Y,922.0,P46100,0,36.19,36.03,4,5.658062439692543,37.035000000000004
CMTA1,H313Q,313.0,Q9Y6Y1,0,27.72,29.379090909090905,4,5.289790923356358,28.5775
KAT6A,A1255G,1255.0,Q92794,0,28.639999999999997,31.843636363636367,4,5.259677073216651,33.4825
KDM6A,I1267V,1267.0,O15550,0,94.81,95.14727272727272,7,5.847564119470363,96.37714285714286
BCOR,D551Y,551.0,Q6W2J9,0,36.12,34.49272727272727,4,5.221930920886747,36.485
ASXL1,P911T,911.0,Q8IXJ9,0,35.28,31.018181818181823,5,5.714596166306391,33.239999999999995
PGFRB,N479K,479.0,P09619,0,86.88,78.85909090909091,7,5.575200848093545,87.70714285714284
MED12,A547T,547.0,Q93074,0,36.28,42.29,5,5.310549117205384,41.088
SH2B3,K180N,180.0,Q9UQQ2,0,47.44,42.29909090909091,4,5.424367964952836,43.905
PRD16,D1123E,1123.0,Q9HAZ2,0,44.38,43.337272727272726,4,5.215609295011932,43.182500000000005
ASXL1,A636G,636.0,Q8IXJ9,0,35.03,36.446363636363635,4,5.120452986859366,35.11
K1549,S551F,551.0,Q9HCM3,0,22.55,26.531818181818185,4,5.501153787540654,25.510000000000005
ATRX,S742C,742.0,P46100,0,26.079999999999995,28.83,4,5.174828734708633,29.495
ARI1B,P1110T,1110.0,Q8NFD5,0,28.78,26.648181818181822,4,5.301095254109151,25.4825
ARI1B,F1365L,1365.0,Q8NFD5,0,26.780000000000005,29.939999999999998,4,5.335901759511167,31.357499999999998
TSC2,R1078Q,1078.0,P49815,0,54.06000000000001,57.806363636363635,11,5.866645512083295,54.47636363636364
CSF1R,K812N,812.0,P07333,0,25.17,33.24363636363636,5,5.754358170103809,29.939999999999998
RB,S180W,180.0,P06400,0,51.75,57.61454545454546,6,5.668158292332638,53.61000000000001
BCOR,V557F,557.0,Q6W2J9,0,33.62,32.914545454545454,4,5.308663461561531,32.825
CYLD,R172G,172.0,Q9NQC7,0,88.0,88.24909090909091,10,5.490564451796606,88.331
KAT6B,P121L,121.0,Q8WYB5,0,73.43999999999998,85.00636363636363,4,4.820820000484584,81.0325
SETBP,S1192R,1192.0,Q9Y6X0,0,27.91,31.30545454545455,4,5.3708465910581555,29.9925
P63,Q122H,122.0,Q9H3D4,0,25.44,26.880909090909096,4,5.018958259117412,28.372500000000002
CAR11,L269V,269.0,Q9BXL7,0,78.88,77.38181818181819,8,5.117234505510314,77.18
ATRX,A462S,462.0,P46100,0,29.72,28.407272727272723,4,5.508155714603295,28.2425
EPAS1,F608L,608.0,Q99814,0,26.2,30.49727272727273,4,5.346405100669851,30.445
P63,P456L,456.0,Q9H3D4,0,36.22,34.63454545454545,4,5.480852280430319,31.297500000000003
CMTA1,S768P,768.0,Q9Y6Y1,0,33.53,38.458181818181814,6,5.453034209933787,41.08833333333333
TBX3,A562V,562.0,O15119,0,38.16,36.25909090909091,4,5.413042705163072,35.5625
EPAS1,A553E,553.0,Q99814,0,30.339999999999996,33.235454545454544,4,5.402054777428617,33.97
RNF43,S264R,264.0,Q68DV7,0,38.72,43.20545454545454,5,5.662945159714058,38.501999999999995
SETD2,N1214Y,1214.0,Q9BYW2,0,25.09,27.664545454545454,6,5.523641261300864,30.675
RNC,R252Q,252.0,Q9NRR4,0,31.25,33.54272727272727,4,5.402401086175174,33.79
ALK,H1030L,1030.0,Q9UM73,0,38.69,48.99000000000001,4,5.2949128535919945,46.095
CLH1,H876Q,876.0,Q00610,0,73.19000000000001,71.07363636363635,12,5.729820232908705,70.485
CLP1,L278V,278.0,Q92989,0,98.44,96.89181818181818,11,6.090440320211229,97.89727272727274
MED12,I2079L,2079.0,Q93074,0,71.06,69.17181818181818,8,5.06883333512554,69.525
AMER1,E1112D,1112.0,Q5JTC6,0,40.5,42.629090909090905,4,5.430816785925129,44.265
ARID2,F60L,60.0,Q68CP9,0,88.44000000000001,87.06181818181818,10,6.011874891669287,87.52400000000002
TSC1,V277A,277.0,Q92574,0,29.979999999999997,32.3890909090909,4,5.189103469245012,31.01
EPAS1,G724E,724.0,Q99814,0,32.28,34.902727272727276,4,5.248489240700368,32.787499999999994
ATRX,D975Y,975.0,P46100,0,24.81,24.768181818181816,4,5.381835080137508,24.2675
ATR,N951Y,951.0,Q13535,0,45.34,48.64181818181819,4,5.293031757423438,45.65
SMCA4,P197T,197.0,P51532,0,80.93999999999998,78.06181818181818,6,5.278814694644081,78.99833333333333
ARI1A,P533A,533.0,O14497,0,44.78000000000001,39.855454545454556,6,6.072031181022978,40.10666666666667
PK3CA,R375S,375.0,P42336,0,97.0,96.0,7,5.3442671482279644,96.80142857142857
SMO,E439D,439.0,Q99835,0,65.56,62.57818181818182,6,5.035058200761483,62.55666666666667
AMER1,D791E,791.0,Q5JTC6,0,44.56,43.90272727272727,4,5.32512544314632,43.5375
CIC,L162F,162.0,Q96RK0,0,27.5,33.410000000000004,4,5.448665938185899,32.88
AKAP9,F414L,414.0,Q99996,0,79.56,77.50636363636363,9,5.271871101621553,72.77888888888889
NSD1,N2450K,2450.0,Q96L73,0,33.06,32.47909090909091,5,5.600905900214057,30.312
ELN,V411A,411.0,P15502,0,29.72,32.945454545454545,7,6.153249207045574,34.47857142857143
MTOR,S744R,744.0,P42345,0,80.81,82.75454545454546,10,5.93481820670223,83.53599999999999
ROS1,R2126L,2126.0,P08922,0,90.44000000000001,78.41999999999999,9,5.9769396350922745,84.45888888888888
MYO5A,S1799L,1799.0,Q9Y4I1,0,86.44,85.27181818181818,6,4.957151725887474,87.65333333333335
RNF43,G336V,336.0,Q68DV7,0,38.38,38.57545454545454,4,5.1213231619439545,40.392500000000005
STIL,S952Y,952.0,Q15468,0,35.12,40.199999999999996,6,5.320662484999292,42.651666666666664
SET1B,P1352Q,1352.0,Q9UPS6,0,34.19,30.874545454545455,4,5.3798839771512155,31.88
SETD2,L222V,222.0,Q9BYW2,0,42.22,38.31727272727273,5,5.814940577395211,33.798
IDHP,N428K,428.0,P48735,0,97.44,98.0690909090909,7,5.586256675953989,98.31285714285715
K1549,L44M,44.0,Q9HCM3,0,39.66,39.809090909090905,4,5.338268762193485,39.295
C2TA,S177R,177.0,P33076,0,26.579999999999995,25.37909090909091,4,5.5086501616491494,25.8625
DYN2,D429V,429.0,P50570,0,97.75,97.1490909090909,9,5.520184223769053,97.16888888888889
ATRX,P609S,609.0,P46100,0,37.19,28.71090909090909,4,5.147146305345073,27.722499999999997
ESR1,S137R,137.0,P03372,0,40.16,37.62090909090909,4,5.317708246438482,38.47
AKAP9,S1065G,1065.0,Q99996,0,32.41,28.329090909090915,4,5.202475123681385,29.535
ROS1,P1659S,1659.0,P08922,0,81.12,81.39090909090909,13,6.245816470457401,82.05846153846151
BCOR,G549R,549.0,Q6W2J9,0,33.12,34.57727272727273,4,5.399837918980307,35.292500000000004
SMCA4,E1255D,1255.0,P51532,0,59.66,59.61363636363637,8,5.238416452643561,60.065
SETD2,R402L,402.0,Q9BYW2,0,39.38,33.84818181818182,4,5.1066497903252035,35.4825
CLH1,N572K,572.0,Q00610,0,77.75,77.00636363636364,6,5.600467730213855,75.75
MTOR,A2248S,2248.0,P42345,0,89.25,88.47727272727273,9,5.506210641183318,88.56888888888888
ELN,P93R,93.0,P15502,0,40.28000000000001,36.77272727272727,4,5.4008114587413285,37.6575
ARI1A,I847M,847.0,O14497,0,29.38,34.75363636363637,8,5.792085314221545,32.97625000000001
ROS1,D618V,618.0,P08922,0,68.88,75.63090909090909,7,5.758482437753477,71.87571428571428
ABL1,D944E,944.0,P00519,0,37.16,36.24454545454546,4,5.254221912277494,37.0475
RN213,P375Q,375.0,Q63HN8,0,88.75,86.18181818181819,11,5.467948918898966,87.99363636363636
SETB1,A1021G,1021.0,Q15047,0,32.12,32.629090909090905,4,5.506852231346391,32.495000000000005
AXIN1,I855M,855.0,O15169,0,96.44,94.60272727272728,11,5.7823349475719965,95.71
ALK,N871K,871.0,Q9UM73,0,93.5,88.69363636363636,18,6.202986493662628,93.21055555555556
ASXL1,R1171S,1171.0,Q8IXJ9,0,29.3,29.95818181818182,4,5.430284727934955,28.237499999999997
ANDR,C596W,596.0,P10275,0,94.5,86.92727272727272,10,5.8350106878771575,91.851
ANDR,R212S,212.0,P10275,0,31.31,31.45181818181818,4,5.413260867498041,30.705
DNM3A,S390R,390.0,Q9Y6K1,0,35.94,49.75,4,5.169165609024681,43.485
ERBB2,P1135T,1135.0,P04626,0,33.56,29.17,4,5.13424798646374,28.2025
CSMD3,D1473E,1473.0,Q7Z407,0,70.69,72.03727272727274,14,5.8919363273098595,70.22857142857143
PERF,H347Q,347.0,P14222,0,97.38,96.68272727272728,9,5.345472091350567,97.35444444444444
AMER1,D379E,379.0,Q5JTC6,0,54.81,53.47454545454545,6,5.507065871610042,54.01499999999999
ALK,A371S,371.0,Q9UM73,0,78.69,81.37000000000002,6,5.885334599102094,80.46833333333333
ARI1A,H1384Q,1384.0,O14497,0,33.279999999999994,33.38272727272727,4,5.199252210413206,33.0175
EPAS1,S49Y,49.0,Q99814,0,92.12,93.24454545454546,9,5.790829013777969,93.3411111111111
AMER1,R601L,601.0,Q5JTC6,0,94.30999999999999,93.96727272727271,8,5.164955571677676,93.59625
AMER1,P248S,248.0,Q5JTC6,0,47.53000000000001,40.58909090909091,4,5.539751789873408,37.665
ERBB2,F371L,371.0,P04626,0,91.88,94.49454545454546,12,5.902172260259722,92.16583333333335
AXIN1,Q559H,559.0,O15169,0,37.22,36.593636363636364,4,5.212302717751054,36.55
ARI1B,E1806A,1806.0,Q8NFD5,0,30.14,31.33090909090909,6,5.912899696038342,31.281666666666666
ARI1A,N1692K,1692.0,O14497,0,94.94,95.88181818181816,12,5.870124621995919,96.64083333333333
PGFRB,R459P,459.0,P09619,0,52.0,59.17090909090909,5,5.149625778033171,58.34400000000001
MTOR,V21F,21.0,P42345,0,72.69,70.10727272727271,8,5.204534275242406,70.9675
CSF1R,R294L,294.0,P07333,0,95.62000000000002,95.2390909090909,9,5.516893780576625,95.26444444444445
AMER1,H104L,104.0,Q5JTC6,0,43.69,43.75545454545455,4,5.253999098770326,43.29
DAXX,D439E,439.0,Q9UER7,0,43.09,40.50272727272727,4,5.012207154260398,42.4525
NSD1,N1650S,1650.0,Q96L73,0,75.38,80.82363636363635,8,5.403493172252338,81.92125
KDM6A,N777K,777.0,O15550,0,28.06,29.75545454545454,4,5.382252998683912,32.3425
FOXP1,V445L,445.0,Q9H334,0,50.71999999999999,47.72909090909091,5,5.605944967361706,45.983999999999995
AMER1,R646L,646.0,Q5JTC6,0,74.69000000000001,72.69545454545454,7,5.049637484333682,75.27142857142857
FUS,D212E,212.0,P35637,0,43.41,41.976363636363644,4,5.342715791078716,44.055
PB1,I493M,493.0,Q86U86,0,49.69,47.1109090909091,6,5.32050214589115,49.901666666666664
CSF1R,S935R,935.0,P07333,0,34.41,31.86090909090909,4,5.495124617722588,31.085
ATRX,A2371T,2371.0,P46100,0,86.56,87.09090909090911,8,5.121356788840796,87.39125
RNC,I1309M,1309.0,Q9NRR4,0,91.69,91.64363636363636,12,6.21397014170158,90.73333333333333
BTK,R236P,236.0,Q06187,0,93.62000000000002,91.57272727272726,9,5.538247391820745,91.10444444444445
AMER1,I811M,811.0,Q5JTC6,0,67.38,63.73454545454545,4,4.818620534298528,64.5475
NPM,D165E,165.0,P06748,0,59.44,56.36363636363637,4,5.192794268468496,59.375
RN213,F556L,556.0,Q63HN8,0,77.5,82.21428571428571,5,4.970869806474045,81.612
ASXL2,R591L,591.0,Q76L83,0,31.0,34.231818181818184,4,5.038136390081137,33.615
RNF43,D628E,628.0,Q68DV7,0,41.66,42.982727272727274,4,5.417997699364746,46.9325
DAXX,A486V,486.0,Q9UER7,0,39.0,39.548181818181824,4,5.303214364745169,38.6475
ATR,F1234L,1234.0,Q13535,0,87.88,85.9090909090909,11,5.82944019833325,84.74363636363637
CSMD3,R687S,687.0,Q7Z407,0,74.25,66.12,10,5.462201713114692,66.022
M3K1,F1029L,1029.0,Q13233,0,31.230000000000004,29.08818181818182,4,5.220645178189542,28.5975
MTOR,R628P,628.0,P42345,0,77.25,75.75909090909092,8,5.282574718148545,77.625
ASXL1,A492T,492.0,Q8IXJ9,0,33.59,34.88363636363636,4,5.249776163544441,34.8125
ROS1,L1336I,1336.0,P08922,0,78.62,77.06818181818181,13,6.010034687456933,76.58153846153846
EP300,I859N,859.0,Q09472,0,31.55,35.44,4,4.909656991820324,35.5525
IL7RA,N396K,396.0,P16871,0,35.44,37.20363636363636,4,5.446518387316987,36.655
PCM1,Q1487H,1487.0,Q15154,0,27.36,29.36727272727273,4,5.069485683817305,28.5475
ARID2,Q1396H,1396.0,Q68CP9,0,30.14,30.184545454545457,4,5.403695826551271,30.885000000000005
DYN2,D215N,215.0,P50570,0,92.0,90.85818181818182,8,6.180486882650962,91.21125
TENA,I830M,830.0,P24821,0,85.94,83.34818181818181,11,6.024039736934442,83.3690909090909
SETBP,P497Q,497.0,Q9Y6X0,0,33.25,37.90818181818182,4,5.247903020072608,35.28
PAX8,S381R,381.0,Q06710,0,43.12,42.400000000000006,5,5.334947908406814,39.056
NSD1,T1507R,1507.0,Q96L73,0,24.31,26.298181818181817,4,5.472348296243448,25.2575
TNAP3,A434E,434.0,P21580,0,33.34,32.86363636363636,4,5.203417694845328,31.955
CHD4,N600K,600.0,Q14839,0,74.38,74.41818181818181,9,5.195117810674926,75.87444444444444
BCOR,H597Q,597.0,Q6W2J9,0,36.09000000000001,35.00181818181818,4,5.468351269626541,35.7175
LAR4B,Q669H,669.0,Q92615,0,35.25,40.652727272727276,4,5.356627332845461,41.545
SETBP,H416Q,416.0,Q9Y6X0,0,39.40999999999999,38.343636363636364,4,5.41493631727109,37.555
ARI1B,M1371V,1371.0,Q8NFD5,0,37.97,30.74090909090909,7,5.794503889557585,30.298571428571428
CNTRL,Q218H,218.0,Q7Z7A1,0,71.31,77.87454545454547,9,6.226943487413554,75.35333333333334
SETB1,P529R,529.0,Q15047,0,48.94,34.89090909090908,4,5.405957390244194,33.254999999999995
ROS1,K1026M,1026.0,P08922,0,77.56,78.1009090909091,11,6.06545598536407,79.13545454545455
CSMD3,R1020P,1020.0,Q7Z407,0,69.38,64.83545454545454,9,5.8049326906553755,67.10444444444445
ASXL1,S1366R,1366.0,Q8IXJ9,0,31.31,30.89727272727273,4,4.722699417526522,32.7475
UBP8,E488D,488.0,P40818,0,79.25,78.91454545454545,8,5.132124033404119,78.82
ATRX,T844S,844.0,P46100,0,28.199999999999996,28.775454545454544,10,6.459700237237575,30.252
BCOR,A161V,161.0,Q6W2J9,0,29.860000000000003,31.609090909090913,4,5.523107080965353,29.434999999999995
AMER1,D537E,537.0,Q5JTC6,0,50.81,50.16727272727273,8,5.284514312366131,50.75375
MTOR,V450F,450.0,P42345,0,83.62,81.6290909090909,6,5.31788999625428,80.97833333333334
K1549,H87Q,87.0,Q9HCM3,0,35.220000000000006,32.06909090909091,4,5.179787680439054,31.862499999999997
K1549,D897Y,897.0,Q9HCM3,0,27.84,31.38181818181818,4,5.442180913339542,30.3275
VGFR2,S68R,68.0,P35968,0,51.779999999999994,64.58818181818181,6,5.327437118118785,58.1
KDM6A,H1060L,1060.0,O15550,0,39.5,42.47181818181818,6,5.808923532482043,43.55166666666667
ZEB1,T806A,806.0,P37275,0,29.94,37.21000000000001,4,5.234353291640687,40.585
CMTA1,F442L,442.0,Q9Y6Y1,0,30.519999999999996,31.546363636363637,4,5.157993024261442,32.3275
BCLF1,G210C,210.0,Q9NYF8,0,38.62,38.59818181818182,4,5.4368805811911365,37.945
HIP1,R487W,487.0,O00291,0,82.62,81.96181818181816,8,5.202137792031193,82.00999999999999
CSF1R,A123V,123.0,P07333,0,96.0,93.71636363636365,13,6.149299660292622,94.67846153846153
LATS2,G563W,563.0,Q9NRM7,0,37.59,36.81363636363636,4,5.324933447630299,37.35
REL,T433A,433.0,Q04864,0,37.81,39.76181818181818,4,5.456638698074475,37.852500000000006
ROS1,M792I,792.0,P08922,0,91.19,85.10818181818182,14,6.264427226459216,89.20000000000002
IKKB,R536G,536.0,O14920,0,96.37999999999998,95.74454545454546,8,5.192887614680939,95.79625
F135B,D588Y,588.0,Q49AJ0,0,34.06,34.36181818181819,4,5.314947629091746,34.83
KDM5A,P1474S,1474.0,P29375,0,60.02999999999999,63.15181818181818,7,5.115866232849874,57.275714285714294
SMCA4,Y372N,372.0,P51532,0,81.55999999999999,82.74454545454546,8,5.127262894109505,83.02375
EP300,L1600I,1600.0,Q09472,0,98.38,94.9718181818182,14,5.933312357674144,97.86714285714287
PPM1D,P88T,88.0,O15297,0,43.75,43.07454545454545,4,4.984265291110344,44.0325
UBP6,S1009C,1009.0,P35125,0,80.06,80.59636363636363,6,5.121219413079515,80.34333333333333
CBP,G2229C,2229.0,Q92793,0,31.12,32.518181818181816,4,5.199266975317519,31.8275
CSF1R,T37M,37.0,P07333,0,95.56000000000002,95.51636363636364,9,5.6092942318840695,93.82666666666667
ZEB1,Q854K,854.0,P37275,0,33.41,34.72363636363636,4,5.181373382475316,35.0475
ATRX,T844I,844.0,P46100,0,28.199999999999996,28.775454545454544,10,6.459700237237575,30.252
FNBP1,D540E,540.0,Q96RU3,0,43.09,40.82181818181819,5,5.544114906416962,42.06
CYLD,I391K,391.0,Q9NQC7,0,34.19,32.10999999999999,4,5.484315038908586,31.587500000000006
MTOR,I824M,824.0,P42345,0,87.81,83.11363636363636,10,5.4322108165238205,84.619
KDM6A,C468R,468.0,O15550,0,41.59,52.18272727272727,6,5.70488097714006,63.041666666666664
DCTN1,Q1191H,1191.0,Q14203,0,91.38,90.80272727272727,8,5.138794092269396,90.7975
EP300,P2312T,2312.0,Q09472,0,34.12,34.81181818181819,4,5.261101353327326,33.765
PK3CA,E596D,596.0,P42336,0,97.25,98.19363636363637,7,5.447026187988743,98.19714285714288
NBN,D399E,399.0,O60934,0,37.22,35.75090909090909,4,5.10874985212122,36.69
NUTM1,P815S,815.0,Q86Y26,0,37.06,33.26818181818182,4,5.448777963596886,31.887500000000003
PTC1,N555K,555.0,Q13635,0,93.12,93.84545454545454,13,5.711569564659685,94.09076923076921
CAR11,I1042M,1042.0,Q9BXL7,0,94.06,92.67636363636363,12,5.835697219594429,92.78749999999998
AXIN2,I144M,144.0,Q9Y2T1,0,90.44,90.36454545454545,10,5.938624600106676,91.345
BRD4,D650E,650.0,O60885,0,62.66,67.29181818181819,4,4.964797939878683,64.56
GLI1,E192D,192.0,P08151,0,33.09,38.01727272727272,4,5.483110412413028,35.875
TENA,E683D,683.0,P24821,0,77.5,81.85272727272728,8,5.886247656069168,78.47625
BAP1,L96F,96.0,Q92560,0,97.5,96.76727272727271,10,5.6271386950168,97.13799999999999
NIN,Q1125L,1125.0,Q8N4C6,0,22.44,24.364545454545453,4,5.141140522189454,25.2475
FANCA,G501C,501.0,O15360,0,78.94,83.80727272727273,5,5.015880188911197,83.178
MYH9,H1521Q,1521.0,P35579,0,53.84000000000001,54.83909090909091,6,5.155797304824234,57.123333333333335
IL7RA,H165Q,165.0,P16871,0,98.12,96.41272727272727,13,5.8273930461972805,97.43307692307692
CBP,I1300M,1300.0,Q92793,0,91.19,93.6809090909091,6,5.463787061146147,93.915
PGFRB,R197M,197.0,P09619,0,87.05999999999999,89.04545454545455,6,5.096649377816364,87.46
ASXL1,H194Q,194.0,Q8IXJ9,0,32.279999999999994,34.082727272727276,4,5.260000485295839,34.46
SETD2,N2058I,2058.0,Q9BYW2,0,32.31,33.549090909090914,4,5.4027261584018085,31.69
SETD2,E1337D,1337.0,Q9BYW2,0,35.12,31.442727272727268,4,5.232857386820498,31.98
PK3CA,I121M,121.0,P42336,0,96.5,94.34636363636363,12,6.030903343429796,95.95249999999999
NCOR1,I2055M,2055.0,O75376,0,68.19,62.80727272727274,8,5.080441972211327,62.52375
RNF43,G754V,754.0,Q68DV7,0,38.0,38.881818181818176,4,5.178955329646465,39.1925
ROS1,F942L,942.0,P08922,0,74.05999999999999,74.91909090909093,5,5.407171263907647,76.876
ROS1,N1095I,1095.0,P08922,0,37.69,43.800000000000004,4,5.306949180279359,37.5775
DCTN1,E365D,365.0,Q14203,0,66.62,63.9281818181818,8,5.135657934589137,63.90625
NCOR1,R2132S,2132.0,O75376,0,38.0,33.9,4,4.446691201424588,35.162499999999994
TPR,R467G,467.0,P12270,0,82.69000000000001,81.60909090909092,12,5.4918293338339295,68.28500000000001
KTN1,E667K,667.0,Q86UP2,0,80.81,81.10454545454546,8,5.180914105209418,81.565
EPAS1,P752Q,752.0,Q99814,0,37.06,33.40181818181818,4,5.465459694366831,33.332499999999996
AXIN1,R801S,801.0,O15169,0,89.25,91.78454545454545,7,5.433079741821049,88.83142857142857
K1549,S552R,552.0,Q9HCM3,0,23.84,26.325454545454544,4,5.450134317297918,26.072500000000005
ARI1B,I2044M,2044.0,Q8NFD5,0,98.25,97.6490909090909,10,5.667167828648469,97.365
STIL,D1143N,1143.0,Q15468,0,27.62,32.47909090909091,4,5.544898362986181,32.94
CAR11,N1030K,1030.0,Q9BXL7,0,85.06,87.44363636363637,6,5.209268497758864,86.92833333333333
RN213,S192R,192.0,Q63HN8,0,93.62,93.0909090909091,8,5.177205720487352,92.09375
FOXO3,A140E,140.0,O43524,0,41.75,46.00545454545455,4,5.051057014451382,43.93
ERBB4,Q21H,21.0,Q15303,0,24.83,35.04545454545455,4,4.969683829624158,28.0875
CMTA1,A697G,697.0,Q9Y6Y1,0,31.45,30.726363636363637,4,5.20890387319992,31.642500000000002
BRCA1,S1320A,1320.0,P38398,0,31.47,31.073636363636364,4,5.138305110347282,31.1475
NPT2B,T330R,330.0,O95436,0,82.18999999999998,80.57,8,5.609180509021773,82.47875
RNF43,A365S,365.0,Q68DV7,0,38.16,40.04636363636364,4,5.07798282137673,38.5225
CNTRL,Q734P,734.0,Q7Z7A1,0,68.62,71.82363636363635,8,5.023217343837551,71.6725
NIN,H691L,691.0,Q8N4C6,0,82.69000000000001,82.32363636363637,8,5.125710797056931,82.95375
SF3B1,N1289K,1289.0,O75533,0,92.25,93.56272727272727,9,5.627534560857111,93.47888888888889
VGFR2,L612V,612.0,P35968,0,85.5,80.18727272727273,9,5.92067006482254,86.28555555555555
ALK,S711R,711.0,Q9UM73,0,86.94,85.97727272727273,7,6.242915478310947,89.15285714285713
BCLF1,P758S,758.0,Q9NYF8,0,41.81,36.84909090909091,4,5.478612089387338,36.96
CLH1,E1087D,1087.0,Q00610,0,52.81,60.07000000000001,7,5.017203585792514,59.15571428571428
CSMD3,D1746Y,1746.0,Q7Z407,0,57.94,61.2109090909091,4,4.679673074632926,53.72
NOTC1,R1608P,1608.0,P46531,0,82.12,79.25090909090909,9,5.436090783062732,76.44555555555556
SETB1,A1090V,1090.0,Q15047,0,34.97,34.172727272727265,4,5.634438819367091,35.0625
RAD21,D414E,414.0,O60216,0,52.59,51.39818181818182,8,5.494523499506611,51.91875
NRG1,V261M,261.0,Q02297,0,97.81000000000002,97.21363636363635,8,5.124374574413676,97.2475
ASXL1,S1231Y,1231.0,Q8IXJ9,0,29.16,28.843636363636367,4,5.206078486438825,29.6625
TET1,A985T,985.0,Q8NFU7,0,30.139999999999997,30.566363636363644,8,5.251006490951736,29.16375
SH2B3,L476I,476.0,Q9UQQ2,0,46.22,39.11545454545455,8,6.085728585262418,64.74625
EPAS1,R14K,14.0,Q99814,0,85.55999999999999,85.0190909090909,8,5.1806849914369675,85.97125
CBP,P1608S,1608.0,Q92793,0,35.0,38.25272727272727,4,5.293436416353836,33.567499999999995
AXIN2,P525S,525.0,Q9Y2T1,0,52.88,58.88727272727272,4,5.2534401066909755,58.0175
PAX7,R136S,136.0,P23759,0,90.05999999999999,88.92545454545454,8,5.065610539378124,89.31125
SETD2,T928I,928.0,Q9BYW2,0,23.59,25.673636363636362,4,5.2959722823196715,24.865
ABL1,E623D,623.0,P00519,0,33.31,35.48545454545455,4,5.283711124576104,35.53750000000001
PGFRA,S478T,478.0,P16234,0,70.12,69.31454545454545,8,5.602997913617115,75.33625
BCLF1,T888S,888.0,Q9NYF8,0,50.089999999999996,50.98909090909091,4,5.124130891591744,52.25
CIC,I828M,828.0,Q96RK0,0,31.38,33.699090909090906,4,5.588149408046646,33.9625
ESR1,H377Q,377.0,P03372,0,89.05999999999999,91.1709090909091,9,5.330786719646958,88.03444444444443
CSMD3,I498M,498.0,Q7Z407,0,72.81,76.18727272727273,7,5.550260846865409,80.53428571428572
ATRX,V1181F,1181.0,P46100,0,27.34,26.90636363636364,4,4.990972579459688,26.5575
EPAS1,N636K,636.0,Q99814,0,29.83,33.06727272727273,4,4.908625345911938,32.472500000000004
PPM1D,T501P,501.0,O15297,0,33.84,36.66727272727273,4,5.4402782499149005,37.2875
BC11B,A495S,495.0,Q9C0K0,0,39.28,42.00818181818181,4,5.500950458311327,39.295
NOTC1,P1377S,1377.0,P46531,0,60.34000000000002,65.39727272727272,6,5.4275522337010145,63.66666666666668
NUP98,R694C,694.0,P52948,0,36.529999999999994,33.60272727272727,5,5.184021718940029,32.227999999999994
LATS2,D534E,534.0,Q9NRM7,0,30.94,31.188181818181818,6,5.724995959330575,32.401666666666664
CMTA1,H661Q,661.0,Q9Y6Y1,0,32.12,31.416363636363634,7,6.2387754038947225,33.941428571428574
K1549,I1151M,1151.0,Q9HCM3,0,87.81,88.21545454545455,13,6.413142728721533,90.7746153846154
K1549,S1511I,1511.0,Q9HCM3,0,66.81,63.81818181818182,8,5.086697759044123,63.317499999999995
ARID2,L1448I,1448.0,Q68CP9,0,28.89,29.99909090909091,4,5.621133801426264,29.95
ALK,I725M,725.0,Q9UM73,0,95.62,92.30000000000001,12,5.689268096606135,94.67583333333334
TENA,D854E,854.0,P24821,0,73.81,82.69181818181818,6,5.905988058114818,81.59333333333333
M3K1,Q548H,548.0,Q13233,0,69.69,68.33545454545455,6,5.6011093288092235,77.385
K1549,V467F,467.0,Q9HCM3,0,32.53,29.075454545454548,4,5.322648495484728,28.762500000000003
TMPS2,H18L,18.0,O15393,0,32.779999999999994,33.081818181818186,8,6.084171296136178,53.08
ELN,V165M,165.0,P15502,0,38.160000000000004,40.049090909090914,4,5.458725238733595,41.5175
UBP44,G363C,363.0,Q9H0E7,0,37.88,43.01545454545454,6,5.773400814096198,42.51166666666666
CBP,E2404D,2404.0,Q92793,0,26.83,31.202727272727273,4,5.624773259440747,33.6625
CBP,V992L,992.0,Q92793,0,29.860000000000007,30.430909090909093,4,5.008044433489176,32.005
FBLN2,N839K,839.0,P98095,0,56.62,72.9,7,5.292978855212441,68.39714285714287
CAR11,N916K,916.0,Q9BXL7,0,54.69,53.64909090909091,8,5.872935357094377,71.345
ROS1,K461E,461.0,P08922,0,77.5,77.6490909090909,10,5.925256411648382,75.23700000000001
FLT3,F605L,605.0,P36888,0,94.75,93.07363636363635,9,5.788335387012105,94.29222222222224
CUL3,Q664H,664.0,Q13618,0,88.88,91.0909090909091,9,6.118525560447419,82.32444444444445
CAR11,D415E,415.0,Q9BXL7,0,80.88,84.62,8,5.162951005262082,84.53875
CHD2,E683D,683.0,O14647,0,53.56,62.199090909090906,7,6.041932130348826,61.107142857142854
K1549,P486S,486.0,Q9HCM3,0,43.5,36.32909090909091,4,5.169580063338139,34.305
MTOR,S1851R,1851.0,P42345,0,32.59,32.485454545454544,4,5.490196140839009,32.9725
MTOR,N999K,999.0,P42345,0,85.25,85.63272727272728,8,5.216026028769635,86.19
GATA2,A164P,164.0,P23769,0,38.09,40.24727272727273,4,5.178841403293017,38.595
K1549,R1729M,1729.0,Q9HCM3,0,20.170000000000005,29.21636363636363,5,5.536656204940678,28.424
M3K1,Q1028H,1028.0,Q13233,0,27.73,28.818181818181817,4,5.059961354907385,28.8675
NPT2B,D634A,634.0,O95436,0,45.16,47.28363636363636,6,5.676382243698073,48.88
SET1B,I146M,146.0,Q9UPS6,0,94.5,92.96000000000001,16,6.258583287925692,92.86687500000001
EMAL4,K283Q,283.0,Q9HC35,0,97.69,96.9718181818182,11,5.503313197975513,96.32363636363635
CHD2,Q906H,906.0,O14647,0,84.06,85.14090909090909,14,6.367870942537297,84.29285714285713
JAK1,S683R,683.0,P23458,0,85.94,87.87545454545455,8,5.185158012908234,87.85249999999999
EP300,Q1116H,1116.0,Q09472,0,96.12,96.19818181818182,9,5.503700238546342,96.01333333333334
PPM1D,E30D,30.0,O15297,0,89.56,84.37727272727274,7,5.447224285193493,89.7057142857143
STIL,H984L,984.0,Q15468,0,31.619999999999997,39.102727272727286,4,5.371053055987522,38.0
NCOR2,A1699P,1699.0,Q9Y618,0,49.81,50.44909090909091,10,5.363972650684056,50.513
PICAL,Q174H,174.0,Q13492,0,98.25,98.01272727272726,12,5.58889685139389,98.11500000000001
RSPO2,L186R,186.0,Q6UXX9,0,70.06,75.21545454545456,8,6.286556294946109,72.27375
SETD2,N1155K,1155.0,Q9BYW2,0,29.05,30.75363636363636,4,5.22312942250815,30.327499999999997
FBLN2,F895L,895.0,P98095,0,74.44000000000001,79.98363636363636,6,5.629306704417697,76.44
MYO5A,I842M,842.0,Q9Y4I1,0,66.0,60.30818181818183,8,5.341012756293518,59.31375
TET1,E917D,917.0,Q8NFU7,0,30.84,34.20545454545454,6,5.606092530981289,35.11
CHK2,E84D,84.0,O96017,0,55.72,53.798181818181824,4,4.976166856249553,49.625
KNL1,A486S,486.0,Q8NG31,0,27.559999999999995,28.63090909090909,4,5.11365025246868,29.3025
M3K1,R1064G,1064.0,Q13233,0,33.12,34.668181818181814,4,5.188178955091655,36.945
SF3B1,K141N,141.0,O75533,0,52.28,51.127272727272725,5,5.201019395116591,47.438
DPOE1,N1396I,1396.0,Q07864,0,87.5,85.75454545454546,11,5.966915348691316,87.02727272727272
MYO5A,D1655E,1655.0,Q9Y4I1,0,35.75,46.125454545454545,5,5.475738066139634,43.366
MYOME,R295H,295.0,Q5VU43,0,82.5,83.39181818181818,8,5.087683321183429,82.7575
KNL1,M598T,598.0,Q8NG31,0,29.77,27.81545454545454,4,5.4102710481737395,28.1925
ATR,D605E,605.0,Q13535,0,76.56,77.26727272727273,7,5.288718547925423,76.7242857142857
IL7RA,T244N,244.0,P16871,0,85.06000000000002,82.5,8,5.091027441024091,83.83625
ERBB3,R1116S,1116.0,P21860,0,29.980000000000004,28.974545454545456,4,5.447921293223932,28.362499999999997
F135B,S578I,578.0,Q49AJ0,0,35.06,35.546363636363644,4,5.35022814722028,34.61
PGFRB,L867F,867.0,P09619,0,85.88,78.98454545454545,9,5.766019778144283,77.72111111111111
CAD17,E739V,739.0,Q12864,0,87.12,88.12454545454547,8,5.537940874413531,87.74249999999999
MET,D1286E,1286.0,P08581,0,81.19,82.41545454545457,7,5.860649200990321,68.17857142857143
FANCJ,S919A,919.0,Q9BX63,0,27.329999999999995,29.187272727272724,4,5.121419215703206,29.895
FBLN2,T854A,854.0,P98095,0,72.0,80.28818181818181,9,6.284427419221511,74.51222222222222
DPOE1,K1042N,1042.0,Q07864,0,77.94,76.81181818181818,12,5.863727476914705,73.77083333333333
MTOR,I1350M,1350.0,P42345,0,78.81,78.86181818181818,7,5.357823972766608,76.94571428571429
IKKB,L361F,361.0,O14920,0,95.44,93.97636363636364,9,6.169670247881114,94.68
M3K1,V889I,889.0,Q13233,0,27.62,29.284545454545455,4,5.164003484068839,29.425
VGFR3,D1049E,1049.0,P35916,0,86.25,90.88727272727273,7,5.705136849745713,87.87571428571428
ERBB2,N176K,176.0,P04626,0,86.06,89.06272727272726,7,5.9595893093804175,80.03142857142856
BCR,F430L,430.0,P11274,0,27.45,31.94,4,5.524921762138617,31.2925
ROS1,P224S,224.0,P08922,0,79.93999999999998,81.64727272727274,7,5.79026064586751,80.44714285714285
KPCD1,N206K,206.0,Q15139,0,30.95,32.78727272727272,4,4.869021992482449,30.685
ATR,E814D,814.0,Q13535,0,79.81,79.04636363636364,8,5.776055032411657,79.63374999999999
ATR,N1612I,1612.0,Q13535,0,39.28,37.291818181818186,4,5.077659638785224,35.7875
JAK3,L485V,485.0,P52333,0,94.38,85.99181818181819,13,6.395287583956203,93.01846153846154
CSF1R,L60V,60.0,P07333,0,87.5,82.1590909090909,8,5.577585622085515,89.3675
ROS1,D1776H,1776.0,P08922,0,76.5,78.66454545454545,12,5.743580360535272,78.50500000000001
PTN13,S1749P,1749.0,Q12923,0,24.94,26.95090909090909,4,5.187532385781696,25.89
KNL1,R936G,936.0,Q8NG31,0,30.410000000000004,29.782727272727275,4,5.177809913820557,31.345
RNF43,P686L,686.0,Q68DV7,0,44.410000000000004,35.35727272727273,4,5.441647595426664,34.3275
CASP8,M1K,1.0,Q14790,0,55.69,80.51166666666667,4,6.072913789557588,85.485
KNL1,T113A,113.0,Q8NG31,0,28.12,31.479999999999997,4,5.377170130629296,30.535
ATRX,H1553Q,1553.0,P46100,0,83.69000000000001,80.07454545454546,8,5.823524303325822,83.71125
TSC2,P91R,91.0,P49815,0,77.5,83.9190909090909,7,5.913882267225384,80.63285714285715
KPCD1,M341V,341.0,Q15139,0,29.81,31.803636363636368,4,5.35847760161403,31.747500000000002
SMO,D25A,25.0,Q99835,0,36.38,41.450909090909086,5,5.39782336486419,42.664
MTOR,D2485E,2485.0,P42345,0,32.0,38.25636363636364,4,5.289238836177947,36.739999999999995
ROS1,K2328M,2328.0,P08922,0,30.09,31.681818181818187,4,5.311174608148703,31.7825
PLAG1,P458S,458.0,Q6DJT9,0,44.71999999999999,39.407272727272726,4,5.594956972891258,40.8675
ROS1,R1506G,1506.0,P08922,0,80.5,73.48,7,5.58098368353983,80.76571428571428
F135B,V1142F,1142.0,Q49AJ0,0,97.81000000000002,92.83,12,5.693440346480887,96.56833333333333
ZEB1,K553R,553.0,P37275,0,37.41,34.3190909090909,4,5.198349335193589,34.565000000000005
BRD4,R1097P,1097.0,O60885,0,31.56,31.774545454545454,4,5.07702812700024,32.92
BCORL,L567V,567.0,Q5H9F3,0,25.12,31.523636363636367,8,5.720313457428306,30.4375
SF3B1,K214N,214.0,O75533,0,29.33,31.801818181818188,4,5.468843237523736,33.9175
ZMYM2,D152N,152.0,Q9UBW7,0,26.33,28.776363636363634,4,5.249425872518118,28.375
ABL1,S559R,559.0,P00519,0,38.19,37.155454545454546,4,5.556463727042729,36.3975
RNC,P67S,67.0,Q9NRR4,0,36.25,32.24909090909091,4,5.40836454495696,33.71
RNF43,R127L,127.0,Q68DV7,0,92.94000000000001,91.97181818181816,9,5.361454328455217,91.92333333333333
KNL1,M177V,177.0,Q8NG31,0,37.0,32.846363636363634,4,5.013577472466151,32.6525
CSF1R,G413R,413.0,P07333,0,82.0,88.71090909090908,5,5.068922005375891,86.624
REL,P393R,393.0,Q04864,0,42.21999999999999,40.61454545454546,4,5.5061347111225025,42.6025
ROS1,N790S,790.0,P08922,0,80.31,82.05727272727273,13,6.185946702780533,83.58692307692309
KAT6A,Q1793H,1793.0,Q92794,0,36.91,37.68181818181819,4,5.346227952810122,36.3275
RNF43,R343L,343.0,Q68DV7,0,36.25,38.00727272727273,4,5.237553068971958,38.2725
IL6RB,V499L,499.0,P40189,0,95.06000000000002,93.89090909090909,12,5.6078005650182865,94.02083333333333
VGFR3,S1289R,1289.0,P35916,0,39.5,38.17909090909091,8,5.464827262776884,38.805
CTNB1,S341R,341.0,P35222,0,98.88,98.87727272727274,14,5.980244610124214,98.83214285714287
ABL1,S1024R,1024.0,P00519,0,55.81,62.26818181818182,10,6.040543495078968,72.36299999999999
VGFR3,N149Y,149.0,P35916,0,72.69,78.09545454545454,9,5.943649090528561,76.64555555555555
AXIN1,R841L,841.0,O15169,0,95.80999999999999,95.78363636363638,8,6.357698685297183,96.17125
ATR,P2434S,2434.0,Q13535,0,89.88,88.86454545454545,9,5.900377787542428,90.24333333333333
MET,N375T,375.0,P08581,0,79.94,73.73,9,5.680610831945913,70.36444444444444
NSD1,N1235K,1235.0,Q96L73,0,25.69,27.61454545454546,4,5.273780330686005,28.035
NSD1,S726T,726.0,Q96L73,0,22.59,27.236363636363638,4,5.331583060154964,26.5675
ATR,L1040F,1040.0,Q13535,0,77.56,76.76181818181819,12,5.713256821864072,76.80833333333334
ATR,V316F,316.0,Q13535,0,84.88,83.18818181818182,7,5.251189156065252,84.7242857142857
BRCA1,Q657H,657.0,P38398,0,27.12,28.991818181818186,4,5.253788123080699,28.89
STIL,Q421P,421.0,Q15468,0,47.16,45.48818181818182,4,4.974622539229671,46.195
STAT3,D237E,237.0,P40763,0,95.75,96.05181818181819,8,5.436420812277175,96.07875
NF1,S56R,56.0,P21359,0,93.5,94.00090909090909,11,5.801667289858048,93.48272727272727
IKKB,L160F,160.0,O14920,0,95.88,94.88181818181819,11,5.936133862151293,93.47636363636362
CDN1A,S31R,31.0,P38936,0,96.88,96.53545454545456,8,5.149331751987945,96.66499999999999
DHSD,S68R,68.0,O14521,0,98.25,98.14727272727272,8,5.0987776071536315,98.35125
DYN2,P263Q,263.0,P50570,0,92.5,94.59727272727272,5,5.115412883785356,94.164
KNL1,K1285E,1285.0,Q8NG31,0,32.66,30.55909090909091,4,4.610241448665958,34.0025
SMCA4,D1528E,1528.0,P51532,0,95.0,94.31727272727271,10,5.648352667729186,94.41299999999998
BCOR,D420E,420.0,Q6W2J9,0,34.69,34.951818181818176,4,5.270922849975245,32.705
ASXL1,S1253R,1253.0,Q8IXJ9,0,38.41,34.13272727272727,4,5.399076674808734,34.7125
FANCA,E647D,647.0,O15360,0,52.81,55.33090909090909,8,5.431941860522102,55.8775
MTOR,D1472E,1472.0,P42345,0,72.5,81.85818181818182,7,5.958774701885787,82.07142857142857
KTN1,R354W,354.0,Q86UP2,0,88.80999999999999,88.26636363636364,8,5.071166975690014,88.31125
FUBP1,S401R,401.0,Q96AE4,0,92.25,90.87454545454545,8,5.103126356838944,91.24125000000001
SMCA4,K471N,471.0,P51532,0,89.38,88.79545454545455,8,5.111275674327096,88.71000000000001
TENA,R797W,797.0,P24821,0,85.44000000000001,82.00454545454546,8,5.780056765448792,86.0775
SF3B1,R702W,702.0,O75533,0,94.75,94.30636363636363,14,5.717438303115537,93.4457142857143
C2TA,V782E,782.0,P33076,0,84.0,80.02454545454545,11,5.749431033832963,82.32545454545455
FLT3,D7V,7.0,P36888,0,39.88,38.370000000000005,4,5.304121665843395,38.195
CSMD3,S978R,978.0,Q7Z407,0,58.06,69.74363636363637,18,6.131534465623174,61.71888888888888
SDHA,N228K,228.0,P31040,0,94.69,97.7781818181818,4,5.065657044788503,97.155
UBP8,F619L,619.0,P40818,0,32.09000000000001,31.798181818181817,4,5.42175842230239,30.6325
KNL1,R102Q,102.0,Q8NG31,0,26.19,29.795454545454547,4,5.484612323857752,29.9725
CSMD3,D1025E,1025.0,Q7Z407,0,65.12,69.03909090909092,11,6.062911974789039,48.88818181818181
ASXL1,P815Q,815.0,Q8IXJ9,0,37.94,33.03727272727272,4,5.2597820475343475,33.572500000000005
CDN1A,P4Q,4.0,P38936,0,54.94,53.175555555555555,4,5.175818136022672,52.6275
KDM6A,Q1037H,1037.0,O15550,0,97.56,97.44818181818182,8,5.180121452811964,97.59375
MDM4,K468N,468.0,O15151,0,96.44,96.32363636363635,13,5.947310934710974,96.26
ERBB2,S1235R,1235.0,P04626,0,29.77,27.829090909090908,4,5.509795886855472,29.12
CTNB1,L774M,774.0,P35222,0,26.69,26.762727272727272,5,5.408623466617361,24.89
CSF3R,M231R,231.0,Q99062,0,90.12,88.63000000000001,10,5.960440580016377,89.99300000000002
CSF1R,V279L,279.0,P07333,0,97.06000000000002,95.10727272727273,13,5.95356483734164,95.95538461538462
NSD1,E583D,583.0,Q96L73,0,28.61,29.946363636363632,4,4.866927099717312,30.220000000000002
IL6RB,G148C,148.0,P40189,0,90.94,92.3590909090909,10,6.156797902382321,92.807
UBP8,Q432H,432.0,P40818,0,28.67,31.163636363636364,4,5.371320604902433,30.530000000000005
CASP9,L106F,106.0,P55211,0,28.88,27.78818181818182,4,5.159113575647631,25.919999999999995
JAK1,Q1126H,1126.0,P23458,0,96.5,96.38181818181819,8,5.122035940664085,96.40875
ARHGA,G1181S,1181.0,O15013,0,94.25,95.57272727272729,13,5.285353819118274,95.02923076923078
MSH6,N751K,751.0,P52701,0,66.12,69.79727272727273,5,5.033637226247647,66.28
NAB2,P211T,211.0,Q15742,0,47.19,40.27454545454546,4,5.380677384252128,39.21
C2TA,L45M,45.0,P33076,0,33.25,36.20454545454545,6,5.032758699987567,34.75000000000001
CBL,L620V,620.0,P22681,0,35.22,33.39363636363637,4,5.235921081258423,36.71
EED,L207M,207.0,O75530,0,98.94,98.74454545454546,12,5.766522619510426,98.88833333333334
PTC1,S547R,547.0,Q13635,0,91.38,91.4709090909091,10,5.726048895411262,92.143
TSC2,Q370H,370.0,P49815,0,85.88,85.18636363636364,8,5.318169516212732,85.2325
HNF1A,A98D,98.0,P20823,0,87.31,85.09090909090911,8,5.102395492628746,84.9225
ANDR,E213D,213.0,P10275,0,28.77,31.38909090909091,4,5.364052834604465,30.9725
CAR11,D533E,533.0,Q9BXL7,0,38.31,38.723636363636366,4,5.41529259553311,37.8975
ZEB1,I804T,804.0,P37275,0,44.69,36.32454545454546,4,5.1735309494140855,31.4075
VGFR3,T494S,494.0,P35916,0,75.18999999999998,81.47272727272728,9,6.065497233907866,82.74333333333334
STAT3,N581K,581.0,P40763,0,93.19,94.38090909090907,10,5.614562402765682,92.83099999999999
VGFR3,R1146P,1146.0,P35916,0,95.0,93.85272727272728,8,5.154467385530407,93.805
